{"type": "FeatureCollection", "features": [{"type": "Feature", "id": "emc_amb_sos_car_censo_arboreo_comuna.fid--215d4958_1a10e591eea_-d8", "geometry": {"type": "MultiPolygon", "coordinates": [[[[-76.558943, 3.46298], [-76.558934, 3.462976], [-76.558924, 3.462977], [-76.558904, 3.462972], [-76.558882, 3.462972], [-76.558872, 3.462973], [-76.558862, 3.462972], [-76.558849, 3.46297], [-76.558839, 3.462969], [-76.558827, 3.462967], [-76.558817, 3.462965], [-76.558774, 3.462968], [-76.558765, 3.462966], [-76.558752, 3.462964], [-76.558722, 3.462969], [-76.558713, 3.462967], [-76.558677, 3.462964], [-76.55865, 3.462961], [-76.558637, 3.462962], [-76.558628, 3.462963], [-76.558624, 3.462963], [-76.558605, 3.462964], [-76.558591, 3.462965], [-76.558567, 3.462967], [-76.558556, 3.462969], [-76.558542, 3.462972], [-76.55851, 3.462968], [-76.558499, 3.46297], [-76.558486, 3.462971], [-76.558476, 3.462971], [-76.558464, 3.462971], [-76.558453, 3.462971], [-76.55843, 3.462973], [-76.558404, 3.462978], [-76.558395, 3.46298], [-76.558386, 3.462983], [-76.558377, 3.462987], [-76.558359, 3.462992], [-76.55835, 3.462995], [-76.558338, 3.462998], [-76.558328, 3.463001], [-76.558319, 3.463003], [-76.558307, 3.463006], [-76.55827, 3.463017], [-76.558263, 3.463019], [-76.55823, 3.463034], [-76.55822, 3.463039], [-76.558209, 3.463043], [-76.558188, 3.463055], [-76.558179, 3.463059], [-76.55817, 3.463064], [-76.558153, 3.463071], [-76.55814, 3.463079], [-76.558131, 3.463085], [-76.558124, 3.46309], [-76.558115, 3.463096], [-76.558098, 3.463112], [-76.558064, 3.463134], [-76.558057, 3.463139], [-76.558043, 3.463157], [-76.558036, 3.463162], [-76.558023, 3.463176], [-76.558015, 3.463181], [-76.558008, 3.463188], [-76.557993, 3.463198], [-76.557984, 3.463205], [-76.557969, 3.463218], [-76.55796, 3.463227], [-76.557953, 3.463233], [-76.557941, 3.463246], [-76.557931, 3.463256], [-76.557923, 3.463265], [-76.557917, 3.46327], [-76.557894, 3.463294], [-76.557886, 3.463302], [-76.557877, 3.463309], [-76.557861, 3.463327], [-76.557852, 3.463334], [-76.557841, 3.463343], [-76.557833, 3.463347], [-76.55782, 3.463356], [-76.557808, 3.463364], [-76.557798, 3.463373], [-76.557787, 3.46338], [-76.557778, 3.463384], [-76.557766, 3.463388], [-76.557755, 3.46339], [-76.557714, 3.463405], [-76.557704, 3.463412], [-76.557693, 3.463417], [-76.557679, 3.463422], [-76.557666, 3.463425], [-76.557642, 3.463425], [-76.557624, 3.463419], [-76.557604, 3.463404], [-76.557581, 3.463386], [-76.557566, 3.463373], [-76.557549, 3.463361], [-76.55754, 3.463356], [-76.557531, 3.463352], [-76.55752, 3.463343], [-76.557512, 3.463338], [-76.557506, 3.463332], [-76.557484, 3.463319], [-76.55747, 3.463306], [-76.557463, 3.4633], [-76.557461, 3.463299], [-76.557451, 3.463291], [-76.55744, 3.463281], [-76.557431, 3.463274], [-76.557415, 3.463259], [-76.557407, 3.463251], [-76.557399, 3.463243], [-76.557388, 3.463236], [-76.557369, 3.463223], [-76.557362, 3.463214], [-76.557356, 3.463205], [-76.55735, 3.463198], [-76.557335, 3.463184], [-76.557329, 3.463175], [-76.557324, 3.463167], [-76.557314, 3.463151], [-76.557296, 3.463128], [-76.55729, 3.463114], [-76.557285, 3.463105], [-76.557271, 3.463081], [-76.557262, 3.463071], [-76.557256, 3.463062], [-76.55725, 3.463053], [-76.557219, 3.463031], [-76.557199, 3.463016], [-76.557186, 3.463002], [-76.55718, 3.462994], [-76.557171, 3.462983], [-76.557165, 3.462976], [-76.557158, 3.462968], [-76.55715, 3.46296], [-76.557142, 3.462953], [-76.557136, 3.462946], [-76.557135, 3.462945], [-76.557133, 3.462942], [-76.557127, 3.462937], [-76.557111, 3.462919], [-76.557104, 3.462911], [-76.557097, 3.462902], [-76.557089, 3.462891], [-76.557087, 3.462887], [-76.557081, 3.462881], [-76.557081, 3.462882], [-76.557063, 3.46284], [-76.557048, 3.462806], [-76.557019, 3.462771], [-76.557016, 3.462767], [-76.55701, 3.462757], [-76.55699, 3.462727], [-76.556967, 3.462703], [-76.556958, 3.462694], [-76.556936, 3.462672], [-76.556899, 3.46264], [-76.556887, 3.46263], [-76.556882, 3.462625], [-76.556865, 3.462612], [-76.556859, 3.462606], [-76.556857, 3.462605], [-76.556842, 3.462587], [-76.55683, 3.462582], [-76.556828, 3.46258], [-76.556823, 3.462572], [-76.556817, 3.462564], [-76.556811, 3.462557], [-76.556802, 3.462549], [-76.556793, 3.462541], [-76.556785, 3.46253], [-76.55678, 3.462519], [-76.55677, 3.462509], [-76.556766, 3.462504], [-76.556761, 3.4625], [-76.556752, 3.462494], [-76.556742, 3.46249], [-76.55672, 3.462457], [-76.556706, 3.462434], [-76.556698, 3.462425], [-76.556693, 3.462417], [-76.556678, 3.4624], [-76.556674, 3.462395], [-76.55667, 3.46239], [-76.556663, 3.462379], [-76.556656, 3.46237], [-76.556653, 3.462367], [-76.556638, 3.462348], [-76.556631, 3.462338], [-76.55662, 3.462319], [-76.556614, 3.462309], [-76.556607, 3.462299], [-76.556601, 3.462289], [-76.556595, 3.462278], [-76.556592, 3.462273], [-76.556584, 3.46226], [-76.556584, 3.462259], [-76.556576, 3.462245], [-76.556569, 3.462236], [-76.556563, 3.462226], [-76.556552, 3.462209], [-76.556544, 3.462199], [-76.556537, 3.462189], [-76.55653, 3.46218], [-76.556523, 3.462168], [-76.556515, 3.462157], [-76.556509, 3.462146], [-76.556502, 3.462135], [-76.556495, 3.462124], [-76.556488, 3.462114], [-76.556481, 3.462101], [-76.55648, 3.462099], [-76.556465, 3.462067], [-76.556455, 3.462049], [-76.556448, 3.462036], [-76.556441, 3.462024], [-76.55643, 3.46201], [-76.556422, 3.461998], [-76.556409, 3.461971], [-76.556403, 3.461959], [-76.556397, 3.461949], [-76.556391, 3.461938], [-76.556384, 3.461926], [-76.556378, 3.461915], [-76.556362, 3.461891], [-76.556353, 3.461869], [-76.556349, 3.46186], [-76.556343, 3.461851], [-76.556335, 3.461841], [-76.556323, 3.461823], [-76.556317, 3.461816], [-76.556281, 3.461756], [-76.556276, 3.461746], [-76.55627, 3.461736], [-76.556253, 3.461706], [-76.556249, 3.461698], [-76.556243, 3.461691], [-76.556238, 3.461683], [-76.55621, 3.461649], [-76.556204, 3.461639], [-76.556191, 3.461617], [-76.556183, 3.461605], [-76.556174, 3.461594], [-76.556165, 3.461581], [-76.556155, 3.461568], [-76.556146, 3.461557], [-76.556138, 3.461546], [-76.556131, 3.461539], [-76.556125, 3.46153], [-76.556118, 3.461521], [-76.55611, 3.461512], [-76.556103, 3.461503], [-76.556095, 3.461494], [-76.556088, 3.461486], [-76.556074, 3.461468], [-76.556068, 3.461459], [-76.556059, 3.461449], [-76.556051, 3.461438], [-76.556042, 3.461427], [-76.556032, 3.461417], [-76.556023, 3.461408], [-76.556018, 3.461403], [-76.556004, 3.46139], [-76.555992, 3.461381], [-76.555981, 3.461374], [-76.555971, 3.461366], [-76.55596, 3.46136], [-76.555951, 3.461352], [-76.555939, 3.461344], [-76.555927, 3.461337], [-76.555915, 3.461331], [-76.555905, 3.461323], [-76.555895, 3.461317], [-76.555885, 3.461312], [-76.555877, 3.461308], [-76.555868, 3.461304], [-76.555859, 3.4613], [-76.555851, 3.461295], [-76.555838, 3.461291], [-76.555827, 3.461289], [-76.555808, 3.461287], [-76.555738, 3.461268], [-76.55572, 3.461265], [-76.55571, 3.461264], [-76.555682, 3.46126], [-76.55566, 3.46126], [-76.555642, 3.46126], [-76.555629, 3.461262], [-76.555618, 3.461263], [-76.555561, 3.46127], [-76.555537, 3.461276], [-76.555526, 3.461279], [-76.555503, 3.461279], [-76.555493, 3.461282], [-76.555484, 3.461284], [-76.555475, 3.461287], [-76.555453, 3.461291], [-76.555444, 3.461294], [-76.555431, 3.461298], [-76.555422, 3.461302], [-76.555412, 3.461308], [-76.555393, 3.46131], [-76.555383, 3.461313], [-76.555374, 3.461316], [-76.555355, 3.461322], [-76.555329, 3.461321], [-76.55532, 3.461327], [-76.555312, 3.461331], [-76.555303, 3.461335], [-76.555293, 3.46134], [-76.555248, 3.461353], [-76.555235, 3.46136], [-76.555227, 3.461365], [-76.555217, 3.461371], [-76.555208, 3.461377], [-76.555196, 3.461384], [-76.555185, 3.46139], [-76.555168, 3.461404], [-76.555166, 3.461404], [-76.555158, 3.461408], [-76.555144, 3.461413], [-76.55513, 3.461418], [-76.555116, 3.461429], [-76.555104, 3.461432], [-76.555082, 3.461441], [-76.555072, 3.461446], [-76.55506, 3.461449], [-76.555051, 3.461451], [-76.555028, 3.461459], [-76.55503, 3.461457], [-76.555007, 3.461461], [-76.554966, 3.461467], [-76.554946, 3.46147], [-76.554937, 3.461472], [-76.554926, 3.461482], [-76.554917, 3.461484], [-76.554906, 3.461495], [-76.554895, 3.461504], [-76.554878, 3.461513], [-76.554859, 3.461526], [-76.554805, 3.461544], [-76.554791, 3.461545], [-76.554772, 3.461547], [-76.554761, 3.461548], [-76.554746, 3.461549], [-76.554722, 3.461549], [-76.554692, 3.461552], [-76.554668, 3.461554], [-76.554656, 3.461554], [-76.554647, 3.461555], [-76.554636, 3.461557], [-76.554625, 3.461558], [-76.554613, 3.46156], [-76.554594, 3.461563], [-76.554584, 3.461564], [-76.554572, 3.461566], [-76.554562, 3.461567], [-76.554553, 3.461567], [-76.55454, 3.461566], [-76.55453, 3.461564], [-76.554517, 3.461559], [-76.554507, 3.461552], [-76.554499, 3.461544], [-76.554474, 3.461535], [-76.554467, 3.461526], [-76.55446, 3.461519], [-76.554453, 3.461511], [-76.554447, 3.461502], [-76.554442, 3.461494], [-76.554441, 3.461485], [-76.554437, 3.461464], [-76.554419, 3.461409], [-76.554417, 3.461404], [-76.554408, 3.461382], [-76.554403, 3.461369], [-76.554396, 3.461348], [-76.554392, 3.461335], [-76.554388, 3.461306], [-76.554383, 3.46128], [-76.554381, 3.461267], [-76.554378, 3.461222], [-76.554379, 3.461126], [-76.554379, 3.461114], [-76.554379, 3.461099], [-76.55438, 3.461087], [-76.55438, 3.461076], [-76.554382, 3.461056], [-76.554388, 3.461024], [-76.55439, 3.461015], [-76.554394, 3.460997], [-76.554396, 3.460987], [-76.554398, 3.460977], [-76.5544, 3.460967], [-76.554402, 3.460956], [-76.554407, 3.460934], [-76.55441, 3.460923], [-76.554421, 3.460872], [-76.554423, 3.46086], [-76.554424, 3.460848], [-76.554425, 3.460836], [-76.554427, 3.460826], [-76.554428, 3.460817], [-76.55443, 3.460807], [-76.554433, 3.460794], [-76.554435, 3.460783], [-76.554437, 3.460771], [-76.55444, 3.46076], [-76.554442, 3.460748], [-76.554446, 3.460736], [-76.554449, 3.460725], [-76.554451, 3.460711], [-76.554457, 3.460681], [-76.554459, 3.460672], [-76.55446, 3.46066], [-76.554464, 3.460648], [-76.554471, 3.460622], [-76.554474, 3.46061], [-76.554478, 3.460596], [-76.55448, 3.460583], [-76.554488, 3.460547], [-76.554491, 3.460535], [-76.554494, 3.460523], [-76.554496, 3.460509], [-76.554498, 3.460495], [-76.554499, 3.460481], [-76.554501, 3.460468], [-76.554503, 3.460457], [-76.554505, 3.460442], [-76.554511, 3.460398], [-76.554512, 3.460387], [-76.554514, 3.460377], [-76.554514, 3.460367], [-76.554514, 3.460357], [-76.554515, 3.460347], [-76.554517, 3.460321], [-76.554517, 3.460311], [-76.554519, 3.460301], [-76.554521, 3.460275], [-76.554522, 3.460264], [-76.554523, 3.460253], [-76.554524, 3.460241], [-76.554526, 3.460229], [-76.554528, 3.460215], [-76.554529, 3.460202], [-76.554531, 3.46019], [-76.554532, 3.460178], [-76.554537, 3.46014], [-76.554539, 3.46013], [-76.554541, 3.46012], [-76.554544, 3.460101], [-76.554546, 3.460088], [-76.554548, 3.460078], [-76.55455, 3.460067], [-76.554551, 3.460058], [-76.554553, 3.460048], [-76.554554, 3.460036], [-76.554556, 3.460026], [-76.554558, 3.460007], [-76.554559, 3.459996], [-76.55456, 3.459977], [-76.554562, 3.459966], [-76.554565, 3.459956], [-76.554568, 3.459945], [-76.554572, 3.459934], [-76.554575, 3.459924], [-76.55458, 3.459906], [-76.554582, 3.459894], [-76.554583, 3.459885], [-76.554585, 3.459875], [-76.554587, 3.459858], [-76.554623, 3.45978], [-76.554631, 3.459765], [-76.554653, 3.459727], [-76.554577, 3.459727], [-76.554554, 3.459735], [-76.554544, 3.459738], [-76.554251, 3.459836], [-76.55425, 3.459836], [-76.554202, 3.459852], [-76.554172, 3.459862], [-76.554041, 3.459904], [-76.553995, 3.459919], [-76.553735, 3.460025], [-76.553517, 3.460116], [-76.55339, 3.460169], [-76.553244, 3.460219], [-76.553025, 3.460289], [-76.552821, 3.460355], [-76.552659, 3.460398], [-76.552662, 3.460443], [-76.55267, 3.460532], [-76.55267, 3.460534], [-76.55267, 3.460536], [-76.55267, 3.460543], [-76.552675, 3.460603], [-76.552677, 3.460632], [-76.55268, 3.460664], [-76.552683, 3.460702], [-76.552691, 3.460727], [-76.552704, 3.460764], [-76.552713, 3.460798], [-76.552713, 3.460813], [-76.552713, 3.460837], [-76.552713, 3.460861], [-76.55271, 3.460892], [-76.552708, 3.46091], [-76.552703, 3.460925], [-76.5527, 3.460941], [-76.552695, 3.46096], [-76.552691, 3.460971], [-76.552682, 3.460983], [-76.552665, 3.461004], [-76.552649, 3.461019], [-76.552634, 3.461029], [-76.552627, 3.461038], [-76.552615, 3.461047], [-76.552596, 3.461054], [-76.552581, 3.461056], [-76.552555, 3.461057], [-76.552532, 3.461057], [-76.552508, 3.461055], [-76.55249, 3.461049], [-76.552474, 3.461045], [-76.552453, 3.461036], [-76.552445, 3.46103], [-76.552436, 3.461025], [-76.552428, 3.46102], [-76.552419, 3.461016], [-76.552411, 3.461011], [-76.552403, 3.461007], [-76.552394, 3.461003], [-76.552385, 3.460999], [-76.552376, 3.460995], [-76.552367, 3.460993], [-76.552357, 3.460991], [-76.552348, 3.46099], [-76.552339, 3.460989], [-76.552328, 3.460988], [-76.552319, 3.460986], [-76.552309, 3.460985], [-76.5523, 3.460984], [-76.55229, 3.460983], [-76.55228, 3.460982], [-76.552271, 3.460983], [-76.552262, 3.460982], [-76.552253, 3.460981], [-76.552243, 3.46098], [-76.552233, 3.46098], [-76.552223, 3.460977], [-76.552214, 3.460976], [-76.552203, 3.460975], [-76.552194, 3.460975], [-76.552185, 3.460974], [-76.552176, 3.460969], [-76.552168, 3.460962], [-76.552158, 3.460955], [-76.55215, 3.460949], [-76.552145, 3.460942], [-76.55214, 3.460933], [-76.552137, 3.460925], [-76.552133, 3.460918], [-76.552128, 3.460912], [-76.552121, 3.460905], [-76.552114, 3.460898], [-76.552108, 3.460893], [-76.552102, 3.460887], [-76.552094, 3.460882], [-76.552088, 3.460876], [-76.552081, 3.460869], [-76.552075, 3.460865], [-76.552066, 3.460858], [-76.552057, 3.460852], [-76.552047, 3.460844], [-76.552038, 3.460839], [-76.552027, 3.460835], [-76.552017, 3.460831], [-76.552006, 3.460829], [-76.551996, 3.460825], [-76.551986, 3.460823], [-76.551977, 3.460821], [-76.551965, 3.46082], [-76.551955, 3.460819], [-76.551945, 3.460818], [-76.551938, 3.460813], [-76.551928, 3.46081], [-76.551918, 3.460806], [-76.55191, 3.460803], [-76.551902, 3.460795], [-76.551895, 3.460786], [-76.551888, 3.460776], [-76.551882, 3.460766], [-76.551875, 3.460754], [-76.551868, 3.460744], [-76.551861, 3.460735], [-76.551853, 3.460726], [-76.551845, 3.460716], [-76.551838, 3.460708], [-76.551832, 3.460702], [-76.551824, 3.460693], [-76.551816, 3.460686], [-76.551813, 3.460683], [-76.551807, 3.460678], [-76.551798, 3.460672], [-76.551789, 3.460667], [-76.55178, 3.460661], [-76.55177, 3.460655], [-76.551762, 3.46065], [-76.551752, 3.460646], [-76.551741, 3.460642], [-76.551731, 3.46064], [-76.551721, 3.46064], [-76.551711, 3.460638], [-76.5517, 3.460635], [-76.551683, 3.460629], [-76.551672, 3.460618], [-76.551659, 3.4606], [-76.551658, 3.460587], [-76.551658, 3.460576], [-76.551658, 3.460565], [-76.551658, 3.460565], [-76.551658, 3.460556], [-76.551658, 3.460546], [-76.551655, 3.460536], [-76.551651, 3.460525], [-76.551643, 3.460516], [-76.551635, 3.46051], [-76.551621, 3.460509], [-76.551608, 3.460511], [-76.551598, 3.460514], [-76.551589, 3.460517], [-76.551577, 3.46052], [-76.551567, 3.460524], [-76.551556, 3.460528], [-76.551553, 3.460529], [-76.551545, 3.460532], [-76.551534, 3.460535], [-76.551523, 3.460536], [-76.551514, 3.460539], [-76.551505, 3.460541], [-76.551495, 3.460544], [-76.551485, 3.460546], [-76.551475, 3.460549], [-76.551465, 3.460552], [-76.551456, 3.460554], [-76.551447, 3.460555], [-76.551437, 3.460556], [-76.551427, 3.460557], [-76.551417, 3.460558], [-76.551407, 3.460557], [-76.551394, 3.460555], [-76.551383, 3.460553], [-76.551373, 3.46055], [-76.551362, 3.460546], [-76.551352, 3.460543], [-76.551341, 3.460539], [-76.55133, 3.460535], [-76.55132, 3.460531], [-76.551308, 3.460526], [-76.551297, 3.460523], [-76.551285, 3.460518], [-76.551276, 3.460516], [-76.551266, 3.460513], [-76.551255, 3.46051], [-76.551246, 3.460508], [-76.551236, 3.460504], [-76.551225, 3.460499], [-76.551218, 3.460494], [-76.551208, 3.460487], [-76.5512, 3.460481], [-76.551193, 3.460475], [-76.551185, 3.460468], [-76.551176, 3.460461], [-76.551168, 3.460455], [-76.551159, 3.460448], [-76.55115, 3.460441], [-76.551142, 3.460432], [-76.551133, 3.460424], [-76.551126, 3.460416], [-76.551122, 3.460411], [-76.55112, 3.460408], [-76.551115, 3.460401], [-76.551114, 3.460398], [-76.551111, 3.460393], [-76.551106, 3.460382], [-76.551103, 3.460374], [-76.551097, 3.460363], [-76.551093, 3.460354], [-76.551067, 3.460329], [-76.551027, 3.46039], [-76.551004, 3.460496], [-76.550663, 3.460427], [-76.550585, 3.460477], [-76.550463, 3.460519], [-76.550352, 3.460544], [-76.55026, 3.460377], [-76.550257, 3.460371], [-76.550307, 3.460304], [-76.550259, 3.460026], [-76.550252, 3.460019], [-76.550243, 3.460012], [-76.550235, 3.460005], [-76.550229, 3.459996], [-76.550223, 3.45999], [-76.550217, 3.459983], [-76.550213, 3.459974], [-76.550211, 3.459963], [-76.550209, 3.459954], [-76.550205, 3.459945], [-76.550201, 3.459937], [-76.550197, 3.459928], [-76.550191, 3.45992], [-76.550186, 3.459912], [-76.550179, 3.459903], [-76.550171, 3.459896], [-76.550167, 3.459889], [-76.550161, 3.459881], [-76.550154, 3.459874], [-76.550147, 3.459869], [-76.550141, 3.459863], [-76.550136, 3.459856], [-76.550133, 3.459851], [-76.550129, 3.459845], [-76.550125, 3.459839], [-76.55012, 3.459834], [-76.550112, 3.459825], [-76.550105, 3.459815], [-76.550103, 3.459813], [-76.550089, 3.459808], [-76.550077, 3.459799], [-76.55007, 3.459795], [-76.550062, 3.459788], [-76.550056, 3.459782], [-76.55005, 3.459778], [-76.550044, 3.459768], [-76.550038, 3.459758], [-76.550031, 3.459751], [-76.550021, 3.459743], [-76.549997, 3.459705], [-76.549974, 3.459662], [-76.54997, 3.459651], [-76.549959, 3.459637], [-76.549945, 3.459625], [-76.549935, 3.459623], [-76.549926, 3.45962], [-76.549916, 3.459617], [-76.549908, 3.459613], [-76.549898, 3.459608], [-76.549891, 3.459605], [-76.54989, 3.459604], [-76.549881, 3.459599], [-76.549873, 3.459594], [-76.549866, 3.459587], [-76.549859, 3.459579], [-76.549831, 3.459555], [-76.549782, 3.45951], [-76.54971, 3.459449], [-76.549663, 3.45942], [-76.549618, 3.459402], [-76.54959, 3.459385], [-76.549575, 3.459367], [-76.54957, 3.459351], [-76.549563, 3.459284], [-76.549552, 3.459248], [-76.549547, 3.459232], [-76.549546, 3.459229], [-76.549541, 3.459222], [-76.549487, 3.459169], [-76.549485, 3.459169], [-76.549471, 3.45917], [-76.549457, 3.45918], [-76.549445, 3.459196], [-76.549436, 3.459205], [-76.549427, 3.459212], [-76.549412, 3.459198], [-76.549397, 3.459186], [-76.54938, 3.459174], [-76.549363, 3.45916], [-76.549348, 3.459147], [-76.549337, 3.45914], [-76.549323, 3.459127], [-76.549308, 3.459114], [-76.549293, 3.459101], [-76.549278, 3.459088], [-76.549266, 3.459074], [-76.549261, 3.459062], [-76.54926, 3.45905], [-76.54926, 3.459037], [-76.549259, 3.459025], [-76.549259, 3.45901], [-76.54926, 3.458998], [-76.549259, 3.458985], [-76.549256, 3.458972], [-76.549251, 3.458962], [-76.549245, 3.458952], [-76.549231, 3.458937], [-76.54922, 3.458929], [-76.549209, 3.458924], [-76.549195, 3.45892], [-76.549182, 3.458914], [-76.549171, 3.458904], [-76.54916, 3.458891], [-76.549148, 3.458878], [-76.549135, 3.458865], [-76.549121, 3.458854], [-76.549107, 3.458843], [-76.549093, 3.45883], [-76.549077, 3.458819], [-76.549062, 3.458808], [-76.54905, 3.458799], [-76.549035, 3.45879], [-76.549024, 3.458785], [-76.549009, 3.458781], [-76.548992, 3.45878], [-76.548974, 3.45878], [-76.548957, 3.45878], [-76.548946, 3.458778], [-76.54894, 3.458775], [-76.54893, 3.458783], [-76.548911, 3.458799], [-76.548898, 3.458813], [-76.54889, 3.458825], [-76.548883, 3.458836], [-76.548876, 3.458845], [-76.548865, 3.458857], [-76.548851, 3.458866], [-76.548841, 3.458872], [-76.548827, 3.458879], [-76.54881, 3.458882], [-76.548799, 3.458885], [-76.548799, 3.458882], [-76.548799, 3.45888], [-76.548804, 3.458865], [-76.548807, 3.458852], [-76.54881, 3.458837], [-76.548813, 3.458826], [-76.548806, 3.458814], [-76.548804, 3.4588], [-76.548804, 3.458783], [-76.548803, 3.458769], [-76.548801, 3.458755], [-76.548797, 3.458739], [-76.548793, 3.45872], [-76.548787, 3.4587], [-76.548782, 3.45868], [-76.548778, 3.458669], [-76.548774, 3.458651], [-76.54877, 3.458635], [-76.548764, 3.458624], [-76.54876, 3.458613], [-76.548759, 3.4586], [-76.548758, 3.458587], [-76.548757, 3.458573], [-76.548756, 3.458559], [-76.548755, 3.458548], [-76.548753, 3.458532], [-76.548748, 3.458515], [-76.548743, 3.4585], [-76.548738, 3.458485], [-76.54873, 3.458471], [-76.548722, 3.45846], [-76.548707, 3.458446], [-76.548693, 3.458437], [-76.548679, 3.45843], [-76.548661, 3.458423], [-76.548645, 3.458414], [-76.548631, 3.458402], [-76.548621, 3.458387], [-76.548612, 3.458369], [-76.5486, 3.458345], [-76.548598, 3.45834], [-76.548589, 3.458322], [-76.548576, 3.458303], [-76.548562, 3.458287], [-76.548547, 3.458279], [-76.548535, 3.458275], [-76.548525, 3.458275], [-76.548523, 3.458275], [-76.548507, 3.45828], [-76.548491, 3.458283], [-76.548476, 3.458286], [-76.548464, 3.458286], [-76.548451, 3.45828], [-76.548442, 3.458271], [-76.548435, 3.458259], [-76.548428, 3.458249], [-76.548426, 3.458247], [-76.548419, 3.458242], [-76.548416, 3.458241], [-76.5484, 3.458236], [-76.548386, 3.458231], [-76.548374, 3.458226], [-76.548357, 3.458219], [-76.548345, 3.458218], [-76.548325, 3.458217], [-76.548312, 3.458218], [-76.548297, 3.45822], [-76.548283, 3.458225], [-76.548269, 3.458234], [-76.548263, 3.458241], [-76.548261, 3.458243], [-76.548256, 3.458247], [-76.548249, 3.458253], [-76.548241, 3.458247], [-76.548239, 3.458246], [-76.548239, 3.458241], [-76.548239, 3.458237], [-76.548239, 3.458235], [-76.54824, 3.458215], [-76.54824, 3.458194], [-76.548239, 3.458173], [-76.548238, 3.458158], [-76.548236, 3.458141], [-76.548231, 3.458127], [-76.548224, 3.458115], [-76.548218, 3.458103], [-76.548211, 3.458087], [-76.548202, 3.458076], [-76.548187, 3.458062], [-76.548169, 3.458045], [-76.548151, 3.458027], [-76.548135, 3.458008], [-76.548122, 3.457991], [-76.548113, 3.457978], [-76.548106, 3.457967], [-76.548106, 3.457955], [-76.548104, 3.457941], [-76.548103, 3.457925], [-76.548101, 3.457912], [-76.548099, 3.457898], [-76.548098, 3.457894], [-76.548096, 3.457881], [-76.548094, 3.457864], [-76.54809, 3.457851], [-76.548084, 3.457836], [-76.548079, 3.457824], [-76.548073, 3.457813], [-76.548065, 3.457801], [-76.548055, 3.457795], [-76.548041, 3.45779], [-76.548026, 3.457787], [-76.548011, 3.457781], [-76.547997, 3.457772], [-76.547987, 3.457756], [-76.547982, 3.457742], [-76.54798, 3.457736], [-76.547977, 3.457727], [-76.547974, 3.457716], [-76.547947, 3.457742], [-76.547943, 3.457745], [-76.547942, 3.457751], [-76.547939, 3.457752], [-76.547931, 3.457755], [-76.547915, 3.457762], [-76.547899, 3.457769], [-76.547882, 3.457776], [-76.547867, 3.457782], [-76.547854, 3.457785], [-76.547837, 3.45779], [-76.547826, 3.457792], [-76.547813, 3.457796], [-76.547805, 3.457797], [-76.547806, 3.457785], [-76.547828, 3.457757], [-76.547842, 3.457742], [-76.547844, 3.45774], [-76.547851, 3.45773], [-76.547848, 3.457719], [-76.547842, 3.457704], [-76.547832, 3.457691], [-76.547823, 3.457676], [-76.547815, 3.457659], [-76.547809, 3.457645], [-76.547803, 3.457632], [-76.547801, 3.457629], [-76.547796, 3.457619], [-76.547788, 3.457605], [-76.547778, 3.45759], [-76.547767, 3.457576], [-76.547755, 3.457564], [-76.547744, 3.457554], [-76.547733, 3.457547], [-76.547715, 3.457537], [-76.547704, 3.45753], [-76.547693, 3.457522], [-76.547679, 3.457513], [-76.547665, 3.457506], [-76.547658, 3.457501], [-76.547651, 3.457495], [-76.547581, 3.457433], [-76.547523, 3.457381], [-76.547444, 3.457311], [-76.54744, 3.457306], [-76.547429, 3.457294], [-76.54742, 3.457284], [-76.547408, 3.457271], [-76.5474, 3.457261], [-76.547388, 3.457248], [-76.547378, 3.457238], [-76.547371, 3.457229], [-76.547363, 3.457219], [-76.547355, 3.457208], [-76.547342, 3.457195], [-76.547329, 3.457181], [-76.547321, 3.457171], [-76.547313, 3.45716], [-76.547304, 3.457147], [-76.547296, 3.457136], [-76.547289, 3.457124], [-76.547279, 3.457111], [-76.547272, 3.4571], [-76.547261, 3.457087], [-76.547251, 3.457077], [-76.547242, 3.457063], [-76.547234, 3.457052], [-76.547226, 3.457033], [-76.547222, 3.457031], [-76.546969, 3.45691], [-76.547099, 3.456707], [-76.547247, 3.456558], [-76.54743, 3.456426], [-76.547681, 3.456259], [-76.547875, 3.45621], [-76.547902, 3.456204], [-76.547917, 3.456182], [-76.547942, 3.456145], [-76.547985, 3.456108], [-76.548031, 3.45608], [-76.548093, 3.45607], [-76.548198, 3.456055], [-76.548296, 3.456021], [-76.548373, 3.455984], [-76.548466, 3.455956], [-76.548548, 3.455897], [-76.548401, 3.455693], [-76.548193, 3.455406], [-76.547994, 3.455145], [-76.547969, 3.455063], [-76.547964, 3.454997], [-76.547979, 3.45492], [-76.54802, 3.454859], [-76.548055, 3.454803], [-76.548185, 3.454715], [-76.548308, 3.454648], [-76.548351, 3.454625], [-76.54845, 3.45457], [-76.54926, 3.454118], [-76.549368, 3.454064], [-76.54962, 3.453946], [-76.549665, 3.453883], [-76.549683, 3.453847], [-76.549845, 3.453711], [-76.54989, 3.453675], [-76.550232, 3.453784], [-76.550304, 3.453811], [-76.550367, 3.453829], [-76.550511, 3.453874], [-76.55061, 3.453901], [-76.550691, 3.453919], [-76.550772, 3.453919], [-76.550853, 3.453919], [-76.550889, 3.453919], [-76.550952, 3.453919], [-76.550997, 3.45391], [-76.551141, 3.453901], [-76.551177, 3.453892], [-76.551348, 3.453883], [-76.551483, 3.453865], [-76.551591, 3.453838], [-76.551663, 3.453811], [-76.551726, 3.453793], [-76.551879, 3.453729], [-76.552086, 3.453648], [-76.552158, 3.453621], [-76.552446, 3.453512], [-76.552725, 3.453413], [-76.552887, 3.453359], [-76.553157, 3.453259], [-76.553211, 3.453232], [-76.553265, 3.453196], [-76.55331, 3.453169], [-76.553355, 3.453124], [-76.553418, 3.453051], [-76.553499, 3.45297], [-76.553571, 3.452888], [-76.55367, 3.45278], [-76.553733, 3.452717], [-76.553805, 3.452635], [-76.554102, 3.45231], [-76.554201, 3.452201], [-76.554363, 3.452029], [-76.554498, 3.451885], [-76.554534, 3.451849], [-76.554552, 3.451821], [-76.554588, 3.451776], [-76.554615, 3.451731], [-76.554633, 3.451686], [-76.554651, 3.451631], [-76.554705, 3.451433], [-76.554714, 3.451387], [-76.554723, 3.45136], [-76.554732, 3.451333], [-76.554759, 3.451288], [-76.554786, 3.451252], [-76.554813, 3.451206], [-76.554849, 3.451179], [-76.554894, 3.451143], [-76.554939, 3.451125], [-76.555002, 3.451107], [-76.555101, 3.45108], [-76.555452, 3.450989], [-76.556406, 3.450745], [-76.55646, 3.450727], [-76.556514, 3.4507], [-76.556559, 3.450673], [-76.556604, 3.450637], [-76.55664, 3.450601], [-76.556676, 3.450555], [-76.556833, 3.450384], [-76.556991, 3.450212], [-76.557036, 3.450185], [-76.557072, 3.450157], [-76.557117, 3.450139], [-76.557171, 3.450121], [-76.557187, 3.450118], [-76.557187, 3.450121], [-76.557237, 3.450113], [-76.557251, 3.450111], [-76.557251, 3.450111], [-76.557256, 3.45011], [-76.557283, 3.450106], [-76.557283, 3.450106], [-76.557283, 3.450106], [-76.557289, 3.450105], [-76.557305, 3.450103], [-76.557305, 3.450101], [-76.557305, 3.450064], [-76.557305, 3.448963], [-76.557305, 3.448901], [-76.55741, 3.44896], [-76.557451, 3.448981], [-76.557502, 3.449007], [-76.557572, 3.449037], [-76.557646, 3.448992], [-76.557671, 3.448924], [-76.55769, 3.448875], [-76.557762, 3.448685], [-76.557815, 3.448432], [-76.557818, 3.448411], [-76.557851, 3.448213], [-76.557902, 3.448068], [-76.557958, 3.447906], [-76.558026, 3.447786], [-76.558105, 3.447689], [-76.558107, 3.447685], [-76.558212, 3.447599], [-76.55823, 3.44759], [-76.558369, 3.447525], [-76.558588, 3.447458], [-76.558838, 3.44741], [-76.55909, 3.447371], [-76.559242, 3.447371], [-76.559343, 3.447399], [-76.559417, 3.447447], [-76.559452, 3.447503], [-76.559483, 3.447553], [-76.559502, 3.447648], [-76.559509, 3.447687], [-76.559524, 3.447724], [-76.559598, 3.447905], [-76.559634, 3.447993], [-76.559684, 3.448084], [-76.559749, 3.448163], [-76.559766, 3.448177], [-76.559855, 3.448251], [-76.559949, 3.448321], [-76.559968, 3.448338], [-76.560032, 3.448398], [-76.560236, 3.448484], [-76.560447, 3.448557], [-76.560554, 3.448575], [-76.560693, 3.448599], [-76.560918, 3.448652], [-76.561221, 3.448708], [-76.561409, 3.448751], [-76.561649, 3.448788], [-76.561828, 3.448821], [-76.561909, 3.448827], [-76.561937, 3.448822], [-76.562159, 3.448797], [-76.562185, 3.448794], [-76.562547, 3.448759], [-76.562637, 3.448759], [-76.562712, 3.448758], [-76.562779, 3.448757], [-76.562939, 3.448763], [-76.562963, 3.448764], [-76.563044, 3.448765], [-76.563119, 3.448744], [-76.563297, 3.448709], [-76.56332, 3.448703], [-76.563326, 3.448702], [-76.563343, 3.448693], [-76.563344, 3.448693], [-76.563371, 3.448684], [-76.563389, 3.448675], [-76.563416, 3.448666], [-76.563434, 3.448656], [-76.563461, 3.448638], [-76.563497, 3.44862], [-76.563524, 3.448602], [-76.563542, 3.448584], [-76.56356, 3.448566], [-76.563578, 3.448539], [-76.563605, 3.448512], [-76.56361, 3.448501], [-76.563614, 3.448494], [-76.563622, 3.448468], [-76.563641, 3.448403], [-76.563659, 3.448376], [-76.563695, 3.448367], [-76.563791, 3.448335], [-76.563803, 3.448331], [-76.563808, 3.448326], [-76.563812, 3.448322], [-76.563857, 3.448304], [-76.563879, 3.448304], [-76.563902, 3.448304], [-76.563929, 3.448304], [-76.563947, 3.448304], [-76.563974, 3.448304], [-76.564082, 3.448313], [-76.5641, 3.448313], [-76.564108, 3.448316], [-76.564127, 3.448322], [-76.564143, 3.448322], [-76.564145, 3.448322], [-76.564147, 3.448323], [-76.564172, 3.44834], [-76.564194, 3.448352], [-76.564289, 3.448403], [-76.564307, 3.448415], [-76.564316, 3.448421], [-76.564355, 3.448448], [-76.56437, 3.448458], [-76.564388, 3.448467], [-76.564415, 3.448476], [-76.564433, 3.448494], [-76.564496, 3.448584], [-76.564545, 3.448654], [-76.564559, 3.448675], [-76.564577, 3.448711], [-76.564586, 3.448729], [-76.564604, 3.448756], [-76.564613, 3.448819], [-76.564631, 3.448874], [-76.56464, 3.448901], [-76.56464, 3.448928], [-76.564635, 3.448946], [-76.564631, 3.448964], [-76.564631, 3.448982], [-76.564658, 3.449063], [-76.564691, 3.449194], [-76.564703, 3.449244], [-76.564712, 3.449262], [-76.564712, 3.449262], [-76.564721, 3.44929], [-76.564721, 3.449308], [-76.56473, 3.449326], [-76.56473, 3.449344], [-76.564739, 3.449371], [-76.564748, 3.449407], [-76.564748, 3.449413], [-76.564748, 3.449434], [-76.564748, 3.449461], [-76.564757, 3.449498], [-76.564757, 3.449516], [-76.564757, 3.449525], [-76.564757, 3.449543], [-76.564766, 3.449552], [-76.564775, 3.44957], [-76.564784, 3.449588], [-76.564802, 3.449606], [-76.56482, 3.449625], [-76.564829, 3.449633], [-76.564856, 3.449651], [-76.564874, 3.449669], [-76.564892, 3.449678], [-76.56491, 3.449687], [-76.564915, 3.44969], [-76.564946, 3.449706], [-76.564964, 3.449715], [-76.564975, 3.449726], [-76.564982, 3.449733], [-76.565, 3.449742], [-76.565027, 3.449769], [-76.565045, 3.449778], [-76.56505, 3.449778], [-76.565072, 3.449778], [-76.565099, 3.449796], [-76.565123, 3.449804], [-76.565126, 3.449805], [-76.565162, 3.449823], [-76.565163, 3.449824], [-76.56518, 3.449832], [-76.565183, 3.449834], [-76.565189, 3.449838], [-76.565189, 3.449838], [-76.565207, 3.44985], [-76.565234, 3.449868], [-76.565252, 3.449877], [-76.565279, 3.449886], [-76.565306, 3.449895], [-76.565342, 3.449895], [-76.565369, 3.449895], [-76.565396, 3.449895], [-76.565423, 3.449895], [-76.56545, 3.449886], [-76.565477, 3.449886], [-76.565495, 3.449886], [-76.565522, 3.449886], [-76.565549, 3.449877], [-76.565576, 3.449877], [-76.565594, 3.449868], [-76.56563, 3.449868], [-76.565666, 3.449859], [-76.565675, 3.449859], [-76.565756, 3.449814], [-76.565783, 3.449805], [-76.565793, 3.449799], [-76.565846, 3.449769], [-76.565846, 3.449769], [-76.565882, 3.44976], [-76.565963, 3.449733], [-76.566122, 3.449645], [-76.566161, 3.449624], [-76.566206, 3.449606], [-76.566242, 3.449579], [-76.566246, 3.449576], [-76.566278, 3.449552], [-76.566305, 3.449534], [-76.566372, 3.449504], [-76.566386, 3.449498], [-76.566431, 3.44948], [-76.566494, 3.449452], [-76.566539, 3.449434], [-76.566638, 3.449371], [-76.566683, 3.449344], [-76.566713, 3.449317], [-76.566773, 3.449262], [-76.566827, 3.449244], [-76.566911, 3.449221], [-76.566926, 3.449217], [-76.566944, 3.449208], [-76.566971, 3.449199], [-76.567007, 3.44919], [-76.567025, 3.449181], [-76.567061, 3.449181], [-76.567076, 3.449177], [-76.567097, 3.449172], [-76.567124, 3.449172], [-76.567221, 3.449165], [-76.567241, 3.449163], [-76.567284, 3.449163], [-76.567286, 3.449163], [-76.56734, 3.449172], [-76.567385, 3.449172], [-76.56743, 3.449172], [-76.567479, 3.449164], [-76.567484, 3.449163], [-76.5675, 3.449163], [-76.567528, 3.449163], [-76.567529, 3.449163], [-76.567574, 3.449163], [-76.567583, 3.449163], [-76.567619, 3.449163], [-76.567655, 3.449154], [-76.567682, 3.449154], [-76.567763, 3.449163], [-76.567826, 3.449163], [-76.567833, 3.449164], [-76.567889, 3.449172], [-76.567891, 3.449172], [-76.567943, 3.449172], [-76.568015, 3.449163], [-76.568051, 3.449163], [-76.568087, 3.449154], [-76.568123, 3.449145], [-76.568249, 3.449109], [-76.568384, 3.449055], [-76.568456, 3.449018], [-76.568472, 3.449003], [-76.568504, 3.448975], [-76.568537, 3.448946], [-76.568613, 3.448908], [-76.568681, 3.448874], [-76.568694, 3.448864], [-76.568744, 3.448828], [-76.568816, 3.448801], [-76.568829, 3.448793], [-76.568906, 3.448747], [-76.568969, 3.448756], [-76.568981, 3.448759], [-76.569014, 3.448765], [-76.569176, 3.448828], [-76.56919, 3.448833], [-76.569293, 3.448865], [-76.569353, 3.448897], [-76.56941, 3.448928], [-76.56945, 3.44895], [-76.569451, 3.44895], [-76.569463, 3.448959], [-76.569477, 3.448969], [-76.569491, 3.448979], [-76.569497, 3.448984], [-76.569509, 3.448992], [-76.569522, 3.449001], [-76.569534, 3.44901], [-76.569546, 3.449019], [-76.569547, 3.44902], [-76.569558, 3.449028], [-76.56957, 3.449036], [-76.569571, 3.449037], [-76.569582, 3.449045], [-76.569583, 3.449045], [-76.569583, 3.449046], [-76.569594, 3.449054], [-76.569607, 3.449063], [-76.569618, 3.449071], [-76.569632, 3.449081], [-76.569632, 3.449081], [-76.569634, 3.449082], [-76.569646, 3.449091], [-76.569655, 3.449098], [-76.569668, 3.449107], [-76.569679, 3.449115], [-76.569758, 3.449172], [-76.569868, 3.449212], [-76.569925, 3.44926], [-76.570008, 3.449313], [-76.570096, 3.449384], [-76.570188, 3.449419], [-76.570275, 3.449454], [-76.570319, 3.449472], [-76.570398, 3.449502], [-76.570464, 3.449524], [-76.570573, 3.449533], [-76.570573, 3.449533], [-76.570678, 3.449555], [-76.570757, 3.449586], [-76.570809, 3.449595], [-76.570866, 3.449586], [-76.570866, 3.449586], [-76.570906, 3.449568], [-76.570906, 3.449568], [-76.570932, 3.449577], [-76.570993, 3.44959], [-76.571116, 3.449586], [-76.571116, 3.449586], [-76.571335, 3.44956], [-76.571335, 3.44956], [-76.571362, 3.449556], [-76.571458, 3.449542], [-76.571458, 3.449542], [-76.571576, 3.449538], [-76.571576, 3.449538], [-76.571738, 3.44952], [-76.571738, 3.44952], [-76.571878, 3.449524], [-76.571878, 3.449524], [-76.572001, 3.449507], [-76.572001, 3.449507], [-76.572174, 3.449436], [-76.572248, 3.449375], [-76.572301, 3.449322], [-76.572349, 3.449252], [-76.572401, 3.449186], [-76.572458, 3.449133], [-76.572524, 3.449102], [-76.572581, 3.449093], [-76.572581, 3.449093], [-76.572677, 3.449084], [-76.572677, 3.449084], [-76.572835, 3.449071], [-76.572835, 3.449071], [-76.572927, 3.44908], [-76.572927, 3.44908], [-76.57301, 3.44908], [-76.57301, 3.44908], [-76.573102, 3.449093], [-76.573155, 3.449142], [-76.573207, 3.449181], [-76.573273, 3.44923], [-76.573317, 3.449265], [-76.573378, 3.449304], [-76.573413, 3.449335], [-76.57347, 3.449375], [-76.573527, 3.449414], [-76.573601, 3.449463], [-76.573603, 3.449464], [-76.573733, 3.449511], [-76.573873, 3.449568], [-76.573969, 3.449612], [-76.574066, 3.449639], [-76.574197, 3.449643], [-76.574197, 3.449643], [-76.574315, 3.449643], [-76.574315, 3.449643], [-76.574404, 3.449655], [-76.574508, 3.44967], [-76.574508, 3.44967], [-76.574615, 3.449674], [-76.574615, 3.449674], [-76.574738, 3.449687], [-76.574738, 3.449687], [-76.57486, 3.449683], [-76.574861, 3.449683], [-76.575031, 3.449665], [-76.575031, 3.449665], [-76.575136, 3.449674], [-76.575228, 3.449687], [-76.575285, 3.449705], [-76.575364, 3.449718], [-76.575425, 3.449758], [-76.575465, 3.449775], [-76.575465, 3.449815], [-76.575517, 3.449828], [-76.575552, 3.449819], [-76.575583, 3.44981], [-76.575583, 3.44981], [-76.575605, 3.449833], [-76.575614, 3.449863], [-76.575623, 3.449899], [-76.575675, 3.449956], [-76.575723, 3.449991], [-76.575767, 3.450026], [-76.575833, 3.450044], [-76.57592, 3.450066], [-76.576004, 3.450088], [-76.576113, 3.450088], [-76.576113, 3.450088], [-76.576288, 3.45007], [-76.576288, 3.45007], [-76.576477, 3.450013], [-76.576665, 3.449907], [-76.57677, 3.449841], [-76.576877, 3.449767], [-76.577254, 3.44959], [-76.577341, 3.449577], [-76.577342, 3.449577], [-76.57742, 3.449612], [-76.57746, 3.44963], [-76.57749, 3.449648], [-76.577534, 3.44967], [-76.577578, 3.449696], [-76.577709, 3.449749], [-76.577828, 3.449789], [-76.57792, 3.449789], [-76.57792, 3.449789], [-76.577985, 3.449784], [-76.577985, 3.449784], [-76.578025, 3.449784], [-76.578025, 3.449784], [-76.578077, 3.44978], [-76.578077, 3.44978], [-76.578121, 3.449762], [-76.578156, 3.449736], [-76.578244, 3.449696], [-76.578336, 3.449679], [-76.578336, 3.449679], [-76.578406, 3.449665], [-76.578406, 3.449665], [-76.57848, 3.449674], [-76.578541, 3.449665], [-76.578541, 3.449665], [-76.578611, 3.449665], [-76.578612, 3.449665], [-76.578668, 3.449665], [-76.578669, 3.449665], [-76.578734, 3.44967], [-76.578734, 3.44967], [-76.578809, 3.449679], [-76.578879, 3.449674], [-76.578879, 3.449674], [-76.578957, 3.449657], [-76.578958, 3.449657], [-76.579014, 3.449661], [-76.579067, 3.449687], [-76.579111, 3.449723], [-76.579146, 3.449784], [-76.579185, 3.449859], [-76.579242, 3.449987], [-76.579264, 3.450088], [-76.579295, 3.450163], [-76.579295, 3.450207], [-76.579325, 3.450268], [-76.579382, 3.450325], [-76.579395, 3.450356], [-76.579395, 3.450391], [-76.579395, 3.450427], [-76.579409, 3.450471], [-76.579461, 3.450532], [-76.579531, 3.450647], [-76.579593, 3.450761], [-76.579628, 3.450796], [-76.579715, 3.450898], [-76.579825, 3.451025], [-76.57996, 3.451184], [-76.580122, 3.451395], [-76.580206, 3.451531], [-76.580258, 3.451685], [-76.580263, 3.451826], [-76.580285, 3.451954], [-76.580341, 3.452121], [-76.58042, 3.452249], [-76.580504, 3.452337], [-76.580613, 3.45242], [-76.58072, 3.452473], [-76.58079, 3.452508], [-76.580979, 3.452548], [-76.581066, 3.452579], [-76.581176, 3.452614], [-76.581241, 3.452658], [-76.581333, 3.452746], [-76.581395, 3.452777], [-76.581491, 3.452812], [-76.581544, 3.45286], [-76.581666, 3.45301], [-76.581785, 3.453182], [-76.581999, 3.453459], [-76.58219, 3.453697], [-76.582461, 3.454027], [-76.582684, 3.45419], [-76.582825, 3.454247], [-76.582921, 3.454247], [-76.582921, 3.454247], [-76.583009, 3.454194], [-76.583223, 3.453947], [-76.583477, 3.453653], [-76.583683, 3.453459], [-76.583928, 3.45338], [-76.58423, 3.453389], [-76.58423, 3.453389], [-76.584489, 3.453463], [-76.584686, 3.45356], [-76.584782, 3.453666], [-76.584874, 3.453886], [-76.584879, 3.454071], [-76.584865, 3.454203], [-76.584822, 3.45433], [-76.584699, 3.454559], [-76.584552, 3.454863], [-76.584487, 3.455021], [-76.584443, 3.455193], [-76.584434, 3.455294], [-76.58443, 3.455417], [-76.584482, 3.45558], [-76.584526, 3.455813], [-76.584657, 3.456144], [-76.584657, 3.456144], [-76.583914, 3.456733], [-76.583913, 3.456733], [-76.583849, 3.456784], [-76.583354, 3.457145], [-76.583228, 3.457236], [-76.583176, 3.457228], [-76.583166, 3.457227], [-76.583157, 3.457226], [-76.583148, 3.457226], [-76.583139, 3.457227], [-76.58313, 3.457228], [-76.583121, 3.457229], [-76.583112, 3.457231], [-76.583104, 3.457233], [-76.583095, 3.457235], [-76.583087, 3.457238], [-76.583078, 3.457242], [-76.58307, 3.457246], [-76.583062, 3.45725], [-76.583054, 3.457254], [-76.583047, 3.457259], [-76.58304, 3.457265], [-76.583033, 3.45727], [-76.583026, 3.457276], [-76.583019, 3.457283], [-76.583013, 3.457289], [-76.583001, 3.457297], [-76.582994, 3.457302], [-76.582987, 3.457308], [-76.58298, 3.457314], [-76.582974, 3.45732], [-76.582968, 3.457327], [-76.582962, 3.457334], [-76.582956, 3.457341], [-76.582951, 3.457348], [-76.582946, 3.457356], [-76.582861, 3.457503], [-76.582609, 3.457704], [-76.582605, 3.457711], [-76.582597, 3.457726], [-76.582432, 3.457856], [-76.582337, 3.457932], [-76.582255, 3.457997], [-76.582043, 3.458164], [-76.581832, 3.458332], [-76.581621, 3.458499], [-76.581506, 3.45859], [-76.58137, 3.458698], [-76.58134, 3.458721], [-76.581174, 3.458853], [-76.581008, 3.458984], [-76.58077, 3.459173], [-76.58074, 3.459197], [-76.580005, 3.45978], [-76.579839, 3.459911], [-76.579709, 3.460014], [-76.579687, 3.460007], [-76.579655, 3.459997], [-76.579601, 3.459988], [-76.579601, 3.459987], [-76.579549, 3.459981], [-76.579549, 3.459981], [-76.579494, 3.459984], [-76.579493, 3.459984], [-76.579462, 3.459988], [-76.579427, 3.460002], [-76.579383, 3.460021], [-76.579343, 3.46004], [-76.579282, 3.460073], [-76.579207, 3.460111], [-76.579106, 3.460182], [-76.579054, 3.460216], [-76.579048, 3.460219], [-76.579044, 3.46022], [-76.57904, 3.460222], [-76.579036, 3.460223], [-76.579032, 3.460225], [-76.579028, 3.460226], [-76.579024, 3.460227], [-76.579019, 3.460228], [-76.579015, 3.460229], [-76.579011, 3.46023], [-76.579007, 3.460231], [-76.579003, 3.460232], [-76.578998, 3.460233], [-76.578994, 3.460234], [-76.578994, 3.460234], [-76.57899, 3.460234], [-76.57899, 3.460234], [-76.578985, 3.460235], [-76.578985, 3.460235], [-76.578981, 3.460235], [-76.578981, 3.460235], [-76.578977, 3.460235], [-76.578977, 3.460235], [-76.578972, 3.460236], [-76.578972, 3.460236], [-76.578968, 3.460236], [-76.578968, 3.460236], [-76.578964, 3.460236], [-76.578964, 3.460236], [-76.57896, 3.460236], [-76.578959, 3.460236], [-76.578955, 3.460236], [-76.578955, 3.460236], [-76.578951, 3.460236], [-76.578951, 3.460236], [-76.578947, 3.460236], [-76.578947, 3.460236], [-76.578942, 3.460236], [-76.578942, 3.460236], [-76.578938, 3.460236], [-76.578938, 3.460236], [-76.578934, 3.460235], [-76.578934, 3.460235], [-76.578929, 3.460235], [-76.578929, 3.460235], [-76.578925, 3.460234], [-76.578925, 3.460234], [-76.578921, 3.460234], [-76.578921, 3.460234], [-76.578917, 3.460233], [-76.578916, 3.460233], [-76.578912, 3.460232], [-76.578912, 3.460232], [-76.578908, 3.460231], [-76.578904, 3.460231], [-76.5789, 3.46023], [-76.578895, 3.460228], [-76.578891, 3.460227], [-76.578887, 3.460226], [-76.578883, 3.460225], [-76.578879, 3.460224], [-76.578875, 3.460222], [-76.578871, 3.460221], [-76.578786, 3.460191], [-76.578669, 3.460126], [-76.578622, 3.460085], [-76.578598, 3.460063], [-76.578575, 3.460041], [-76.578552, 3.460018], [-76.578529, 3.459995], [-76.578507, 3.459971], [-76.578485, 3.459947], [-76.578463, 3.459923], [-76.578442, 3.459898], [-76.578422, 3.459873], [-76.578402, 3.459847], [-76.578108, 3.459471], [-76.578089, 3.459442], [-76.578024, 3.459332], [-76.577994, 3.459241], [-76.577945, 3.459044], [-76.577934, 3.458967], [-76.577921, 3.458745], [-76.577913, 3.458706], [-76.577895, 3.458661], [-76.577873, 3.458614], [-76.577838, 3.458572], [-76.577801, 3.458536], [-76.5778, 3.458535], [-76.577799, 3.458534], [-76.577799, 3.458534], [-76.577798, 3.458533], [-76.577797, 3.458532], [-76.577796, 3.458532], [-76.577796, 3.458531], [-76.577795, 3.45853], [-76.577794, 3.45853], [-76.577793, 3.458529], [-76.577793, 3.458528], [-76.577792, 3.458528], [-76.577791, 3.458527], [-76.57779, 3.458527], [-76.57779, 3.458526], [-76.577789, 3.458525], [-76.577788, 3.458525], [-76.577787, 3.458524], [-76.577786, 3.458524], [-76.577785, 3.458523], [-76.577785, 3.458523], [-76.577784, 3.458523], [-76.577783, 3.458522], [-76.577782, 3.458522], [-76.577781, 3.458522], [-76.57778, 3.458521], [-76.577779, 3.45852], [-76.577778, 3.45852], [-76.577777, 3.45852], [-76.577776, 3.458519], [-76.577776, 3.458519], [-76.577775, 3.458519], [-76.577774, 3.458518], [-76.577773, 3.458518], [-76.577772, 3.458518], [-76.577771, 3.458518], [-76.57777, 3.458518], [-76.577769, 3.458517], [-76.577768, 3.458517], [-76.577768, 3.458517], [-76.577767, 3.458517], [-76.577767, 3.458517], [-76.577766, 3.458517], [-76.577766, 3.458517], [-76.577765, 3.458517], [-76.577765, 3.458517], [-76.577764, 3.458517], [-76.577764, 3.458517], [-76.577763, 3.458516], [-76.577763, 3.458516], [-76.577762, 3.458516], [-76.577762, 3.458516], [-76.577761, 3.458516], [-76.577761, 3.458516], [-76.57776, 3.458516], [-76.57776, 3.458516], [-76.577759, 3.458516], [-76.577759, 3.458516], [-76.577758, 3.458516], [-76.577758, 3.458516], [-76.577757, 3.458516], [-76.577757, 3.458516], [-76.577756, 3.458516], [-76.577756, 3.458516], [-76.577755, 3.458516], [-76.577755, 3.458516], [-76.577754, 3.458516], [-76.577754, 3.458516], [-76.577753, 3.458516], [-76.577753, 3.458516], [-76.577752, 3.458516], [-76.577752, 3.458516], [-76.577751, 3.458517], [-76.577751, 3.458517], [-76.57775, 3.458517], [-76.57775, 3.458517], [-76.577749, 3.458517], [-76.577749, 3.458517], [-76.577748, 3.458517], [-76.577748, 3.458517], [-76.577748, 3.458517], [-76.577747, 3.458517], [-76.577746, 3.458517], [-76.577746, 3.458518], [-76.577745, 3.458518], [-76.577744, 3.458518], [-76.577743, 3.458518], [-76.577742, 3.458519], [-76.577741, 3.458519], [-76.57774, 3.458519], [-76.577739, 3.458519], [-76.577738, 3.45852], [-76.577737, 3.45852], [-76.577736, 3.458521], [-76.577735, 3.458521], [-76.577735, 3.458521], [-76.577734, 3.458521], [-76.577733, 3.458522], [-76.577732, 3.458523], [-76.57773, 3.458524], [-76.577728, 3.458525], [-76.577727, 3.458526], [-76.577697, 3.458553], [-76.577696, 3.458556], [-76.577694, 3.458557], [-76.577693, 3.458559], [-76.577692, 3.458561], [-76.57769, 3.458562], [-76.577689, 3.458564], [-76.577688, 3.458566], [-76.577686, 3.458567], [-76.577685, 3.458569], [-76.577683, 3.45857], [-76.577682, 3.458572], [-76.57768, 3.458574], [-76.577679, 3.458575], [-76.577677, 3.458577], [-76.577676, 3.458578], [-76.577674, 3.458579], [-76.577672, 3.458581], [-76.577671, 3.458582], [-76.577669, 3.458583], [-76.577667, 3.458585], [-76.577665, 3.458586], [-76.577664, 3.458587], [-76.577662, 3.458588], [-76.57766, 3.45859], [-76.577658, 3.458591], [-76.577656, 3.458592], [-76.577654, 3.458593], [-76.577653, 3.458594], [-76.577651, 3.458595], [-76.577649, 3.458596], [-76.577647, 3.458597], [-76.577645, 3.458598], [-76.577643, 3.458599], [-76.577641, 3.458599], [-76.577639, 3.4586], [-76.577637, 3.458601], [-76.577635, 3.458602], [-76.577633, 3.458602], [-76.577631, 3.458603], [-76.577629, 3.458604], [-76.577627, 3.458604], [-76.577624, 3.458605], [-76.577622, 3.458605], [-76.57762, 3.458606], [-76.577618, 3.458606], [-76.577616, 3.458607], [-76.577616, 3.458607], [-76.577614, 3.458607], [-76.577614, 3.458607], [-76.577612, 3.458607], [-76.577612, 3.458607], [-76.57761, 3.458607], [-76.57761, 3.458607], [-76.577608, 3.458608], [-76.577607, 3.458608], [-76.577605, 3.458608], [-76.577605, 3.458608], [-76.577603, 3.458608], [-76.577603, 3.458608], [-76.577601, 3.458608], [-76.577601, 3.458608], [-76.577599, 3.458608], [-76.577599, 3.458608], [-76.577597, 3.458608], [-76.577597, 3.458608], [-76.577595, 3.458608], [-76.577595, 3.458608], [-76.577592, 3.458608], [-76.577592, 3.458608], [-76.57759, 3.458608], [-76.57759, 3.458608], [-76.577588, 3.458608], [-76.577588, 3.458608], [-76.577586, 3.458608], [-76.577586, 3.458608], [-76.577584, 3.458608], [-76.577584, 3.458608], [-76.577582, 3.458608], [-76.577582, 3.458608], [-76.57758, 3.458608], [-76.57758, 3.458608], [-76.577549, 3.458611], [-76.577549, 3.458611], [-76.577493, 3.458613], [-76.577493, 3.458613], [-76.57742, 3.458617], [-76.57742, 3.458617], [-76.577348, 3.458621], [-76.577348, 3.458621], [-76.577325, 3.458622], [-76.577325, 3.458622], [-76.577281, 3.458621], [-76.577235, 3.458606], [-76.577235, 3.458606], [-76.577179, 3.4586], [-76.577104, 3.458583], [-76.577104, 3.458583], [-76.576984, 3.458568], [-76.576984, 3.458568], [-76.576882, 3.458573], [-76.576808, 3.458594], [-76.576808, 3.458594], [-76.576805, 3.458594], [-76.576805, 3.458594], [-76.576803, 3.458594], [-76.576803, 3.458594], [-76.576801, 3.458595], [-76.576801, 3.458595], [-76.576799, 3.458595], [-76.576799, 3.458595], [-76.576797, 3.458595], [-76.576795, 3.458596], [-76.576793, 3.458596], [-76.576791, 3.458597], [-76.576789, 3.458597], [-76.576787, 3.458598], [-76.576785, 3.458599], [-76.576783, 3.458599], [-76.576781, 3.4586], [-76.576779, 3.458601], [-76.576777, 3.458601], [-76.576775, 3.458602], [-76.576773, 3.458603], [-76.576772, 3.458604], [-76.57677, 3.458605], [-76.576768, 3.458605], [-76.576766, 3.458606], [-76.576764, 3.458607], [-76.576762, 3.458608], [-76.576761, 3.458609], [-76.576759, 3.45861], [-76.576757, 3.458612], [-76.576755, 3.458613], [-76.576754, 3.458614], [-76.576752, 3.458615], [-76.57675, 3.458616], [-76.576749, 3.458617], [-76.576747, 3.458619], [-76.576745, 3.45862], [-76.576744, 3.458621], [-76.576742, 3.458623], [-76.576741, 3.458624], [-76.576739, 3.458626], [-76.576738, 3.458627], [-76.576736, 3.458628], [-76.576735, 3.45863], [-76.576734, 3.458631], [-76.576732, 3.458633], [-76.576731, 3.458635], [-76.57673, 3.458636], [-76.576728, 3.458638], [-76.576727, 3.458639], [-76.576726, 3.458641], [-76.576725, 3.458643], [-76.576723, 3.458649], [-76.576722, 3.458654], [-76.576721, 3.458658], [-76.57672, 3.458662], [-76.576719, 3.458667], [-76.576718, 3.458671], [-76.576718, 3.458675], [-76.576717, 3.45868], [-76.576717, 3.458684], [-76.576716, 3.458689], [-76.576716, 3.458693], [-76.576715, 3.458697], [-76.576715, 3.458702], [-76.576715, 3.458706], [-76.576715, 3.458711], [-76.576715, 3.458715], [-76.576715, 3.45872], [-76.576715, 3.458724], [-76.576716, 3.458728], [-76.576716, 3.458733], [-76.576716, 3.458737], [-76.576717, 3.458742], [-76.576717, 3.458746], [-76.576718, 3.458751], [-76.576719, 3.458755], [-76.576719, 3.458759], [-76.57672, 3.458764], [-76.576721, 3.458768], [-76.576722, 3.458772], [-76.576723, 3.458777], [-76.576725, 3.458781], [-76.576757, 3.458831], [-76.576787, 3.458871], [-76.576825, 3.458917], [-76.57684, 3.458947], [-76.576865, 3.458977], [-76.576913, 3.459008], [-76.576964, 3.459032], [-76.576997, 3.459055], [-76.577001, 3.45906], [-76.577005, 3.459062], [-76.577008, 3.459065], [-76.577011, 3.459068], [-76.577015, 3.45907], [-76.577018, 3.459073], [-76.577022, 3.459075], [-76.577025, 3.459077], [-76.577028, 3.45908], [-76.577032, 3.459082], [-76.577036, 3.459084], [-76.577039, 3.459086], [-76.577043, 3.459088], [-76.577047, 3.45909], [-76.57705, 3.459092], [-76.577054, 3.459094], [-76.577058, 3.459096], [-76.577062, 3.459098], [-76.577066, 3.459099], [-76.57707, 3.459101], [-76.577074, 3.459103], [-76.577078, 3.459104], [-76.577081, 3.459105], [-76.577085, 3.459107], [-76.57709, 3.459108], [-76.577094, 3.459109], [-76.577098, 3.45911], [-76.577102, 3.459111], [-76.577106, 3.459112], [-76.57711, 3.459113], [-76.577114, 3.459114], [-76.577114, 3.459114], [-76.577118, 3.459115], [-76.577118, 3.459115], [-76.577175, 3.459133], [-76.577248, 3.459151], [-76.577337, 3.459173], [-76.577405, 3.459202], [-76.577408, 3.459203], [-76.577409, 3.459205], [-76.577411, 3.459206], [-76.577413, 3.459207], [-76.577415, 3.459208], [-76.577417, 3.45921], [-76.577419, 3.459211], [-76.57742, 3.459212], [-76.577422, 3.459214], [-76.577424, 3.459215], [-76.577425, 3.459216], [-76.577427, 3.459218], [-76.577429, 3.459219], [-76.57743, 3.459221], [-76.577432, 3.459222], [-76.577433, 3.459224], [-76.577435, 3.459226], [-76.577436, 3.459227], [-76.577438, 3.459229], [-76.577439, 3.459231], [-76.577441, 3.459232], [-76.577442, 3.459234], [-76.577443, 3.459236], [-76.577445, 3.459238], [-76.577446, 3.459239], [-76.577447, 3.459241], [-76.577448, 3.459243], [-76.57745, 3.459245], [-76.577451, 3.459247], [-76.577452, 3.459249], [-76.577453, 3.459251], [-76.577454, 3.459252], [-76.577455, 3.459254], [-76.577456, 3.459256], [-76.577457, 3.459258], [-76.577458, 3.45926], [-76.57746, 3.459286], [-76.577452, 3.459336], [-76.57744, 3.459364], [-76.577428, 3.459382], [-76.5774, 3.459415], [-76.577373, 3.459438], [-76.577329, 3.459467], [-76.577291, 3.459483], [-76.577236, 3.459506], [-76.577181, 3.459517], [-76.577181, 3.459517], [-76.577132, 3.459522], [-76.577132, 3.459522], [-76.577109, 3.459526], [-76.577083, 3.459539], [-76.577056, 3.45955], [-76.577029, 3.459561], [-76.577011, 3.459573], [-76.576976, 3.459589], [-76.576933, 3.459606], [-76.576894, 3.459625], [-76.576849, 3.459655], [-76.576815, 3.459675], [-76.576772, 3.459704], [-76.576722, 3.459722], [-76.576674, 3.459732], [-76.576674, 3.459732], [-76.576646, 3.45973], [-76.576617, 3.459722], [-76.576588, 3.459712], [-76.576547, 3.459705], [-76.576547, 3.459705], [-76.576515, 3.459709], [-76.576489, 3.459719], [-76.576486, 3.459719], [-76.576484, 3.45972], [-76.576483, 3.45972], [-76.576481, 3.45972], [-76.576479, 3.459721], [-76.576477, 3.459722], [-76.576475, 3.459722], [-76.576473, 3.459723], [-76.576471, 3.459723], [-76.576469, 3.459724], [-76.576467, 3.459725], [-76.576466, 3.459725], [-76.576464, 3.459726], [-76.576462, 3.459727], [-76.57646, 3.459728], [-76.576458, 3.459729], [-76.576457, 3.45973], [-76.576455, 3.459731], [-76.576453, 3.459731], [-76.576451, 3.459732], [-76.57645, 3.459733], [-76.576448, 3.459734], [-76.576446, 3.459736], [-76.576445, 3.459737], [-76.576443, 3.459738], [-76.576442, 3.459739], [-76.57644, 3.45974], [-76.576438, 3.459741], [-76.576437, 3.459743], [-76.576435, 3.459744], [-76.576434, 3.459745], [-76.576432, 3.459746], [-76.576431, 3.459748], [-76.57643, 3.459749], [-76.576428, 3.459751], [-76.576427, 3.459752], [-76.576425, 3.459753], [-76.576424, 3.459755], [-76.5764, 3.459787], [-76.576366, 3.459822], [-76.57633, 3.459862], [-76.576311, 3.45989], [-76.576283, 3.459928], [-76.57626, 3.459971], [-76.576248, 3.459994], [-76.57623, 3.460027], [-76.576219, 3.460039], [-76.576193, 3.460057], [-76.576128, 3.460099], [-76.576023, 3.460139], [-76.576023, 3.460139], [-76.575951, 3.460146], [-76.575951, 3.460146], [-76.575947, 3.460147], [-76.575947, 3.460147], [-76.575945, 3.460147], [-76.575944, 3.460147], [-76.575942, 3.460148], [-76.575942, 3.460148], [-76.57594, 3.460148], [-76.57594, 3.460148], [-76.575938, 3.460148], [-76.575937, 3.460148], [-76.575935, 3.460149], [-76.575935, 3.460149], [-76.575933, 3.460149], [-76.575933, 3.460149], [-76.575931, 3.460149], [-76.57593, 3.460149], [-76.575928, 3.460149], [-76.575928, 3.460149], [-76.575926, 3.460149], [-76.575926, 3.460149], [-76.575923, 3.460149], [-76.575923, 3.460149], [-76.575921, 3.460149], [-76.575921, 3.460149], [-76.575919, 3.460149], [-76.575919, 3.460149], [-76.575916, 3.460149], [-76.575916, 3.460149], [-76.575914, 3.460149], [-76.575914, 3.460149], [-76.575912, 3.460149], [-76.575912, 3.460149], [-76.575909, 3.460149], [-76.575909, 3.460149], [-76.575907, 3.460148], [-76.575907, 3.460148], [-76.575905, 3.460148], [-76.575905, 3.460148], [-76.575902, 3.460148], [-76.575902, 3.460148], [-76.5759, 3.460147], [-76.5759, 3.460147], [-76.575898, 3.460147], [-76.575895, 3.460146], [-76.575893, 3.460146], [-76.575891, 3.460145], [-76.575888, 3.460145], [-76.575886, 3.460144], [-76.575884, 3.460143], [-76.575882, 3.460143], [-76.575879, 3.460142], [-76.575877, 3.460141], [-76.575875, 3.46014], [-76.575873, 3.46014], [-76.575871, 3.460139], [-76.575868, 3.460138], [-76.575868, 3.460138], [-76.575861, 3.460137], [-76.575861, 3.460137], [-76.575857, 3.460137], [-76.575857, 3.460137], [-76.575852, 3.460136], [-76.575852, 3.460136], [-76.575848, 3.460136], [-76.575848, 3.460136], [-76.575844, 3.460135], [-76.575844, 3.460135], [-76.575839, 3.460134], [-76.575839, 3.460134], [-76.575835, 3.460134], [-76.575831, 3.460133], [-76.575826, 3.460132], [-76.575822, 3.460131], [-76.575818, 3.46013], [-76.575814, 3.460129], [-76.57581, 3.460127], [-76.575805, 3.460126], [-76.575801, 3.460125], [-76.575797, 3.460123], [-76.575793, 3.460122], [-76.575789, 3.46012], [-76.575785, 3.460119], [-76.575781, 3.460117], [-76.575777, 3.460115], [-76.575773, 3.460113], [-76.575769, 3.460111], [-76.575765, 3.460109], [-76.575761, 3.460107], [-76.575757, 3.460105], [-76.575754, 3.460103], [-76.57575, 3.4601], [-76.5757, 3.460057], [-76.575683, 3.460044], [-76.575654, 3.460026], [-76.575614, 3.459997], [-76.575585, 3.459972], [-76.575582, 3.459971], [-76.575581, 3.45997], [-76.575579, 3.459969], [-76.575577, 3.459967], [-76.575575, 3.459966], [-76.575573, 3.459965], [-76.575571, 3.459964], [-76.57557, 3.459963], [-76.575568, 3.459962], [-76.575566, 3.45996], [-76.575564, 3.459959], [-76.575563, 3.459958], [-76.575561, 3.459956], [-76.575559, 3.459955], [-76.575558, 3.459953], [-76.575556, 3.459952], [-76.575554, 3.459951], [-76.575553, 3.459949], [-76.575551, 3.459947], [-76.57555, 3.459946], [-76.575548, 3.459944], [-76.575547, 3.459943], [-76.575546, 3.459941], [-76.575544, 3.459939], [-76.575543, 3.459938], [-76.575541, 3.459936], [-76.57554, 3.459934], [-76.575539, 3.459933], [-76.575538, 3.459931], [-76.575536, 3.459929], [-76.575535, 3.459927], [-76.575534, 3.459925], [-76.575533, 3.459923], [-76.575532, 3.459922], [-76.575531, 3.45992], [-76.57553, 3.459918], [-76.575529, 3.459916], [-76.575528, 3.459914], [-76.575527, 3.459912], [-76.575526, 3.45991], [-76.575525, 3.459908], [-76.575524, 3.459906], [-76.575524, 3.459904], [-76.575523, 3.459902], [-76.575522, 3.4599], [-76.575522, 3.459898], [-76.575521, 3.459896], [-76.57552, 3.459894], [-76.57552, 3.459891], [-76.575519, 3.459889], [-76.575519, 3.459887], [-76.575518, 3.459885], [-76.575518, 3.459883], [-76.575518, 3.459881], [-76.575517, 3.459879], [-76.575517, 3.459877], [-76.575517, 3.459874], [-76.575516, 3.459872], [-76.575516, 3.45987], [-76.575516, 3.459868], [-76.575516, 3.459866], [-76.575516, 3.459864], [-76.575516, 3.459861], [-76.575516, 3.459859], [-76.575516, 3.459857], [-76.575516, 3.459855], [-76.575516, 3.45984], [-76.575529, 3.459797], [-76.575548, 3.45975], [-76.575562, 3.459717], [-76.575573, 3.45968], [-76.575598, 3.459608], [-76.57561, 3.459556], [-76.575625, 3.459497], [-76.57565, 3.459425], [-76.575664, 3.459366], [-76.575665, 3.459363], [-76.575665, 3.45936], [-76.575666, 3.459357], [-76.575666, 3.459355], [-76.575666, 3.459352], [-76.575667, 3.459349], [-76.575667, 3.459347], [-76.575667, 3.459344], [-76.575667, 3.459341], [-76.575667, 3.459339], [-76.575667, 3.459336], [-76.575667, 3.459333], [-76.575667, 3.45933], [-76.575667, 3.459328], [-76.575667, 3.459325], [-76.575667, 3.459322], [-76.575666, 3.45932], [-76.575666, 3.459317], [-76.575666, 3.459314], [-76.575665, 3.459312], [-76.575665, 3.459309], [-76.575664, 3.459306], [-76.575664, 3.459304], [-76.575663, 3.459301], [-76.575663, 3.459298], [-76.575662, 3.459296], [-76.575661, 3.459293], [-76.57566, 3.45929], [-76.57566, 3.459288], [-76.575659, 3.459285], [-76.575658, 3.459283], [-76.575657, 3.45928], [-76.575656, 3.459278], [-76.575655, 3.459275], [-76.575654, 3.459273], [-76.575653, 3.45927], [-76.575652, 3.459268], [-76.57565, 3.459265], [-76.575649, 3.459263], [-76.575648, 3.45926], [-76.575647, 3.459258], [-76.575645, 3.459256], [-76.575644, 3.459253], [-76.575642, 3.459251], [-76.575641, 3.459249], [-76.575639, 3.459247], [-76.575638, 3.459244], [-76.575613, 3.459206], [-76.575585, 3.45917], [-76.575523, 3.459087], [-76.575462, 3.459021], [-76.575401, 3.458935], [-76.575358, 3.458871], [-76.575347, 3.458841], [-76.575327, 3.458806], [-76.575314, 3.458791], [-76.575304, 3.458778], [-76.575293, 3.458766], [-76.575283, 3.458754], [-76.575272, 3.458741], [-76.575267, 3.458735], [-76.575263, 3.458729], [-76.575259, 3.458724], [-76.575256, 3.458718], [-76.575252, 3.458713], [-76.575248, 3.458707], [-76.575245, 3.458701], [-76.575242, 3.458695], [-76.575239, 3.45869], [-76.575236, 3.458684], [-76.575233, 3.458678], [-76.57523, 3.458672], [-76.575227, 3.458665], [-76.575224, 3.458659], [-76.575222, 3.458653], [-76.575202, 3.4586], [-76.575162, 3.458515], [-76.575131, 3.458436], [-76.575126, 3.458421], [-76.575123, 3.45841], [-76.57512, 3.458399], [-76.575117, 3.458388], [-76.575115, 3.458377], [-76.575112, 3.458366], [-76.57511, 3.458355], [-76.575108, 3.458344], [-76.575107, 3.458333], [-76.575107, 3.458326], [-76.575107, 3.458322], [-76.575107, 3.458318], [-76.575107, 3.458315], [-76.575107, 3.458311], [-76.575107, 3.458307], [-76.575107, 3.458303], [-76.575107, 3.4583], [-76.575106, 3.458296], [-76.575106, 3.458292], [-76.575106, 3.458289], [-76.575105, 3.458285], [-76.575104, 3.458281], [-76.575104, 3.458277], [-76.575103, 3.458274], [-76.575102, 3.45827], [-76.575102, 3.458266], [-76.575101, 3.458263], [-76.5751, 3.458259], [-76.575099, 3.458256], [-76.575098, 3.458252], [-76.575097, 3.458248], [-76.575095, 3.458245], [-76.575094, 3.458241], [-76.575093, 3.458238], [-76.575091, 3.458234], [-76.57509, 3.458231], [-76.575088, 3.458228], [-76.575087, 3.458224], [-76.575085, 3.458221], [-76.575084, 3.458217], [-76.575082, 3.458214], [-76.57508, 3.458211], [-76.57506, 3.458179], [-76.575035, 3.458134], [-76.575008, 3.458089], [-76.574983, 3.458061], [-76.574949, 3.458047], [-76.574881, 3.458026], [-76.574829, 3.458015], [-76.574829, 3.458015], [-76.57478, 3.458008], [-76.574779, 3.458008], [-76.574734, 3.458002], [-76.574734, 3.458002], [-76.574698, 3.458005], [-76.574698, 3.458005], [-76.574675, 3.458009], [-76.574658, 3.458016], [-76.574656, 3.458017], [-76.574654, 3.458018], [-76.574652, 3.45802], [-76.574651, 3.458021], [-76.574649, 3.458022], [-76.574647, 3.458023], [-76.574646, 3.458024], [-76.574644, 3.458026], [-76.574642, 3.458027], [-76.574641, 3.458028], [-76.574639, 3.45803], [-76.574638, 3.458031], [-76.574636, 3.458033], [-76.574635, 3.458034], [-76.574633, 3.458036], [-76.574632, 3.458037], [-76.57463, 3.458039], [-76.574629, 3.45804], [-76.574627, 3.458042], [-76.574626, 3.458043], [-76.574625, 3.458045], [-76.574624, 3.458047], [-76.574622, 3.458048], [-76.574621, 3.45805], [-76.57462, 3.458052], [-76.574619, 3.458053], [-76.574617, 3.458056], [-76.574616, 3.458057], [-76.574615, 3.458058], [-76.574615, 3.45806], [-76.574614, 3.458061], [-76.574613, 3.458062], [-76.574612, 3.458063], [-76.574611, 3.458064], [-76.57461, 3.458065], [-76.574609, 3.458066], [-76.574608, 3.458068], [-76.574607, 3.458069], [-76.574606, 3.45807], [-76.574605, 3.458071], [-76.574604, 3.458072], [-76.574602, 3.458073], [-76.574601, 3.458074], [-76.5746, 3.458075], [-76.574599, 3.458076], [-76.574598, 3.458077], [-76.574597, 3.458077], [-76.574595, 3.458078], [-76.574594, 3.458079], [-76.574593, 3.45808], [-76.574592, 3.458081], [-76.57459, 3.458082], [-76.574589, 3.458082], [-76.574588, 3.458083], [-76.574587, 3.458084], [-76.574585, 3.458085], [-76.574584, 3.458085], [-76.574583, 3.458086], [-76.574581, 3.458086], [-76.57458, 3.458087], [-76.574578, 3.458088], [-76.574577, 3.458088], [-76.574576, 3.458089], [-76.574574, 3.458089], [-76.574573, 3.45809], [-76.574571, 3.45809], [-76.57457, 3.458091], [-76.574548, 3.458101], [-76.574517, 3.458114], [-76.574489, 3.458123], [-76.574448, 3.458134], [-76.574395, 3.45815], [-76.574335, 3.458177], [-76.57427, 3.458199], [-76.574231, 3.458216], [-76.574165, 3.458255], [-76.574054, 3.458297], [-76.573995, 3.458318], [-76.57395, 3.458332], [-76.573879, 3.458352], [-76.573844, 3.458361], [-76.573806, 3.45837], [-76.573806, 3.45837], [-76.573754, 3.458377], [-76.573754, 3.458377], [-76.57369, 3.45838], [-76.573689, 3.45838], [-76.573642, 3.458386], [-76.573642, 3.458386], [-76.57357, 3.458395], [-76.57357, 3.458395], [-76.573487, 3.45841], [-76.573487, 3.45841], [-76.5734, 3.458413], [-76.5734, 3.458413], [-76.573339, 3.458415], [-76.573339, 3.458415], [-76.573252, 3.458417], [-76.573252, 3.458417], [-76.573181, 3.458416], [-76.57318, 3.458416], [-76.573072, 3.458405], [-76.573071, 3.458405], [-76.572994, 3.458392], [-76.572935, 3.458378], [-76.572882, 3.458358], [-76.572846, 3.458331], [-76.572828, 3.458304], [-76.572819, 3.458266], [-76.572824, 3.458215], [-76.572838, 3.458178], [-76.572851, 3.458145], [-76.572879, 3.458077], [-76.572926, 3.457968], [-76.572959, 3.45788], [-76.573002, 3.457768], [-76.57303, 3.457697], [-76.573051, 3.457612], [-76.573056, 3.457564], [-76.573058, 3.457549], [-76.573059, 3.457535], [-76.57306, 3.457521], [-76.573061, 3.457507], [-76.573062, 3.457493], [-76.573063, 3.457479], [-76.573063, 3.457465], [-76.573063, 3.457451], [-76.573063, 3.457437], [-76.573063, 3.457423], [-76.573062, 3.457409], [-76.573061, 3.457395], [-76.573057, 3.457364], [-76.573037, 3.457316], [-76.573036, 3.457313], [-76.573035, 3.457311], [-76.573035, 3.457309], [-76.573034, 3.457306], [-76.573033, 3.457304], [-76.573032, 3.457301], [-76.573032, 3.457299], [-76.573031, 3.457297], [-76.57303, 3.457294], [-76.573029, 3.457292], [-76.573028, 3.457289], [-76.573027, 3.457287], [-76.573026, 3.457285], [-76.573025, 3.457283], [-76.573023, 3.45728], [-76.573022, 3.457278], [-76.573021, 3.457276], [-76.57302, 3.457274], [-76.573018, 3.457272], [-76.573017, 3.457269], [-76.573016, 3.457267], [-76.573014, 3.457265], [-76.573013, 3.457263], [-76.573011, 3.457261], [-76.57301, 3.457259], [-76.573008, 3.457257], [-76.573007, 3.457255], [-76.573005, 3.457253], [-76.573003, 3.457251], [-76.573002, 3.457249], [-76.573, 3.457247], [-76.572998, 3.457246], [-76.572996, 3.457244], [-76.572994, 3.457242], [-76.572993, 3.45724], [-76.572991, 3.457239], [-76.572989, 3.457237], [-76.572987, 3.457235], [-76.572985, 3.457234], [-76.572983, 3.457232], [-76.572981, 3.457231], [-76.572979, 3.457229], [-76.572977, 3.457228], [-76.572975, 3.457226], [-76.572973, 3.457225], [-76.57297, 3.457224], [-76.572968, 3.457222], [-76.572966, 3.457221], [-76.572964, 3.45722], [-76.572962, 3.457219], [-76.572959, 3.457218], [-76.572956, 3.457215], [-76.572954, 3.457214], [-76.572953, 3.457213], [-76.572951, 3.457212], [-76.572949, 3.457211], [-76.572947, 3.45721], [-76.572946, 3.457208], [-76.572944, 3.457207], [-76.572942, 3.457207], [-76.57294, 3.457206], [-76.572938, 3.457205], [-76.572936, 3.457204], [-76.572934, 3.457203], [-76.572932, 3.457202], [-76.57293, 3.457201], [-76.572928, 3.4572], [-76.572926, 3.4572], [-76.572924, 3.457199], [-76.572923, 3.457199], [-76.57292, 3.457198], [-76.572918, 3.457197], [-76.572916, 3.457197], [-76.572914, 3.457196], [-76.572912, 3.457196], [-76.57291, 3.457195], [-76.572908, 3.457195], [-76.572906, 3.457195], [-76.572904, 3.457194], [-76.572904, 3.457194], [-76.572902, 3.457194], [-76.572902, 3.457194], [-76.5729, 3.457194], [-76.5729, 3.457194], [-76.572898, 3.457194], [-76.572898, 3.457194], [-76.572896, 3.457193], [-76.572896, 3.457193], [-76.572894, 3.457193], [-76.572894, 3.457193], [-76.572892, 3.457193], [-76.572891, 3.457193], [-76.572889, 3.457193], [-76.572889, 3.457193], [-76.572887, 3.457193], [-76.572887, 3.457193], [-76.572885, 3.457193], [-76.572885, 3.457193], [-76.572883, 3.457193], [-76.57288, 3.457192], [-76.572878, 3.457192], [-76.572875, 3.457191], [-76.572873, 3.45719], [-76.57287, 3.45719], [-76.572868, 3.457189], [-76.572865, 3.457188], [-76.572863, 3.457187], [-76.57286, 3.457186], [-76.572858, 3.457185], [-76.572855, 3.457184], [-76.572853, 3.457183], [-76.572851, 3.457182], [-76.572848, 3.457181], [-76.572846, 3.45718], [-76.572844, 3.457178], [-76.572842, 3.457177], [-76.572839, 3.457176], [-76.572837, 3.457175], [-76.572835, 3.457173], [-76.572833, 3.457172], [-76.572831, 3.45717], [-76.572828, 3.457169], [-76.572826, 3.457167], [-76.572824, 3.457166], [-76.572822, 3.457164], [-76.57282, 3.457162], [-76.572818, 3.457161], [-76.572816, 3.457159], [-76.572814, 3.457157], [-76.572812, 3.457156], [-76.572811, 3.457154], [-76.572809, 3.457152], [-76.572807, 3.45715], [-76.572805, 3.457148], [-76.572803, 3.457146], [-76.572802, 3.457144], [-76.572761, 3.457103], [-76.572703, 3.457043], [-76.572701, 3.45704], [-76.572699, 3.457038], [-76.572698, 3.457035], [-76.572696, 3.457033], [-76.572695, 3.457031], [-76.572693, 3.457028], [-76.572692, 3.457026], [-76.57269, 3.457024], [-76.572689, 3.457021], [-76.572688, 3.457019], [-76.572687, 3.457016], [-76.572685, 3.457014], [-76.572684, 3.457011], [-76.572683, 3.457009], [-76.572682, 3.457006], [-76.572681, 3.457004], [-76.57268, 3.457001], [-76.572679, 3.456998], [-76.572678, 3.456996], [-76.572677, 3.456993], [-76.572676, 3.456991], [-76.572676, 3.456988], [-76.572675, 3.456985], [-76.572674, 3.456983], [-76.572674, 3.45698], [-76.572673, 3.456977], [-76.572673, 3.456974], [-76.572672, 3.456972], [-76.572672, 3.456969], [-76.572671, 3.456966], [-76.572671, 3.456963], [-76.572671, 3.456961], [-76.572671, 3.456958], [-76.57267, 3.456955], [-76.57267, 3.456952], [-76.57267, 3.45695], [-76.57267, 3.456947], [-76.57267, 3.456944], [-76.57267, 3.456941], [-76.57267, 3.456939], [-76.57267, 3.456936], [-76.57266, 3.456874], [-76.572658, 3.456866], [-76.572657, 3.456861], [-76.572656, 3.456856], [-76.572655, 3.456852], [-76.572654, 3.456847], [-76.572653, 3.456842], [-76.572653, 3.456842], [-76.572653, 3.456837], [-76.572652, 3.456832], [-76.572652, 3.456827], [-76.572651, 3.456822], [-76.572651, 3.456818], [-76.572651, 3.456813], [-76.57265, 3.456808], [-76.57265, 3.456803], [-76.57265, 3.456798], [-76.57265, 3.456793], [-76.572651, 3.456788], [-76.572651, 3.456783], [-76.572651, 3.456778], [-76.572652, 3.456773], [-76.572652, 3.456769], [-76.572653, 3.456764], [-76.572654, 3.456759], [-76.572654, 3.456754], [-76.572655, 3.456749], [-76.572656, 3.456744], [-76.572657, 3.45674], [-76.572658, 3.456735], [-76.57266, 3.45673], [-76.572661, 3.456725], [-76.572662, 3.456721], [-76.572664, 3.456716], [-76.572665, 3.456711], [-76.572676, 3.456683], [-76.572698, 3.456616], [-76.572717, 3.456525], [-76.572731, 3.45642], [-76.572734, 3.456342], [-76.572734, 3.456337], [-76.572734, 3.456334], [-76.572734, 3.456332], [-76.572734, 3.456329], [-76.572734, 3.456326], [-76.572734, 3.456323], [-76.572733, 3.456321], [-76.572733, 3.456318], [-76.572733, 3.456315], [-76.572732, 3.456313], [-76.572732, 3.45631], [-76.572731, 3.456307], [-76.572731, 3.456304], [-76.57273, 3.456302], [-76.57273, 3.456299], [-76.572729, 3.456297], [-76.572728, 3.456294], [-76.572728, 3.456291], [-76.572727, 3.456289], [-76.572726, 3.456286], [-76.572725, 3.456283], [-76.572724, 3.456281], [-76.572723, 3.456278], [-76.572722, 3.456276], [-76.572721, 3.456273], [-76.57272, 3.456271], [-76.572719, 3.456268], [-76.572717, 3.456266], [-76.572716, 3.456263], [-76.572715, 3.456261], [-76.572714, 3.456259], [-76.572712, 3.456256], [-76.572711, 3.456254], [-76.572709, 3.456252], [-76.572708, 3.456249], [-76.572706, 3.456247], [-76.572705, 3.456245], [-76.572703, 3.456243], [-76.572702, 3.45624], [-76.5727, 3.456238], [-76.572698, 3.456236], [-76.572696, 3.456234], [-76.572695, 3.456232], [-76.572693, 3.45623], [-76.572691, 3.456228], [-76.572689, 3.456226], [-76.572687, 3.456224], [-76.572685, 3.456222], [-76.572683, 3.45622], [-76.572681, 3.456219], [-76.572679, 3.456217], [-76.572677, 3.456215], [-76.572675, 3.456213], [-76.572673, 3.456212], [-76.572671, 3.45621], [-76.572668, 3.456208], [-76.572627, 3.456184], [-76.572566, 3.456147], [-76.572509, 3.456129], [-76.572478, 3.456123], [-76.572478, 3.456123], [-76.572427, 3.456123], [-76.572427, 3.456123], [-76.572375, 3.456124], [-76.57232, 3.456139], [-76.572281, 3.456153], [-76.572241, 3.456183], [-76.572204, 3.456214], [-76.57215, 3.456259], [-76.572078, 3.45631], [-76.572024, 3.456349], [-76.57195, 3.4564], [-76.571907, 3.456432], [-76.571839, 3.456494], [-76.571802, 3.456526], [-76.5718, 3.456528], [-76.571799, 3.45653], [-76.571797, 3.456531], [-76.571796, 3.456532], [-76.571794, 3.456534], [-76.571793, 3.456535], [-76.571792, 3.456536], [-76.57179, 3.456538], [-76.571789, 3.456539], [-76.571787, 3.45654], [-76.571786, 3.456541], [-76.571784, 3.456543], [-76.571783, 3.456544], [-76.571781, 3.456545], [-76.571779, 3.456546], [-76.571778, 3.456547], [-76.571776, 3.456548], [-76.571657, 3.456623], [-76.571567, 3.456671], [-76.571512, 3.456689], [-76.57146, 3.456669], [-76.571432, 3.456627], [-76.571416, 3.456565], [-76.571415, 3.456468], [-76.571416, 3.456407], [-76.571418, 3.456281], [-76.571436, 3.456167], [-76.571466, 3.456057], [-76.57147, 3.456007], [-76.571469, 3.456005], [-76.571468, 3.455947], [-76.571441, 3.455881], [-76.571394, 3.455856], [-76.571305, 3.455832], [-76.57124, 3.455828], [-76.571189, 3.455843], [-76.571179, 3.455823], [-76.57117, 3.455829], [-76.571149, 3.45585], [-76.571131, 3.45586], [-76.571112, 3.455877], [-76.571097, 3.455891], [-76.571087, 3.455901], [-76.571078, 3.455912], [-76.571063, 3.455951], [-76.571054, 3.455962], [-76.571046, 3.455972], [-76.571038, 3.455984], [-76.571023, 3.456008], [-76.571008, 3.456032], [-76.571002, 3.456043], [-76.570996, 3.456052], [-76.57099, 3.456061], [-76.570984, 3.456069], [-76.570978, 3.456078], [-76.570972, 3.456087], [-76.570952, 3.456123], [-76.570946, 3.456134], [-76.570939, 3.456144], [-76.570925, 3.456165], [-76.570917, 3.456176], [-76.570907, 3.456209], [-76.570905, 3.456214], [-76.570905, 3.456214], [-76.5709, 3.456227], [-76.570892, 3.456245], [-76.57089, 3.456254], [-76.570882, 3.456266], [-76.570874, 3.456275], [-76.570866, 3.456284], [-76.570861, 3.456306], [-76.57086, 3.456332], [-76.57085, 3.456342], [-76.570841, 3.456353], [-76.570831, 3.456371], [-76.570823, 3.456388], [-76.570804, 3.456395], [-76.570802, 3.456397], [-76.570797, 3.456407], [-76.570778, 3.456432], [-76.570754, 3.45645], [-76.570734, 3.456463], [-76.570717, 3.456475], [-76.570705, 3.456496], [-76.570698, 3.456501], [-76.570696, 3.456502], [-76.570691, 3.456506], [-76.570684, 3.456509], [-76.570662, 3.456521], [-76.57065, 3.456544], [-76.570648, 3.456548], [-76.570642, 3.456558], [-76.570637, 3.45657], [-76.57061, 3.456592], [-76.570598, 3.456611], [-76.570591, 3.456621], [-76.570584, 3.45663], [-76.570577, 3.456637], [-76.570567, 3.456643], [-76.570557, 3.456645], [-76.570503, 3.456671], [-76.570487, 3.45667], [-76.570486, 3.45667], [-76.570478, 3.456673], [-76.57046, 3.456678], [-76.570436, 3.456679], [-76.570436, 3.456679], [-76.570413, 3.456681], [-76.570396, 3.456683], [-76.570383, 3.456682], [-76.570372, 3.456678], [-76.570359, 3.456675], [-76.570347, 3.456673], [-76.570336, 3.456672], [-76.570323, 3.456669], [-76.570305, 3.456663], [-76.570299, 3.456659], [-76.570298, 3.456658], [-76.570288, 3.456654], [-76.570273, 3.456648], [-76.570262, 3.456643], [-76.570252, 3.456638], [-76.570242, 3.456633], [-76.570234, 3.456628], [-76.570227, 3.456621], [-76.570219, 3.456613], [-76.570211, 3.456604], [-76.570201, 3.4566], [-76.570196, 3.456597], [-76.570181, 3.45659], [-76.570162, 3.456573], [-76.570153, 3.456567], [-76.570143, 3.456562], [-76.570134, 3.456559], [-76.570125, 3.456558], [-76.570111, 3.45655], [-76.570088, 3.456527], [-76.57007, 3.456509], [-76.570068, 3.456507], [-76.570067, 3.456506], [-76.570044, 3.456494], [-76.570021, 3.45648], [-76.570014, 3.45648], [-76.570004, 3.45648], [-76.56998, 3.456477], [-76.569962, 3.456477], [-76.569954, 3.456474], [-76.569939, 3.456469], [-76.56991, 3.456475], [-76.569897, 3.456479], [-76.569883, 3.456482], [-76.56987, 3.456485], [-76.569856, 3.456486], [-76.569842, 3.456486], [-76.569817, 3.456485], [-76.569804, 3.456484], [-76.56979, 3.456481], [-76.569778, 3.456478], [-76.569766, 3.456474], [-76.569754, 3.45647], [-76.569737, 3.456467], [-76.569726, 3.456471], [-76.569715, 3.456465], [-76.569704, 3.456464], [-76.569683, 3.456457], [-76.569664, 3.456455], [-76.569649, 3.456447], [-76.569639, 3.456445], [-76.569626, 3.456438], [-76.569616, 3.456437], [-76.569607, 3.456425], [-76.569591, 3.456414], [-76.569583, 3.456409], [-76.569573, 3.456404], [-76.569564, 3.456399], [-76.569557, 3.456393], [-76.569545, 3.456384], [-76.569536, 3.456376], [-76.569538, 3.456376], [-76.569517, 3.456361], [-76.569507, 3.456353], [-76.5695, 3.456346], [-76.569489, 3.456339], [-76.569478, 3.45633], [-76.569459, 3.456308], [-76.56944, 3.456293], [-76.569426, 3.456279], [-76.569418, 3.456271], [-76.569397, 3.456255], [-76.569387, 3.456248], [-76.569381, 3.456237], [-76.569371, 3.456223], [-76.569363, 3.456214], [-76.569357, 3.456205], [-76.56935, 3.456196], [-76.569343, 3.456185], [-76.569337, 3.456175], [-76.569331, 3.456164], [-76.569321, 3.456148], [-76.569314, 3.456135], [-76.569309, 3.456116], [-76.569299, 3.456101], [-76.569293, 3.456077], [-76.569284, 3.456066], [-76.569259, 3.456037], [-76.569266, 3.456042], [-76.56926, 3.456033], [-76.569255, 3.456023], [-76.569252, 3.456012], [-76.569239, 3.455987], [-76.569228, 3.455965], [-76.569226, 3.455955], [-76.569223, 3.455946], [-76.569215, 3.455937], [-76.569207, 3.455929], [-76.569202, 3.455906], [-76.569186, 3.455895], [-76.569178, 3.455888], [-76.569171, 3.45588], [-76.56917, 3.455871], [-76.569166, 3.455857], [-76.569157, 3.45585], [-76.569148, 3.455845], [-76.569135, 3.455824], [-76.569125, 3.455823], [-76.569115, 3.455823], [-76.569106, 3.455817], [-76.569098, 3.455822], [-76.569083, 3.455819], [-76.569077, 3.455827], [-76.569072, 3.455832], [-76.569062, 3.455832], [-76.56905, 3.455836], [-76.569038, 3.45584], [-76.569025, 3.455844], [-76.569014, 3.455847], [-76.569005, 3.45585], [-76.568992, 3.455852], [-76.568986, 3.455853], [-76.568973, 3.455857], [-76.56896, 3.455859], [-76.568948, 3.455862], [-76.568929, 3.455866], [-76.568916, 3.455867], [-76.568893, 3.455882], [-76.568881, 3.455884], [-76.568868, 3.455887], [-76.568866, 3.455888], [-76.568851, 3.455898], [-76.568841, 3.455903], [-76.568832, 3.455909], [-76.568825, 3.455917], [-76.568818, 3.455924], [-76.568814, 3.455935], [-76.568807, 3.45594], [-76.568797, 3.455945], [-76.568788, 3.455945], [-76.568778, 3.455946], [-76.568767, 3.455948], [-76.568757, 3.455951], [-76.568748, 3.455956], [-76.568729, 3.455971], [-76.568723, 3.45598], [-76.568712, 3.456001], [-76.568707, 3.45601], [-76.5687, 3.456018], [-76.568691, 3.456025], [-76.568668, 3.45604], [-76.568657, 3.456046], [-76.568634, 3.456061], [-76.568625, 3.456067], [-76.568613, 3.456075], [-76.568604, 3.456084], [-76.568594, 3.456093], [-76.568586, 3.456102], [-76.568579, 3.45611], [-76.568577, 3.456113], [-76.568567, 3.456126], [-76.56856, 3.456135], [-76.568552, 3.456143], [-76.568544, 3.456151], [-76.568538, 3.456156], [-76.568535, 3.456158], [-76.568518, 3.456171], [-76.568509, 3.456177], [-76.568499, 3.456183], [-76.568496, 3.456184], [-76.568489, 3.456188], [-76.568478, 3.456194], [-76.568467, 3.456201], [-76.568447, 3.456216], [-76.568438, 3.456223], [-76.568429, 3.456229], [-76.568428, 3.45623], [-76.568426, 3.456231], [-76.568417, 3.456237], [-76.568406, 3.456244], [-76.568396, 3.456252], [-76.56838, 3.456262], [-76.568358, 3.456275], [-76.568353, 3.456277], [-76.568347, 3.456281], [-76.568338, 3.456286], [-76.568324, 3.456296], [-76.568307, 3.456309], [-76.568286, 3.456323], [-76.568278, 3.456327], [-76.568265, 3.456337], [-76.568253, 3.456347], [-76.568239, 3.456358], [-76.568228, 3.456368], [-76.568213, 3.456386], [-76.568206, 3.456397], [-76.568199, 3.456411], [-76.568182, 3.456445], [-76.568175, 3.456456], [-76.568172, 3.45647], [-76.568167, 3.456486], [-76.568162, 3.4565], [-76.568157, 3.456513], [-76.568151, 3.456528], [-76.568147, 3.456541], [-76.568142, 3.456558], [-76.568141, 3.456609], [-76.568137, 3.456632], [-76.568129, 3.456661], [-76.568121, 3.456692], [-76.568118, 3.456709], [-76.568117, 3.456716], [-76.568117, 3.456717], [-76.568116, 3.456724], [-76.568115, 3.456728], [-76.568114, 3.456733], [-76.568114, 3.456738], [-76.568113, 3.456742], [-76.568113, 3.456747], [-76.568112, 3.456752], [-76.568112, 3.456756], [-76.568112, 3.456761], [-76.568112, 3.456766], [-76.568111, 3.456769], [-76.568111, 3.456771], [-76.568112, 3.456775], [-76.568112, 3.45678], [-76.568112, 3.456785], [-76.568112, 3.456789], [-76.568112, 3.456794], [-76.568113, 3.456797], [-76.568114, 3.456824], [-76.568121, 3.456848], [-76.568123, 3.456853], [-76.568123, 3.456857], [-76.568117, 3.456883], [-76.568114, 3.456919], [-76.568115, 3.456942], [-76.568115, 3.456958], [-76.568114, 3.456979], [-76.568112, 3.457005], [-76.56811, 3.45702], [-76.568105, 3.457036], [-76.568095, 3.457056], [-76.568078, 3.457074], [-76.568071, 3.457081], [-76.568061, 3.457083], [-76.568045, 3.457086], [-76.568029, 3.457081], [-76.568015, 3.457073], [-76.568004, 3.457066], [-76.567996, 3.457061], [-76.567984, 3.457052], [-76.567964, 3.457035], [-76.567939, 3.457012], [-76.567927, 3.457], [-76.567913, 3.456987], [-76.5679, 3.456973], [-76.56789, 3.456962], [-76.567875, 3.456945], [-76.56785, 3.456917], [-76.56784, 3.456905], [-76.567821, 3.456884], [-76.567802, 3.456861], [-76.567786, 3.45684], [-76.567773, 3.456821], [-76.567751, 3.456788], [-76.567734, 3.456764], [-76.567719, 3.456737], [-76.567708, 3.456719], [-76.567697, 3.456693], [-76.567683, 3.456655], [-76.567673, 3.456637], [-76.56764, 3.456572], [-76.567632, 3.456547], [-76.567623, 3.456508], [-76.567609, 3.456443], [-76.567602, 3.456412], [-76.567594, 3.456385], [-76.567581, 3.456356], [-76.567554, 3.456301], [-76.567545, 3.456285], [-76.567535, 3.45627], [-76.567524, 3.456255], [-76.567514, 3.456245], [-76.567501, 3.456235], [-76.56749, 3.456229], [-76.56748, 3.456224], [-76.56747, 3.45622], [-76.567444, 3.456214], [-76.56743, 3.456211], [-76.56741, 3.456209], [-76.567391, 3.456207], [-76.567368, 3.456207], [-76.567343, 3.456211], [-76.567322, 3.456216], [-76.567292, 3.456231], [-76.567268, 3.456247], [-76.567244, 3.456259], [-76.567215, 3.45628], [-76.567185, 3.456291], [-76.567175, 3.456301], [-76.567163, 3.456314], [-76.567152, 3.456322], [-76.567142, 3.456328], [-76.567128, 3.456339], [-76.567113, 3.456349], [-76.567087, 3.456368], [-76.567073, 3.456381], [-76.567061, 3.456389], [-76.567045, 3.456397], [-76.567021, 3.456406], [-76.567002, 3.456413], [-76.56698, 3.456419], [-76.566961, 3.456424], [-76.566939, 3.456427], [-76.566908, 3.456445], [-76.566874, 3.456452], [-76.566851, 3.456454], [-76.566813, 3.456453], [-76.566779, 3.456445], [-76.566764, 3.45644], [-76.566744, 3.456431], [-76.566725, 3.456421], [-76.56671, 3.456411], [-76.566699, 3.456403], [-76.566693, 3.456394], [-76.566686, 3.456384], [-76.566676, 3.456365], [-76.56667, 3.456348], [-76.566663, 3.45632], [-76.566662, 3.456308], [-76.566662, 3.456292], [-76.566663, 3.456277], [-76.566666, 3.456256], [-76.56667, 3.45624], [-76.566677, 3.456223], [-76.566711, 3.456198], [-76.566722, 3.456178], [-76.566736, 3.456159], [-76.566738, 3.456143], [-76.566749, 3.456125], [-76.566708, 3.456113], [-76.56674, 3.456047], [-76.566751, 3.455998], [-76.566742, 3.455955], [-76.566728, 3.455907], [-76.566718, 3.455883], [-76.566716, 3.45588], [-76.566715, 3.455878], [-76.566714, 3.455876], [-76.566713, 3.455874], [-76.566712, 3.455873], [-76.566711, 3.455871], [-76.566709, 3.455869], [-76.566708, 3.455867], [-76.566707, 3.455865], [-76.566705, 3.455864], [-76.566704, 3.455862], [-76.566703, 3.45586], [-76.566701, 3.455859], [-76.5667, 3.455857], [-76.566698, 3.455855], [-76.566697, 3.455854], [-76.566695, 3.455852], [-76.566694, 3.455851], [-76.566692, 3.455849], [-76.566691, 3.455848], [-76.566689, 3.455846], [-76.566687, 3.455845], [-76.566686, 3.455844], [-76.566684, 3.455842], [-76.566682, 3.455841], [-76.56668, 3.45584], [-76.566679, 3.455838], [-76.566677, 3.455837], [-76.566675, 3.455836], [-76.566673, 3.455835], [-76.566671, 3.455834], [-76.566669, 3.455833], [-76.566668, 3.455832], [-76.566666, 3.455831], [-76.566664, 3.45583], [-76.566662, 3.455829], [-76.56666, 3.455828], [-76.566658, 3.455827], [-76.566656, 3.455826], [-76.566654, 3.455825], [-76.566652, 3.455824], [-76.56665, 3.455824], [-76.566648, 3.455823], [-76.566646, 3.455822], [-76.566644, 3.455821], [-76.566641, 3.455821], [-76.566639, 3.45582], [-76.566637, 3.45582], [-76.566635, 3.455819], [-76.566633, 3.455819], [-76.566631, 3.455818], [-76.566629, 3.455818], [-76.566627, 3.455818], [-76.566625, 3.455817], [-76.566622, 3.455817], [-76.56662, 3.455817], [-76.566618, 3.455817], [-76.566616, 3.455816], [-76.566614, 3.455816], [-76.566612, 3.455816], [-76.566609, 3.455816], [-76.566607, 3.455816], [-76.566605, 3.455816], [-76.566603, 3.455816], [-76.566601, 3.455816], [-76.566599, 3.455817], [-76.566596, 3.455817], [-76.566594, 3.455817], [-76.566592, 3.455817], [-76.56659, 3.455818], [-76.566588, 3.455818], [-76.566586, 3.455818], [-76.566583, 3.455819], [-76.566581, 3.455819], [-76.566579, 3.45582], [-76.566577, 3.45582], [-76.566497, 3.455837], [-76.566469, 3.455842], [-76.566392, 3.455863], [-76.566381, 3.455866], [-76.566374, 3.455867], [-76.566367, 3.455869], [-76.56636, 3.45587], [-76.566354, 3.455872], [-76.566347, 3.455873], [-76.56634, 3.455874], [-76.566333, 3.455875], [-76.566326, 3.455876], [-76.566319, 3.455876], [-76.566312, 3.455877], [-76.566305, 3.455877], [-76.566298, 3.455878], [-76.566291, 3.455878], [-76.566284, 3.455878], [-76.566277, 3.455878], [-76.56627, 3.455878], [-76.566263, 3.455877], [-76.566256, 3.455877], [-76.566249, 3.455877], [-76.566151, 3.455875], [-76.566032, 3.455877], [-76.565889, 3.455883], [-76.565759, 3.455885], [-76.565595, 3.455886], [-76.565453, 3.455886], [-76.565448, 3.455886], [-76.565443, 3.455886], [-76.565439, 3.455885], [-76.565434, 3.455885], [-76.565429, 3.455884], [-76.565424, 3.455884], [-76.56542, 3.455883], [-76.565415, 3.455882], [-76.56541, 3.455882], [-76.565406, 3.455881], [-76.565401, 3.45588], [-76.565396, 3.455879], [-76.565392, 3.455877], [-76.565387, 3.455876], [-76.565382, 3.455875], [-76.565378, 3.455873], [-76.565373, 3.455872], [-76.565369, 3.45587], [-76.565364, 3.455869], [-76.56536, 3.455867], [-76.565355, 3.455865], [-76.565351, 3.455863], [-76.565347, 3.455862], [-76.565342, 3.455859], [-76.565338, 3.455857], [-76.565334, 3.455855], [-76.565282, 3.455825], [-76.565228, 3.455783], [-76.565106, 3.455717], [-76.564971, 3.455647], [-76.564865, 3.4556], [-76.564752, 3.455552], [-76.56461, 3.455515], [-76.564487, 3.455499], [-76.564484, 3.455499], [-76.56446, 3.455498], [-76.564444, 3.455498], [-76.564427, 3.455498], [-76.564411, 3.455498], [-76.564395, 3.455499], [-76.564378, 3.4555], [-76.564362, 3.455502], [-76.564345, 3.455503], [-76.564329, 3.455505], [-76.564313, 3.455507], [-76.564297, 3.45551], [-76.564197, 3.455524], [-76.564139, 3.455535], [-76.564062, 3.455541], [-76.564017, 3.45554], [-76.563976, 3.455539], [-76.56392, 3.455532], [-76.563852, 3.455516], [-76.563812, 3.455505], [-76.563762, 3.455481], [-76.563732, 3.455457], [-76.563696, 3.455432], [-76.563667, 3.455417], [-76.563579, 3.455396], [-76.563546, 3.455396], [-76.563491, 3.455407], [-76.563447, 3.455419], [-76.563437, 3.455423], [-76.56343, 3.455425], [-76.563423, 3.455428], [-76.563416, 3.45543], [-76.563409, 3.455432], [-76.563402, 3.455434], [-76.563395, 3.455436], [-76.563388, 3.455438], [-76.56338, 3.45544], [-76.563373, 3.455441], [-76.563366, 3.455443], [-76.563359, 3.455444], [-76.563351, 3.455445], [-76.563344, 3.455446], [-76.563337, 3.455447], [-76.563329, 3.455448], [-76.563269, 3.45546], [-76.563236, 3.455466], [-76.563153, 3.455491], [-76.563104, 3.455512], [-76.563063, 3.455555], [-76.563036, 3.455598], [-76.563034, 3.455603], [-76.563032, 3.455606], [-76.563031, 3.455609], [-76.56303, 3.455613], [-76.563029, 3.455616], [-76.563027, 3.455619], [-76.563026, 3.455623], [-76.563025, 3.455626], [-76.563024, 3.45563], [-76.563023, 3.455633], [-76.563022, 3.455636], [-76.563021, 3.45564], [-76.563021, 3.455643], [-76.56302, 3.455647], [-76.563019, 3.45565], [-76.563019, 3.455654], [-76.563018, 3.455657], [-76.563018, 3.455661], [-76.563017, 3.455664], [-76.563017, 3.455668], [-76.563017, 3.455671], [-76.563016, 3.455675], [-76.563016, 3.455678], [-76.563016, 3.455682], [-76.563016, 3.455691], [-76.563016, 3.455698], [-76.563016, 3.455704], [-76.563016, 3.45571], [-76.563016, 3.455716], [-76.563017, 3.455722], [-76.563017, 3.455728], [-76.563018, 3.455734], [-76.563019, 3.455741], [-76.563019, 3.455747], [-76.56302, 3.455753], [-76.563021, 3.455759], [-76.563022, 3.455765], [-76.563024, 3.455771], [-76.563025, 3.455777], [-76.563026, 3.455783], [-76.563028, 3.455789], [-76.56303, 3.455795], [-76.563031, 3.455801], [-76.563033, 3.455807], [-76.563035, 3.455813], [-76.563038, 3.455824], [-76.56304, 3.455831], [-76.563042, 3.455838], [-76.563044, 3.455845], [-76.563047, 3.455851], [-76.563049, 3.455858], [-76.563052, 3.455864], [-76.563054, 3.455871], [-76.563057, 3.455877], [-76.56306, 3.455884], [-76.563063, 3.45589], [-76.563066, 3.455897], [-76.563069, 3.455903], [-76.563072, 3.455909], [-76.563076, 3.455915], [-76.563079, 3.455921], [-76.563083, 3.455927], [-76.563092, 3.455943], [-76.563099, 3.455955], [-76.563106, 3.455967], [-76.563121, 3.45599], [-76.563129, 3.456002], [-76.563248, 3.456154], [-76.563343, 3.456262], [-76.563398, 3.456315], [-76.563452, 3.45636], [-76.563499, 3.456409], [-76.563501, 3.456412], [-76.563503, 3.456414], [-76.563505, 3.456416], [-76.563506, 3.456419], [-76.563508, 3.456421], [-76.56351, 3.456423], [-76.563511, 3.456426], [-76.563513, 3.456428], [-76.563515, 3.456431], [-76.563516, 3.456433], [-76.563518, 3.456436], [-76.563519, 3.456438], [-76.56352, 3.456441], [-76.563522, 3.456443], [-76.563523, 3.456446], [-76.563524, 3.456449], [-76.563526, 3.456451], [-76.563527, 3.456454], [-76.563528, 3.456457], [-76.563529, 3.456459], [-76.56353, 3.456462], [-76.563531, 3.456465], [-76.563532, 3.456468], [-76.563533, 3.45647], [-76.563534, 3.456473], [-76.563534, 3.456476], [-76.563535, 3.456479], [-76.563536, 3.456482], [-76.563536, 3.456485], [-76.563537, 3.456487], [-76.563537, 3.456528], [-76.563544, 3.456733], [-76.56349, 3.456951], [-76.56335, 3.457185], [-76.563276, 3.45734], [-76.563256, 3.457379], [-76.563129, 3.45771], [-76.563049, 3.45785], [-76.563, 3.457935], [-76.562791, 3.458119], [-76.562611, 3.458275], [-76.562433, 3.458382], [-76.56239, 3.458407], [-76.562378, 3.458415], [-76.562336, 3.45844], [-76.562334, 3.458441], [-76.562181, 3.458534], [-76.562093, 3.458615], [-76.562036, 3.458668], [-76.561926, 3.458981], [-76.561911, 3.459], [-76.561737, 3.459211], [-76.561718, 3.459235], [-76.56152, 3.459445], [-76.561402, 3.459571], [-76.561372, 3.4596], [-76.561029, 3.459929], [-76.560812, 3.460193], [-76.560652, 3.460389], [-76.560622, 3.460495], [-76.560602, 3.460568], [-76.560566, 3.460697], [-76.560562, 3.460711], [-76.560559, 3.460792], [-76.560551, 3.460995], [-76.560544, 3.46116], [-76.560564, 3.461289], [-76.560598, 3.46151], [-76.560605, 3.46156], [-76.560653, 3.461932], [-76.56066, 3.461991], [-76.5607, 3.4623], [-76.5607, 3.462303], [-76.560717, 3.462621], [-76.560729, 3.462849], [-76.560775, 3.463267], [-76.560813, 3.463477], [-76.560827, 3.46355], [-76.560827, 3.463551], [-76.560826, 3.463551], [-76.560818, 3.463554], [-76.56077, 3.463553], [-76.560723, 3.463553], [-76.560428, 3.463549], [-76.560341, 3.463548], [-76.56025, 3.463547], [-76.55998, 3.463544], [-76.559972, 3.463544], [-76.559966, 3.463544], [-76.559759, 3.463542], [-76.559751, 3.463541], [-76.559623, 3.46354], [-76.559503, 3.463539], [-76.559488, 3.463538], [-76.559472, 3.463538], [-76.559369, 3.463537], [-76.55937, 3.463533], [-76.559365, 3.463491], [-76.559361, 3.463449], [-76.55936, 3.463436], [-76.559358, 3.463421], [-76.559355, 3.463406], [-76.559349, 3.463394], [-76.559342, 3.463377], [-76.559341, 3.463359], [-76.559335, 3.463358], [-76.559296, 3.463286], [-76.559294, 3.463277], [-76.559282, 3.463245], [-76.559278, 3.463236], [-76.559275, 3.463227], [-76.559272, 3.463218], [-76.559266, 3.463206], [-76.559261, 3.463195], [-76.559254, 3.463185], [-76.559236, 3.463148], [-76.559227, 3.463137], [-76.559217, 3.463128], [-76.559204, 3.463108], [-76.559194, 3.463101], [-76.559184, 3.463093], [-76.559172, 3.463078], [-76.559165, 3.463072], [-76.559157, 3.463066], [-76.559142, 3.463061], [-76.559132, 3.463053], [-76.55912, 3.46305], [-76.559111, 3.463043], [-76.559088, 3.463029], [-76.559076, 3.463021], [-76.559061, 3.463014], [-76.559037, 3.463007], [-76.559027, 3.463002], [-76.559004, 3.462997], [-76.558974, 3.46299], [-76.558957, 3.462987], [-76.558954, 3.462987], [-76.558943, 3.46298]]]]}, "geometry_name": "the_geom", "properties": {"gid": 1, "id_comuna": 1, "nombre": "Comuna 1", "no_arboles": 5782, "area_m2": 221252.726, "cobarb_ha": 22.125, "arb_habita": 0.065, "arb_eep": 130, "m2_eep": 5959.986, "ha_eep": 0.596, "arb_eep_ro": 1965, "m2_eep_ron": 78917.033, "ha_eep_ron": 7.892, "arb_eec_ep": 108, "m2_eec_ep": 6830.082, "ha_eec_ep": 0.683, "arb_eec_eq": 356, "m2_eec_eq": 26090.322, "ha_eec_eq": 2.609, "arb_muerto": 114, "arb_regula": 4246, "arbol_sano": 1421, "arbol_seco": 1}}, {"type": "Feature", "id": "emc_amb_sos_car_censo_arboreo_comuna.fid--215d4958_1a10e591eea_-d7", "geometry": {"type": "MultiPolygon", "coordinates": [[[[-76.500807, 3.492115], [-76.500919, 3.491984], [-76.501076, 3.491725], [-76.501235, 3.491452], [-76.501448, 3.491162], [-76.501566, 3.491], [-76.501636, 3.490939], [-76.501638, 3.490937], [-76.501646, 3.490932], [-76.501653, 3.490926], [-76.50166, 3.490921], [-76.501668, 3.490916], [-76.501671, 3.490914], [-76.501675, 3.490911], [-76.501683, 3.490906], [-76.501691, 3.490902], [-76.501698, 3.490897], [-76.501706, 3.490892], [-76.501839, 3.490798], [-76.502021, 3.490646], [-76.502236, 3.490423], [-76.502236, 3.490422], [-76.502286, 3.490319], [-76.502313, 3.490277], [-76.502353, 3.490181], [-76.502397, 3.490078], [-76.502481, 3.489824], [-76.502569, 3.489602], [-76.502698, 3.489283], [-76.502814, 3.489065], [-76.502915, 3.488827], [-76.503019, 3.48861], [-76.503043, 3.488569], [-76.503046, 3.488563], [-76.503109, 3.488474], [-76.503191, 3.488405], [-76.503204, 3.488394], [-76.503295, 3.488333], [-76.503351, 3.488281], [-76.503423, 3.488245], [-76.503559, 3.488175], [-76.503618, 3.488115], [-76.503749, 3.487919], [-76.503806, 3.487658], [-76.503845, 3.487562], [-76.503878, 3.487469], [-76.503897, 3.487345], [-76.503899, 3.487201], [-76.503924, 3.487106], [-76.503918, 3.48697], [-76.503909, 3.486852], [-76.503909, 3.486653], [-76.5039, 3.486572], [-76.503891, 3.486481], [-76.503889, 3.486475], [-76.503899, 3.486313], [-76.503942, 3.485954], [-76.503935, 3.48571], [-76.503928, 3.4856], [-76.503945, 3.485523], [-76.503963, 3.485442], [-76.503952, 3.485335], [-76.503954, 3.485075], [-76.503945, 3.484827], [-76.50395, 3.484768], [-76.503943, 3.484675], [-76.503927, 3.48452], [-76.503927, 3.484387], [-76.503964, 3.484242], [-76.503983, 3.48411], [-76.503981, 3.484031], [-76.504035, 3.483895], [-76.504071, 3.483823], [-76.504125, 3.483687], [-76.504196, 3.483614], [-76.504235, 3.483581], [-76.504292, 3.483539], [-76.504405, 3.483486], [-76.504499, 3.48344], [-76.504601, 3.483394], [-76.504711, 3.48335], [-76.504809, 3.483307], [-76.50489, 3.483271], [-76.505058, 3.483221], [-76.505169, 3.483186], [-76.505384, 3.483096], [-76.505578, 3.482992], [-76.505764, 3.482889], [-76.505942, 3.482784], [-76.506072, 3.482678], [-76.506262, 3.482563], [-76.506415, 3.482484], [-76.506654, 3.482369], [-76.506831, 3.482325], [-76.506978, 3.482304], [-76.507074, 3.482279], [-76.507367, 3.482193], [-76.507653, 3.482078], [-76.507716, 3.482042], [-76.507806, 3.481987], [-76.507896, 3.481951], [-76.50795, 3.481933], [-76.508154, 3.481801], [-76.5084, 3.481602], [-76.508571, 3.481454], [-76.508602, 3.48142], [-76.508767, 3.481274], [-76.508974, 3.481068], [-76.509051, 3.480997], [-76.509051, 3.480996], [-76.509102, 3.480893], [-76.509138, 3.480839], [-76.509192, 3.480748], [-76.509264, 3.48064], [-76.509327, 3.48054], [-76.509372, 3.480459], [-76.509417, 3.480369], [-76.509471, 3.480278], [-76.509525, 3.480161], [-76.509588, 3.480043], [-76.509651, 3.479916], [-76.509678, 3.479835], [-76.509714, 3.479754], [-76.50975, 3.47969], [-76.509813, 3.479618], [-76.509867, 3.479546], [-76.50993, 3.479464], [-76.509975, 3.479401], [-76.510029, 3.479329], [-76.510101, 3.479229], [-76.510164, 3.479157], [-76.510245, 3.479048], [-76.510299, 3.478976], [-76.510371, 3.478886], [-76.510434, 3.478795], [-76.510533, 3.478641], [-76.510623, 3.478515], [-76.510686, 3.478397], [-76.510731, 3.478316], [-76.510776, 3.478216], [-76.510821, 3.478144], [-76.510843, 3.478102], [-76.510857, 3.478072], [-76.51092, 3.477981], [-76.510975, 3.4779], [-76.511038, 3.477791], [-76.511092, 3.477692], [-76.511155, 3.477611], [-76.511193, 3.477558], [-76.511227, 3.477511], [-76.51129, 3.47743], [-76.511362, 3.477321], [-76.511443, 3.477213], [-76.511497, 3.477113], [-76.511587, 3.477005], [-76.511659, 3.476932], [-76.51174, 3.476851], [-76.511812, 3.476752], [-76.511884, 3.47667], [-76.511974, 3.47658], [-76.511985, 3.476564], [-76.512019, 3.476516], [-76.512074, 3.476445], [-76.512082, 3.476435], [-76.512154, 3.476326], [-76.512226, 3.476218], [-76.51228, 3.476137], [-76.512334, 3.476046], [-76.512379, 3.475956], [-76.512442, 3.475865], [-76.512496, 3.475784], [-76.512559, 3.475684], [-76.512622, 3.475594], [-76.512685, 3.475495], [-76.51273, 3.475431], [-76.512775, 3.475368], [-76.51282, 3.475314], [-76.512901, 3.475214], [-76.512964, 3.475124], [-76.513027, 3.475033], [-76.51309, 3.474943], [-76.513198, 3.474816], [-76.513288, 3.474717], [-76.513369, 3.474635], [-76.51345, 3.474563], [-76.513549, 3.474464], [-76.513641, 3.474366], [-76.513735, 3.474268], [-76.513747, 3.474256], [-76.513819, 3.474156], [-76.513882, 3.474075], [-76.513934, 3.473969], [-76.514082, 3.473689], [-76.514246, 3.473412], [-76.514422, 3.473161], [-76.514485, 3.473053], [-76.514557, 3.472917], [-76.514602, 3.472854], [-76.514647, 3.472782], [-76.514701, 3.472718], [-76.51471, 3.472701], [-76.514755, 3.472619], [-76.514863, 3.472483], [-76.514971, 3.47233], [-76.515097, 3.472149], [-76.515241, 3.471968], [-76.515349, 3.471832], [-76.515448, 3.471706], [-76.515556, 3.47157], [-76.515673, 3.471434], [-76.515736, 3.471353], [-76.515835, 3.471235], [-76.515943, 3.471073], [-76.516015, 3.470964], [-76.516141, 3.470801], [-76.516231, 3.470666], [-76.516312, 3.47053], [-76.516366, 3.470421], [-76.516429, 3.470295], [-76.516492, 3.470213], [-76.516573, 3.470087], [-76.516626, 3.470014], [-76.516645, 3.469987], [-76.51669, 3.469897], [-76.516734, 3.469814], [-76.516753, 3.469779], [-76.516825, 3.46968], [-76.516888, 3.469571], [-76.516924, 3.469472], [-76.516969, 3.469372], [-76.517014, 3.469282], [-76.517059, 3.469201], [-76.517113, 3.469092], [-76.517194, 3.468938], [-76.517248, 3.468794], [-76.517284, 3.468676], [-76.51732, 3.468595], [-76.517356, 3.468532], [-76.517392, 3.468468], [-76.517429, 3.468381], [-76.5175, 3.468215], [-76.517536, 3.468134], [-76.517599, 3.467989], [-76.517644, 3.467889], [-76.517698, 3.467745], [-76.517743, 3.467627], [-76.517806, 3.467483], [-76.517878, 3.467338], [-76.517905, 3.467275], [-76.517959, 3.467175], [-76.518004, 3.467076], [-76.51804, 3.466976], [-76.518085, 3.466877], [-76.518148, 3.466714], [-76.518211, 3.466596], [-76.518274, 3.466488], [-76.518346, 3.466379], [-76.518391, 3.466289], [-76.518445, 3.466189], [-76.518481, 3.466108], [-76.518535, 3.466018], [-76.518571, 3.465918], [-76.518634, 3.465837], [-76.518697, 3.465683], [-76.518778, 3.465529], [-76.518868, 3.46533], [-76.518931, 3.465195], [-76.518985, 3.46505], [-76.519012, 3.464969], [-76.519039, 3.464923], [-76.51912, 3.464815], [-76.519144, 3.464786], [-76.519201, 3.464715], [-76.519264, 3.464643], [-76.519345, 3.464562], [-76.519399, 3.464507], [-76.519444, 3.464462], [-76.519534, 3.464372], [-76.51956, 3.464334], [-76.519597, 3.464281], [-76.519642, 3.464182], [-76.519696, 3.464055], [-76.519732, 3.463974], [-76.519768, 3.463901], [-76.519813, 3.463793], [-76.519849, 3.463684], [-76.519858, 3.463594], [-76.519876, 3.463485], [-76.519912, 3.463359], [-76.519957, 3.463241], [-76.520002, 3.463151], [-76.520074, 3.46306], [-76.520155, 3.462952], [-76.520209, 3.462889], [-76.520299, 3.462798], [-76.520434, 3.462672], [-76.520533, 3.462572], [-76.520641, 3.4625], [-76.52074, 3.462455], [-76.521064, 3.462346], [-76.521271, 3.46231], [-76.521315, 3.4623], [-76.521344, 3.462294], [-76.521352, 3.462292], [-76.521848, 3.462239], [-76.521946, 3.462229], [-76.52209, 3.462211], [-76.522189, 3.46222], [-76.522297, 3.46222], [-76.522405, 3.46222], [-76.522513, 3.462211], [-76.522693, 3.46222], [-76.522918, 3.462247], [-76.523107, 3.462292], [-76.523269, 3.462319], [-76.523413, 3.462328], [-76.523539, 3.462346], [-76.523629, 3.462364], [-76.52371, 3.462382], [-76.523845, 3.46241], [-76.523971, 3.46241], [-76.52407, 3.462401], [-76.524133, 3.462373], [-76.524169, 3.462337], [-76.524196, 3.462292], [-76.524214, 3.462247], [-76.52425, 3.462211], [-76.524304, 3.462138], [-76.524349, 3.462066], [-76.524394, 3.461976], [-76.524457, 3.461876], [-76.52452, 3.461768], [-76.524565, 3.461668], [-76.524619, 3.461578], [-76.524673, 3.461505], [-76.524727, 3.461433], [-76.524763, 3.46137], [-76.52479, 3.461315], [-76.524826, 3.461243], [-76.52488, 3.461171], [-76.524952, 3.461071], [-76.525006, 3.460999], [-76.525078, 3.460936], [-76.525177, 3.460854], [-76.525267, 3.460782], [-76.525295, 3.460757], [-76.525348, 3.46071], [-76.525429, 3.460655], [-76.525528, 3.460592], [-76.525627, 3.460538], [-76.525845, 3.460453], [-76.52617, 3.460287], [-76.526427, 3.460126], [-76.526677, 3.459914], [-76.526772, 3.459821], [-76.526842, 3.459751], [-76.526914, 3.459688], [-76.526959, 3.459615], [-76.526995, 3.459543], [-76.527076, 3.459444], [-76.52713, 3.459362], [-76.527211, 3.459227], [-76.527261, 3.459154], [-76.527292, 3.459109], [-76.527364, 3.458991], [-76.527427, 3.45891], [-76.527481, 3.458829], [-76.527517, 3.458747], [-76.527553, 3.458666], [-76.52758, 3.458566], [-76.527598, 3.458476], [-76.527607, 3.458413], [-76.527625, 3.458358], [-76.527652, 3.458313], [-76.527679, 3.458277], [-76.527724, 3.458241], [-76.527823, 3.458159], [-76.527949, 3.458078], [-76.528084, 3.458006], [-76.528255, 3.457933], [-76.528399, 3.457879], [-76.528633, 3.457834], [-76.528872, 3.457786], [-76.528903, 3.45778], [-76.529074, 3.457744], [-76.529227, 3.457735], [-76.529317, 3.457735], [-76.529389, 3.457744], [-76.529614, 3.457843], [-76.529722, 3.45787], [-76.529839, 3.457879], [-76.529929, 3.457879], [-76.530001, 3.45787], [-76.530064, 3.457852], [-76.530145, 3.457798], [-76.530289, 3.457717], [-76.530415, 3.457626], [-76.530496, 3.457563], [-76.530568, 3.457472], [-76.53064, 3.457409], [-76.530703, 3.457355], [-76.530784, 3.45731], [-76.530901, 3.457228], [-76.531108, 3.457122], [-76.531109, 3.457121], [-76.53127, 3.457038], [-76.531333, 3.456975], [-76.531423, 3.456912], [-76.531522, 3.456839], [-76.531639, 3.456722], [-76.531738, 3.456604], [-76.531828, 3.456469], [-76.531873, 3.456369], [-76.531891, 3.456288], [-76.5319, 3.456134], [-76.531918, 3.455971], [-76.531945, 3.455772], [-76.531954, 3.455754], [-76.531963, 3.455619], [-76.531999, 3.455465], [-76.532035, 3.455221], [-76.532062, 3.455058], [-76.532089, 3.45494], [-76.532134, 3.454768], [-76.532188, 3.454579], [-76.532269, 3.45438], [-76.532341, 3.454244], [-76.532377, 3.454163], [-76.532449, 3.454063], [-76.532494, 3.454027], [-76.532566, 3.453982], [-76.532665, 3.453937], [-76.532722, 3.453901], [-76.532809, 3.453846], [-76.532935, 3.453765], [-76.532943, 3.453761], [-76.533043, 3.453719], [-76.53316, 3.453692], [-76.533164, 3.45369], [-76.533268, 3.453629], [-76.533358, 3.453593], [-76.533421, 3.453575], [-76.533574, 3.453521], [-76.533817, 3.453412], [-76.534105, 3.453322], [-76.53451, 3.453204], [-76.534816, 3.453114], [-76.534973, 3.453044], [-76.535041, 3.453014], [-76.535086, 3.452978], [-76.535185, 3.452915], [-76.535266, 3.452879], [-76.535689, 3.452689], [-76.535797, 3.452607], [-76.535887, 3.452562], [-76.536049, 3.452417], [-76.536184, 3.452291], [-76.536221, 3.452254], [-76.536337, 3.452137], [-76.536409, 3.452056], [-76.536544, 3.451938], [-76.536688, 3.45183], [-76.536805, 3.451757], [-76.536913, 3.451685], [-76.537003, 3.451595], [-76.537093, 3.451522], [-76.53721, 3.451432], [-76.537372, 3.451323], [-76.537516, 3.451233], [-76.537705, 3.451124], [-76.537849, 3.451052], [-76.537959, 3.450998], [-76.538146, 3.450907], [-76.538245, 3.450862], [-76.53847, 3.45079], [-76.538542, 3.450772], [-76.538704, 3.450745], [-76.538857, 3.450726], [-76.538974, 3.450708], [-76.5391, 3.450699], [-76.539235, 3.45069], [-76.539307, 3.45069], [-76.539442, 3.45069], [-76.539541, 3.45069], [-76.539685, 3.45069], [-76.539919, 3.450717], [-76.540099, 3.450754], [-76.540522, 3.450944], [-76.540656, 3.451038], [-76.540841, 3.451167], [-76.540999, 3.451278], [-76.541071, 3.451323], [-76.541161, 3.451396], [-76.541215, 3.451441], [-76.541251, 3.451486], [-76.541305, 3.451522], [-76.541386, 3.45154], [-76.541512, 3.451568], [-76.541656, 3.451568], [-76.541746, 3.451559], [-76.541754, 3.451555], [-76.541777, 3.451546], [-76.541836, 3.451522], [-76.541899, 3.451495], [-76.541971, 3.451486], [-76.542043, 3.451486], [-76.542115, 3.451477], [-76.542196, 3.451459], [-76.542691, 3.451251], [-76.542789, 3.451206], [-76.542834, 3.451188], [-76.54287, 3.45117], [-76.542915, 3.451143], [-76.542942, 3.451125], [-76.543005, 3.451097], [-76.543086, 3.451088], [-76.543149, 3.451079], [-76.543248, 3.451061], [-76.543356, 3.451052], [-76.543437, 3.451052], [-76.543527, 3.451052], [-76.543608, 3.451052], [-76.543689, 3.45107], [-76.543815, 3.451107], [-76.543914, 3.451125], [-76.544013, 3.451152], [-76.544085, 3.451161], [-76.544148, 3.45117], [-76.544211, 3.451179], [-76.544283, 3.451188], [-76.544346, 3.451197], [-76.544445, 3.451188], [-76.544481, 3.451179], [-76.544481, 3.451178], [-76.544472, 3.450329], [-76.544481, 3.450211], [-76.544481, 3.44966], [-76.54448, 3.449649], [-76.544477, 3.449595], [-76.544477, 3.44959], [-76.544468, 3.449549], [-76.544442, 3.449472], [-76.54441, 3.449401], [-76.54435, 3.449336], [-76.544339, 3.449324], [-76.544236, 3.449241], [-76.544139, 3.449176], [-76.544065, 3.449105], [-76.544024, 3.448999], [-76.543983, 3.448848], [-76.543936, 3.448703], [-76.543898, 3.448632], [-76.543827, 3.448609], [-76.543709, 3.448609], [-76.54358, 3.448659], [-76.543265, 3.448786], [-76.543027, 3.448872], [-76.542685, 3.448972], [-76.542565, 3.449011], [-76.542538, 3.448929], [-76.54253, 3.448904], [-76.542736, 3.448813], [-76.543318, 3.448561], [-76.543351, 3.448546], [-76.54373, 3.448366], [-76.544068, 3.448195], [-76.544239, 3.44813], [-76.544377, 3.448112], [-76.54448, 3.448124], [-76.544571, 3.44815], [-76.544592, 3.448161], [-76.544649, 3.448199], [-76.544724, 3.448249], [-76.544816, 3.44831], [-76.544867, 3.448298], [-76.544891, 3.448293], [-76.544929, 3.448282], [-76.54497, 3.44827], [-76.544981, 3.448268], [-76.544991, 3.448266], [-76.545014, 3.448262], [-76.545019, 3.448263], [-76.545057, 3.448258], [-76.545192, 3.448231], [-76.545282, 3.448213], [-76.545498, 3.448177], [-76.545588, 3.448168], [-76.545696, 3.448149], [-76.545813, 3.44814], [-76.546056, 3.44814], [-76.546272, 3.448131], [-76.546353, 3.448131], [-76.546371, 3.448131], [-76.546425, 3.448122], [-76.54647, 3.448104], [-76.546506, 3.448086], [-76.546533, 3.448059], [-76.546569, 3.448032], [-76.546596, 3.448005], [-76.546596, 3.447996], [-76.546614, 3.44796], [-76.546632, 3.447923], [-76.546641, 3.447869], [-76.546641, 3.447833], [-76.546614, 3.447743], [-76.546578, 3.447688], [-76.546506, 3.447616], [-76.546344, 3.447562], [-76.546245, 3.447525], [-76.546191, 3.447507], [-76.546119, 3.447471], [-76.546074, 3.447444], [-76.546029, 3.447408], [-76.545984, 3.447372], [-76.545957, 3.447326], [-76.54593, 3.447281], [-76.545912, 3.447236], [-76.545903, 3.447218], [-76.545885, 3.447164], [-76.545885, 3.447109], [-76.545876, 3.447073], [-76.545885, 3.447019], [-76.545894, 3.446974], [-76.545912, 3.446929], [-76.545939, 3.446883], [-76.545966, 3.446838], [-76.545984, 3.446811], [-76.546065, 3.446684], [-76.546101, 3.44663], [-76.54611, 3.446603], [-76.546297, 3.446762], [-76.546497, 3.446894], [-76.546706, 3.446972], [-76.546984, 3.446972], [-76.547262, 3.446955], [-76.547262, 3.446955], [-76.547449, 3.447007], [-76.547629, 3.447047], [-76.54797, 3.447097], [-76.548191, 3.447131], [-76.548358, 3.447161], [-76.548501, 3.447158], [-76.548591, 3.447138], [-76.548672, 3.447107], [-76.548706, 3.447088], [-76.548804, 3.447113], [-76.549039, 3.447233], [-76.549254, 3.447366], [-76.549335, 3.447447], [-76.549434, 3.447547], [-76.54952, 3.447604], [-76.5496, 3.447593], [-76.549676, 3.447566], [-76.549747, 3.447547], [-76.54984, 3.44754], [-76.549932, 3.447512], [-76.549936, 3.447519], [-76.550107, 3.447412], [-76.550223, 3.44733], [-76.550515, 3.447603], [-76.55101, 3.447235], [-76.551458, 3.446914], [-76.551526, 3.446928], [-76.551628, 3.446928], [-76.551805, 3.446887], [-76.55192, 3.446894], [-76.55209, 3.44703], [-76.552199, 3.44716], [-76.552287, 3.447194], [-76.552375, 3.447194], [-76.55281, 3.446996], [-76.552891, 3.446928], [-76.552952, 3.446737], [-76.55302, 3.446553], [-76.553136, 3.446443], [-76.553305, 3.446409], [-76.553434, 3.446491], [-76.553645, 3.446669], [-76.553862, 3.446751], [-76.554134, 3.446757], [-76.554358, 3.446676], [-76.554419, 3.446682], [-76.554534, 3.44688], [-76.554595, 3.447051], [-76.554589, 3.447174], [-76.554541, 3.447283], [-76.554453, 3.447433], [-76.554405, 3.447556], [-76.554358, 3.447658], [-76.554378, 3.447754], [-76.554446, 3.447835], [-76.554609, 3.44789], [-76.554901, 3.447897], [-76.555152, 3.44791], [-76.555281, 3.447924], [-76.555383, 3.447986], [-76.555481, 3.448092], [-76.555605, 3.448068], [-76.555614, 3.448068], [-76.555659, 3.44805], [-76.555695, 3.448032], [-76.555731, 3.448014], [-76.555776, 3.447987], [-76.555812, 3.447951], [-76.555911, 3.447851], [-76.555965, 3.447806], [-76.556073, 3.447734], [-76.556082, 3.447725], [-76.556145, 3.447698], [-76.55619, 3.44768], [-76.556226, 3.447671], [-76.556253, 3.447662], [-76.556298, 3.447662], [-76.556334, 3.447662], [-76.556352, 3.447662], [-76.556397, 3.44768], [-76.556514, 3.447734], [-76.556559, 3.44777], [-76.556655, 3.447858], [-76.556658, 3.44786], [-76.556659, 3.447862], [-76.556658, 3.447862], [-76.556658, 3.447862], [-76.556657, 3.447863], [-76.556592, 3.447914], [-76.55657, 3.447936], [-76.556559, 3.447946], [-76.55647, 3.448031], [-76.556467, 3.448034], [-76.556386, 3.448112], [-76.55628, 3.448206], [-76.556285, 3.448211], [-76.556306, 3.448235], [-76.556323, 3.448254], [-76.556354, 3.448288], [-76.556401, 3.448341], [-76.556415, 3.448358], [-76.556428, 3.448376], [-76.556451, 3.448385], [-76.556487, 3.448394], [-76.556523, 3.448412], [-76.556631, 3.448466], [-76.556712, 3.448503], [-76.556775, 3.448539], [-76.556838, 3.448575], [-76.556964, 3.448647], [-76.557045, 3.448702], [-76.557081, 3.44872], [-76.557126, 3.448756], [-76.557162, 3.448792], [-76.557225, 3.448837], [-76.557252, 3.448855], [-76.557305, 3.448889], [-76.557305, 3.448901], [-76.557305, 3.448963], [-76.557305, 3.450064], [-76.557305, 3.450101], [-76.557305, 3.450103], [-76.557289, 3.450105], [-76.557283, 3.450106], [-76.557283, 3.450106], [-76.557283, 3.450106], [-76.557256, 3.45011], [-76.557251, 3.450111], [-76.557251, 3.450111], [-76.557237, 3.450113], [-76.557187, 3.450121], [-76.557187, 3.450118], [-76.557171, 3.450121], [-76.557117, 3.450139], [-76.557072, 3.450157], [-76.557036, 3.450185], [-76.556991, 3.450212], [-76.556833, 3.450384], [-76.556676, 3.450555], [-76.55664, 3.450601], [-76.556604, 3.450637], [-76.556559, 3.450673], [-76.556514, 3.4507], [-76.55646, 3.450727], [-76.556406, 3.450745], [-76.555452, 3.450989], [-76.555101, 3.45108], [-76.555002, 3.451107], [-76.554939, 3.451125], [-76.554894, 3.451143], [-76.554849, 3.451179], [-76.554813, 3.451206], [-76.554786, 3.451252], [-76.554759, 3.451288], [-76.554732, 3.451333], [-76.554723, 3.45136], [-76.554714, 3.451387], [-76.554705, 3.451433], [-76.554651, 3.451631], [-76.554633, 3.451686], [-76.554615, 3.451731], [-76.554588, 3.451776], [-76.554552, 3.451821], [-76.554534, 3.451849], [-76.554498, 3.451885], [-76.554363, 3.452029], [-76.554201, 3.452201], [-76.554102, 3.45231], [-76.553805, 3.452635], [-76.553733, 3.452717], [-76.55367, 3.45278], [-76.553571, 3.452888], [-76.553499, 3.45297], [-76.553418, 3.453051], [-76.553355, 3.453124], [-76.55331, 3.453169], [-76.553265, 3.453196], [-76.553211, 3.453232], [-76.553157, 3.453259], [-76.552887, 3.453359], [-76.552725, 3.453413], [-76.552446, 3.453512], [-76.552158, 3.453621], [-76.552086, 3.453648], [-76.551879, 3.453729], [-76.551726, 3.453793], [-76.551663, 3.453811], [-76.551591, 3.453838], [-76.551483, 3.453865], [-76.551348, 3.453883], [-76.551177, 3.453892], [-76.551141, 3.453901], [-76.550997, 3.45391], [-76.550952, 3.453919], [-76.550889, 3.453919], [-76.550853, 3.453919], [-76.550772, 3.453919], [-76.550691, 3.453919], [-76.55061, 3.453901], [-76.550511, 3.453874], [-76.550367, 3.453829], [-76.550304, 3.453811], [-76.550232, 3.453784], [-76.54989, 3.453675], [-76.549845, 3.453711], [-76.549683, 3.453847], [-76.549665, 3.453883], [-76.54962, 3.453946], [-76.549368, 3.454064], [-76.54926, 3.454118], [-76.54845, 3.45457], [-76.548351, 3.454625], [-76.548308, 3.454648], [-76.548185, 3.454715], [-76.548055, 3.454803], [-76.54802, 3.454859], [-76.547979, 3.45492], [-76.547964, 3.454997], [-76.547969, 3.455063], [-76.547994, 3.455145], [-76.548193, 3.455406], [-76.548401, 3.455693], [-76.548548, 3.455897], [-76.548466, 3.455956], [-76.548373, 3.455984], [-76.548296, 3.456021], [-76.548198, 3.456055], [-76.548093, 3.45607], [-76.548031, 3.45608], [-76.547985, 3.456108], [-76.547942, 3.456145], [-76.547917, 3.456182], [-76.547902, 3.456204], [-76.547875, 3.45621], [-76.547681, 3.456259], [-76.54743, 3.456426], [-76.547247, 3.456558], [-76.547099, 3.456707], [-76.546969, 3.45691], [-76.54696, 3.456905], [-76.546891, 3.456872], [-76.546817, 3.456836], [-76.546683, 3.456771], [-76.546699, 3.45686], [-76.546701, 3.456872], [-76.54671, 3.456925], [-76.546713, 3.457089], [-76.546714, 3.457099], [-76.546714, 3.45711], [-76.546714, 3.457121], [-76.546714, 3.457121], [-76.546715, 3.457131], [-76.546716, 3.457141], [-76.546711, 3.45717], [-76.546709, 3.45717], [-76.546367, 3.457235], [-76.546382, 3.457299], [-76.546285, 3.457345], [-76.546144, 3.457311], [-76.546121, 3.45721], [-76.546111, 3.457208], [-76.546101, 3.457206], [-76.546095, 3.457203], [-76.546093, 3.457203], [-76.546084, 3.457199], [-76.546073, 3.457193], [-76.546065, 3.457188], [-76.546052, 3.457184], [-76.546043, 3.457182], [-76.546032, 3.457182], [-76.546021, 3.457182], [-76.546009, 3.457182], [-76.545998, 3.457182], [-76.545988, 3.457181], [-76.545978, 3.45718], [-76.545967, 3.457178], [-76.545958, 3.457175], [-76.54595, 3.45717], [-76.545942, 3.457164], [-76.545937, 3.457156], [-76.545934, 3.457147], [-76.545928, 3.457136], [-76.545923, 3.457129], [-76.545916, 3.457123], [-76.545905, 3.457121], [-76.545896, 3.457125], [-76.545889, 3.457132], [-76.54588, 3.457152], [-76.545864, 3.457169], [-76.545846, 3.45717], [-76.545823, 3.45716], [-76.545804, 3.457149], [-76.545783, 3.457143], [-76.54577, 3.457141], [-76.545755, 3.45714], [-76.54574, 3.457139], [-76.545728, 3.457139], [-76.545716, 3.457139], [-76.545704, 3.457139], [-76.545689, 3.45714], [-76.545676, 3.457141], [-76.545654, 3.457136], [-76.545656, 3.457104], [-76.545657, 3.457091], [-76.545657, 3.457087], [-76.545656, 3.45708], [-76.545655, 3.457064], [-76.545649, 3.457051], [-76.545639, 3.457042], [-76.545629, 3.457032], [-76.545616, 3.457021], [-76.545602, 3.457008], [-76.545592, 3.456999], [-76.545578, 3.456991], [-76.545564, 3.456984], [-76.545547, 3.456978], [-76.545529, 3.456973], [-76.545513, 3.456969], [-76.545498, 3.456968], [-76.545484, 3.456967], [-76.545471, 3.456968], [-76.545457, 3.456969], [-76.545449, 3.456969], [-76.545441, 3.45697], [-76.545424, 3.45697], [-76.545406, 3.45697], [-76.545388, 3.456968], [-76.545369, 3.456965], [-76.545356, 3.456962], [-76.545341, 3.456956], [-76.545325, 3.45695], [-76.54531, 3.456941], [-76.545295, 3.456931], [-76.545282, 3.456921], [-76.54527, 3.456915], [-76.545255, 3.456908], [-76.545244, 3.456902], [-76.545234, 3.456895], [-76.545224, 3.456887], [-76.545214, 3.456877], [-76.545201, 3.456859], [-76.545187, 3.456837], [-76.545173, 3.456814], [-76.545094, 3.456675], [-76.545089, 3.456667], [-76.545089, 3.456666], [-76.545079, 3.45665], [-76.545071, 3.456636], [-76.545068, 3.456627], [-76.545065, 3.456618], [-76.545061, 3.456607], [-76.545057, 3.456599], [-76.545051, 3.456592], [-76.545003, 3.456556], [-76.54494, 3.456522], [-76.544907, 3.456505], [-76.544896, 3.456504], [-76.5448, 3.456481], [-76.54479, 3.456481], [-76.544778, 3.456482], [-76.544768, 3.456482], [-76.544758, 3.456481], [-76.544748, 3.45648], [-76.544734, 3.45648], [-76.544721, 3.456481], [-76.544711, 3.456481], [-76.544702, 3.45648], [-76.544692, 3.456478], [-76.544681, 3.456476], [-76.544672, 3.456472], [-76.544662, 3.456468], [-76.544653, 3.456463], [-76.544642, 3.456458], [-76.54463, 3.456451], [-76.544621, 3.456448], [-76.544612, 3.456445], [-76.544599, 3.456441], [-76.54459, 3.456439], [-76.54458, 3.456436], [-76.544571, 3.456433], [-76.54456, 3.456429], [-76.544548, 3.456425], [-76.544539, 3.456422], [-76.54453, 3.45642], [-76.544519, 3.456415], [-76.544517, 3.456414], [-76.544507, 3.45641], [-76.544498, 3.456407], [-76.544489, 3.456406], [-76.544478, 3.456403], [-76.544469, 3.456399], [-76.54446, 3.456395], [-76.54445, 3.456391], [-76.54444, 3.456385], [-76.544431, 3.456382], [-76.544423, 3.456379], [-76.544412, 3.456378], [-76.544409, 3.456378], [-76.544409, 3.456378], [-76.544403, 3.456377], [-76.544394, 3.456377], [-76.544384, 3.456377], [-76.544375, 3.456378], [-76.544364, 3.45638], [-76.544352, 3.456381], [-76.544343, 3.45638], [-76.544333, 3.456377], [-76.544323, 3.456373], [-76.544314, 3.456369], [-76.544304, 3.456364], [-76.544302, 3.456363], [-76.544296, 3.45636], [-76.544287, 3.456356], [-76.544278, 3.456354], [-76.544268, 3.45635], [-76.544258, 3.456348], [-76.544248, 3.456348], [-76.544239, 3.456348], [-76.544228, 3.456351], [-76.544204, 3.456336], [-76.544175, 3.45627], [-76.544087, 3.456071], [-76.544069, 3.456038], [-76.544033, 3.455974], [-76.543999, 3.45591], [-76.544002, 3.4559], [-76.544004, 3.45589], [-76.544004, 3.455878], [-76.544004, 3.455876], [-76.544003, 3.455868], [-76.544003, 3.455858], [-76.544003, 3.455848], [-76.544002, 3.455837], [-76.544002, 3.455826], [-76.544003, 3.455816], [-76.544004, 3.455806], [-76.543996, 3.455774], [-76.543948, 3.455585], [-76.543913, 3.455446], [-76.543903, 3.455408], [-76.543798, 3.455242], [-76.543798, 3.455238], [-76.543798, 3.455235], [-76.5438, 3.455226], [-76.543796, 3.455205], [-76.543789, 3.455191], [-76.543779, 3.455185], [-76.543768, 3.455184], [-76.543755, 3.455185], [-76.543742, 3.455186], [-76.543732, 3.455189], [-76.543721, 3.455191], [-76.543709, 3.455195], [-76.543698, 3.455199], [-76.543689, 3.455198], [-76.543682, 3.455191], [-76.543672, 3.455186], [-76.54366, 3.455187], [-76.54365, 3.455192], [-76.543602, 3.455205], [-76.543561, 3.455212], [-76.543549, 3.455218], [-76.543541, 3.455221], [-76.543528, 3.455229], [-76.543518, 3.455235], [-76.543508, 3.455238], [-76.543498, 3.455242], [-76.543489, 3.455245], [-76.543477, 3.455248], [-76.543466, 3.455249], [-76.543454, 3.45525], [-76.543443, 3.455251], [-76.543432, 3.455251], [-76.543421, 3.455251], [-76.543408, 3.455251], [-76.543399, 3.45525], [-76.543387, 3.455248], [-76.543374, 3.455248], [-76.543362, 3.455248], [-76.543348, 3.455247], [-76.543339, 3.455244], [-76.543327, 3.45524], [-76.543316, 3.455238], [-76.543306, 3.455236], [-76.543297, 3.455236], [-76.543288, 3.455233], [-76.543279, 3.455231], [-76.543268, 3.455229], [-76.543257, 3.455228], [-76.543245, 3.455228], [-76.543234, 3.455226], [-76.543224, 3.455225], [-76.543215, 3.455224], [-76.543204, 3.455223], [-76.543193, 3.455219], [-76.543184, 3.455217], [-76.543174, 3.455214], [-76.543166, 3.45521], [-76.543155, 3.455207], [-76.543143, 3.455201], [-76.54313, 3.455196], [-76.543122, 3.455191], [-76.54311, 3.455188], [-76.543099, 3.455185], [-76.543087, 3.455182], [-76.543076, 3.455181], [-76.543066, 3.455179], [-76.543055, 3.455178], [-76.543045, 3.455175], [-76.543035, 3.455173], [-76.543024, 3.455173], [-76.543014, 3.455173], [-76.543005, 3.455173], [-76.542996, 3.455174], [-76.542987, 3.455176], [-76.542977, 3.455179], [-76.542967, 3.455181], [-76.542955, 3.455185], [-76.542945, 3.455189], [-76.542935, 3.455193], [-76.542925, 3.455198], [-76.542917, 3.455202], [-76.542911, 3.455208], [-76.542902, 3.455214], [-76.542893, 3.45522], [-76.542885, 3.455228], [-76.542877, 3.455237], [-76.54287, 3.455245], [-76.542862, 3.455254], [-76.542855, 3.455259], [-76.542848, 3.455266], [-76.542841, 3.455279], [-76.542837, 3.455294], [-76.542823, 3.455312], [-76.542797, 3.455324], [-76.542787, 3.455322], [-76.542778, 3.45532], [-76.542769, 3.455318], [-76.54276, 3.455322], [-76.542754, 3.455329], [-76.542749, 3.455338], [-76.542745, 3.455346], [-76.542742, 3.455357], [-76.54274, 3.45537], [-76.542737, 3.45538], [-76.542735, 3.455392], [-76.542735, 3.455402], [-76.542734, 3.455413], [-76.542734, 3.455425], [-76.542734, 3.455434], [-76.542734, 3.455446], [-76.542733, 3.455457], [-76.542732, 3.455471], [-76.542731, 3.455484], [-76.54273, 3.455496], [-76.54273, 3.455507], [-76.54273, 3.455519], [-76.54273, 3.455531], [-76.54273, 3.455541], [-76.54273, 3.455553], [-76.54273, 3.455563], [-76.542727, 3.455575], [-76.542723, 3.455589], [-76.542718, 3.4556], [-76.542688, 3.455649], [-76.542654, 3.455702], [-76.542648, 3.45571], [-76.542643, 3.455717], [-76.542627, 3.455738], [-76.542621, 3.455749], [-76.542616, 3.455761], [-76.54261, 3.455772], [-76.542605, 3.455782], [-76.542598, 3.455791], [-76.54259, 3.455799], [-76.542581, 3.455809], [-76.542574, 3.455816], [-76.542567, 3.455823], [-76.542559, 3.455828], [-76.54255, 3.455832], [-76.542536, 3.455833], [-76.542526, 3.455833], [-76.542514, 3.455832], [-76.542502, 3.45583], [-76.542493, 3.455827], [-76.542484, 3.455823], [-76.542476, 3.455817], [-76.54247, 3.455811], [-76.542463, 3.455805], [-76.542455, 3.4558], [-76.542445, 3.455794], [-76.542434, 3.45579], [-76.542424, 3.455786], [-76.542413, 3.455784], [-76.542402, 3.455782], [-76.542391, 3.455781], [-76.54238, 3.455781], [-76.542369, 3.45578], [-76.542359, 3.45578], [-76.542349, 3.45578], [-76.542337, 3.45578], [-76.542323, 3.455781], [-76.54231, 3.455783], [-76.5423, 3.455784], [-76.54229, 3.455786], [-76.542277, 3.455788], [-76.542266, 3.455792], [-76.542255, 3.455795], [-76.542245, 3.455799], [-76.542235, 3.455803], [-76.542226, 3.455807], [-76.542213, 3.455813], [-76.542202, 3.455818], [-76.542194, 3.455824], [-76.542187, 3.455831], [-76.542182, 3.455838], [-76.542175, 3.455846], [-76.542169, 3.455855], [-76.542163, 3.455864], [-76.542154, 3.455872], [-76.542148, 3.455876], [-76.542145, 3.455877], [-76.542134, 3.45588], [-76.542125, 3.455884], [-76.542117, 3.45589], [-76.542108, 3.455893], [-76.542098, 3.455897], [-76.542087, 3.4559], [-76.542078, 3.455903], [-76.542069, 3.455901], [-76.542058, 3.455897], [-76.542049, 3.455891], [-76.542041, 3.455886], [-76.542032, 3.45588], [-76.542028, 3.455876], [-76.542024, 3.455873], [-76.542016, 3.455867], [-76.542009, 3.45586], [-76.542001, 3.455853], [-76.541992, 3.455849], [-76.541982, 3.455844], [-76.541972, 3.455842], [-76.541962, 3.455847], [-76.541956, 3.455854], [-76.541952, 3.455862], [-76.54195, 3.455872], [-76.54195, 3.455876], [-76.541949, 3.455884], [-76.541948, 3.455893], [-76.541945, 3.455904], [-76.541943, 3.455915], [-76.541937, 3.455924], [-76.541928, 3.455925], [-76.541918, 3.455924], [-76.54191, 3.455919], [-76.541901, 3.455912], [-76.541893, 3.455906], [-76.541885, 3.455899], [-76.541874, 3.455894], [-76.541865, 3.45589], [-76.541857, 3.455886], [-76.541847, 3.455882], [-76.541837, 3.45588], [-76.541826, 3.455876], [-76.541825, 3.455876], [-76.541816, 3.455873], [-76.541804, 3.45587], [-76.541796, 3.455867], [-76.541786, 3.455864], [-76.541776, 3.455862], [-76.541763, 3.455861], [-76.541753, 3.45586], [-76.541744, 3.45586], [-76.541733, 3.455861], [-76.541724, 3.455863], [-76.541713, 3.455866], [-76.541701, 3.455871], [-76.541692, 3.455876], [-76.541691, 3.455877], [-76.541683, 3.455881], [-76.541673, 3.455888], [-76.541666, 3.455893], [-76.541658, 3.455899], [-76.541648, 3.455904], [-76.541638, 3.45591], [-76.54163, 3.455915], [-76.541621, 3.45592], [-76.541612, 3.455927], [-76.541604, 3.455933], [-76.541597, 3.455938], [-76.541589, 3.455945], [-76.541579, 3.45595], [-76.541568, 3.455954], [-76.541559, 3.455954], [-76.541548, 3.455954], [-76.541539, 3.455954], [-76.541531, 3.455948], [-76.541523, 3.455941], [-76.541514, 3.455934], [-76.541507, 3.455929], [-76.541498, 3.455926], [-76.541488, 3.455922], [-76.54148, 3.455918], [-76.541473, 3.455909], [-76.541466, 3.455902], [-76.541458, 3.455894], [-76.541449, 3.455887], [-76.541438, 3.45588], [-76.541429, 3.455876], [-76.541421, 3.45587], [-76.541415, 3.455863], [-76.54141, 3.455855], [-76.541406, 3.455846], [-76.541404, 3.455837], [-76.541403, 3.455827], [-76.541402, 3.455816], [-76.541402, 3.455806], [-76.5414, 3.455796], [-76.541399, 3.455786], [-76.541397, 3.455776], [-76.541395, 3.455766], [-76.541395, 3.455757], [-76.541394, 3.455746], [-76.541394, 3.455734], [-76.541394, 3.455721], [-76.541393, 3.455708], [-76.541393, 3.455694], [-76.541393, 3.455681], [-76.541393, 3.455667], [-76.541393, 3.455655], [-76.541393, 3.455646], [-76.541393, 3.455636], [-76.541392, 3.455624], [-76.541392, 3.45561], [-76.541392, 3.455597], [-76.541392, 3.455584], [-76.541392, 3.455571], [-76.541392, 3.455558], [-76.541391, 3.455545], [-76.541391, 3.45553], [-76.541391, 3.455516], [-76.541391, 3.455506], [-76.541391, 3.455496], [-76.541391, 3.455486], [-76.541391, 3.455476], [-76.541391, 3.455466], [-76.541391, 3.455456], [-76.541391, 3.455446], [-76.541391, 3.455436], [-76.541391, 3.455426], [-76.541391, 3.455417], [-76.541391, 3.455408], [-76.541391, 3.455394], [-76.541391, 3.455382], [-76.541391, 3.455369], [-76.541391, 3.455357], [-76.541391, 3.455346], [-76.541391, 3.455333], [-76.54139, 3.455323], [-76.541399, 3.455263], [-76.541378, 3.455147], [-76.541367, 3.455124], [-76.541328, 3.455051], [-76.541283, 3.454968], [-76.541258, 3.454922], [-76.541247, 3.454902], [-76.541223, 3.454861], [-76.541159, 3.45475], [-76.541127, 3.454701], [-76.541079, 3.45464], [-76.541057, 3.454595], [-76.541032, 3.454532], [-76.541013, 3.454475], [-76.540981, 3.454188], [-76.540963, 3.45392], [-76.540979, 3.45375], [-76.541283, 3.453844], [-76.541308, 3.453781], [-76.541351, 3.453742], [-76.541395, 3.453679], [-76.54143, 3.453624], [-76.541452, 3.453575], [-76.541474, 3.453516], [-76.541487, 3.453479], [-76.541493, 3.453446], [-76.54149, 3.453399], [-76.541487, 3.453339], [-76.541484, 3.453285], [-76.541481, 3.453229], [-76.541472, 3.453178], [-76.541469, 3.453136], [-76.541472, 3.453055], [-76.541469, 3.452978], [-76.541475, 3.452909], [-76.541472, 3.452859], [-76.541481, 3.45279], [-76.541478, 3.452724], [-76.541472, 3.452614], [-76.541449, 3.452548], [-76.541423, 3.452491], [-76.541396, 3.452432], [-76.541373, 3.452384], [-76.541355, 3.452339], [-76.541338, 3.452305], [-76.541326, 3.452268], [-76.541308, 3.452235], [-76.541285, 3.45221], [-76.541259, 3.452185], [-76.54123, 3.452171], [-76.541213, 3.452166], [-76.541191, 3.452164], [-76.541159, 3.452161], [-76.54111, 3.452155], [-76.541059, 3.452149], [-76.541018, 3.452144], [-76.540997, 3.452138], [-76.540963, 3.452126], [-76.540938, 3.452111], [-76.540892, 3.452071], [-76.540864, 3.452034], [-76.540847, 3.452007], [-76.54083, 3.451978], [-76.540818, 3.451956], [-76.540799, 3.451929], [-76.540779, 3.451905], [-76.540764, 3.45189], [-76.54075, 3.451881], [-76.540718, 3.451861], [-76.540696, 3.451852], [-76.540667, 3.451843], [-76.540644, 3.451837], [-76.540622, 3.45183], [-76.540586, 3.451819], [-76.540556, 3.451814], [-76.540541, 3.451812], [-76.540514, 3.451811], [-76.540478, 3.451814], [-76.540457, 3.451815], [-76.540404, 3.451824], [-76.540361, 3.451839], [-76.540329, 3.451857], [-76.540298, 3.451874], [-76.540263, 3.451893], [-76.540236, 3.451908], [-76.540191, 3.451941], [-76.540167, 3.451961], [-76.540131, 3.451992], [-76.540111, 3.452008], [-76.540101, 3.452022], [-76.540082, 3.452037], [-76.540064, 3.452066], [-76.540047, 3.452093], [-76.540022, 3.45216], [-76.540009, 3.452217], [-76.540004, 3.452249], [-76.539999, 3.45229], [-76.539992, 3.452323], [-76.539991, 3.452352], [-76.539992, 3.452371], [-76.539994, 3.452391], [-76.53999, 3.452433], [-76.539982, 3.452455], [-76.539979, 3.452465], [-76.539974, 3.452477], [-76.53997, 3.452498], [-76.539965, 3.452518], [-76.539956, 3.452547], [-76.539942, 3.452577], [-76.539929, 3.452609], [-76.539916, 3.452654], [-76.539915, 3.452666], [-76.539914, 3.452673], [-76.539914, 3.452673], [-76.539912, 3.452685], [-76.539911, 3.452708], [-76.539914, 3.452738], [-76.539919, 3.452768], [-76.539923, 3.452787], [-76.539926, 3.452788], [-76.539924, 3.45279], [-76.539927, 3.452799], [-76.53993, 3.452809], [-76.53994, 3.452832], [-76.539946, 3.452851], [-76.539949, 3.45288], [-76.539949, 3.452899], [-76.539946, 3.452932], [-76.539938, 3.452951], [-76.539928, 3.452969], [-76.539922, 3.452979], [-76.539906, 3.453008], [-76.539884, 3.453052], [-76.539869, 3.453088], [-76.53985, 3.453128], [-76.539845, 3.453142], [-76.539842, 3.45315], [-76.539841, 3.45315], [-76.539834, 3.453175], [-76.53983, 3.453213], [-76.539825, 3.453252], [-76.539825, 3.453285], [-76.539829, 3.453303], [-76.539843, 3.453324], [-76.539861, 3.453329], [-76.539874, 3.453333], [-76.539882, 3.453336], [-76.539885, 3.453337], [-76.539904, 3.453345], [-76.539922, 3.453353], [-76.539927, 3.45337], [-76.539926, 3.453399], [-76.539915, 3.453438], [-76.539901, 3.453477], [-76.539874, 3.453538], [-76.539857, 3.453683], [-76.539975, 3.45406], [-76.539666, 3.454209], [-76.539697, 3.454277], [-76.539779, 3.454458], [-76.539764, 3.454607], [-76.539588, 3.454713], [-76.539548, 3.454733], [-76.539519, 3.454763], [-76.539511, 3.454803], [-76.53953, 3.454891], [-76.539542, 3.454966], [-76.539528, 3.455045], [-76.539527, 3.455054], [-76.539495, 3.455133], [-76.539447, 3.455233], [-76.539404, 3.455324], [-76.539352, 3.45538], [-76.539317, 3.45544], [-76.539268, 3.455518], [-76.539219, 3.455596], [-76.539189, 3.455686], [-76.539158, 3.45578], [-76.539131, 3.455937], [-76.539106, 3.456127], [-76.539097, 3.456212], [-76.539087, 3.456297], [-76.539084, 3.456359], [-76.539082, 3.456422], [-76.539079, 3.456534], [-76.53908, 3.456605], [-76.539081, 3.456685], [-76.539006, 3.456689], [-76.539006, 3.456689], [-76.53892, 3.456805], [-76.538808, 3.457051], [-76.538754, 3.457145], [-76.53875, 3.457156], [-76.538745, 3.457167], [-76.53874, 3.457181], [-76.538735, 3.457193], [-76.53873, 3.457205], [-76.538723, 3.457218], [-76.538718, 3.457226], [-76.538713, 3.457235], [-76.538708, 3.457243], [-76.538702, 3.457252], [-76.538693, 3.457263], [-76.538685, 3.457274], [-76.538676, 3.457286], [-76.53867, 3.457294], [-76.538663, 3.457303], [-76.538658, 3.457312], [-76.538653, 3.457319], [-76.538649, 3.457329], [-76.538643, 3.457338], [-76.538639, 3.457348], [-76.538634, 3.457358], [-76.538627, 3.457369], [-76.53862, 3.45738], [-76.538615, 3.457389], [-76.538611, 3.457399], [-76.538607, 3.457408], [-76.538602, 3.457419], [-76.538598, 3.457428], [-76.538593, 3.457441], [-76.538588, 3.457452], [-76.538584, 3.457462], [-76.538579, 3.457472], [-76.538574, 3.457484], [-76.538569, 3.457495], [-76.538565, 3.457506], [-76.53856, 3.457518], [-76.538556, 3.45753], [-76.538551, 3.457542], [-76.538547, 3.457553], [-76.538543, 3.457564], [-76.538539, 3.457575], [-76.538534, 3.457585], [-76.53853, 3.457593], [-76.538526, 3.457602], [-76.538521, 3.457611], [-76.538516, 3.45762], [-76.538511, 3.457629], [-76.538504, 3.45764], [-76.538496, 3.457654], [-76.53849, 3.457662], [-76.538486, 3.45767], [-76.538478, 3.457683], [-76.538472, 3.457694], [-76.538466, 3.457707], [-76.53846, 3.457715], [-76.538455, 3.457724], [-76.53845, 3.457734], [-76.538443, 3.457744], [-76.538438, 3.457755], [-76.538432, 3.457768], [-76.538426, 3.457777], [-76.538424, 3.457779], [-76.538419, 3.457791], [-76.538413, 3.457802], [-76.538407, 3.457814], [-76.538403, 3.457825], [-76.538393, 3.45783], [-76.538385, 3.457836], [-76.538377, 3.457845], [-76.53837, 3.457852], [-76.538362, 3.45786], [-76.538358, 3.457869], [-76.538352, 3.457878], [-76.538346, 3.457887], [-76.538341, 3.457896], [-76.538335, 3.457904], [-76.538331, 3.457912], [-76.538325, 3.457921], [-76.53832, 3.457929], [-76.538315, 3.457937], [-76.538309, 3.457946], [-76.538304, 3.457956], [-76.5383, 3.457965], [-76.538297, 3.457975], [-76.538292, 3.457986], [-76.538289, 3.457996], [-76.538284, 3.458005], [-76.53828, 3.458015], [-76.538278, 3.458024], [-76.538371, 3.458114], [-76.538361, 3.458134], [-76.538349, 3.458152], [-76.538345, 3.45816], [-76.53832, 3.458214], [-76.538298, 3.458246], [-76.538276, 3.458272], [-76.538232, 3.458298], [-76.53821, 3.458319], [-76.538252, 3.458387], [-76.538242, 3.458619], [-76.538199, 3.458681], [-76.538132, 3.458775], [-76.538033, 3.458715], [-76.537959, 3.458682], [-76.537959, 3.458682], [-76.537927, 3.458668], [-76.537896, 3.458654], [-76.537832, 3.458626], [-76.537813, 3.458654], [-76.537663, 3.458891], [-76.537606, 3.458906], [-76.5376, 3.458908], [-76.537543, 3.458873], [-76.537471, 3.458828], [-76.537465, 3.458836], [-76.537441, 3.458865], [-76.537302, 3.459283], [-76.537226, 3.459567], [-76.537118, 3.459967], [-76.537084, 3.460094], [-76.5371, 3.46027], [-76.537169, 3.460439], [-76.537258, 3.460548], [-76.537258, 3.460549], [-76.537254, 3.460557], [-76.537235, 3.460605], [-76.537233, 3.460615], [-76.537231, 3.460625], [-76.537229, 3.460635], [-76.537226, 3.460644], [-76.53722, 3.460652], [-76.537209, 3.460648], [-76.5372, 3.460643], [-76.537192, 3.460639], [-76.537181, 3.460637], [-76.537172, 3.46064], [-76.537164, 3.460645], [-76.537156, 3.46065], [-76.537147, 3.460656], [-76.537139, 3.460662], [-76.537131, 3.46067], [-76.537121, 3.460679], [-76.537114, 3.460687], [-76.537107, 3.460695], [-76.5371, 3.460702], [-76.5371, 3.460703], [-76.537094, 3.46071], [-76.537087, 3.46072], [-76.537079, 3.460731], [-76.537072, 3.460739], [-76.536991, 3.460872], [-76.536795, 3.461157], [-76.536786, 3.461168], [-76.536779, 3.461177], [-76.536773, 3.461184], [-76.536767, 3.461191], [-76.536759, 3.4612], [-76.536752, 3.461208], [-76.536745, 3.461217], [-76.536738, 3.461226], [-76.536729, 3.461238], [-76.536722, 3.46125], [-76.536714, 3.461262], [-76.536709, 3.46127], [-76.536704, 3.461278], [-76.5367, 3.461286], [-76.536693, 3.461298], [-76.536686, 3.461312], [-76.53668, 3.461321], [-76.536676, 3.461329], [-76.53667, 3.461338], [-76.536664, 3.461349], [-76.536663, 3.461351], [-76.536657, 3.461363], [-76.53665, 3.461375], [-76.536646, 3.461384], [-76.53664, 3.461394], [-76.536635, 3.461402], [-76.536628, 3.461415], [-76.536622, 3.461424], [-76.536615, 3.461433], [-76.536609, 3.461442], [-76.536603, 3.46145], [-76.536596, 3.461457], [-76.536589, 3.461466], [-76.536582, 3.461476], [-76.536575, 3.461486], [-76.536569, 3.461495], [-76.536562, 3.461506], [-76.536555, 3.461518], [-76.53655, 3.461527], [-76.53655, 3.461528], [-76.536545, 3.461537], [-76.536542, 3.461546], [-76.536536, 3.461557], [-76.536533, 3.461568], [-76.536527, 3.461579], [-76.536522, 3.461593], [-76.536516, 3.461605], [-76.536512, 3.461615], [-76.536506, 3.461624], [-76.536498, 3.461635], [-76.536493, 3.461643], [-76.536488, 3.461651], [-76.53648, 3.461661], [-76.536475, 3.461671], [-76.536467, 3.461682], [-76.536461, 3.46169], [-76.536455, 3.4617], [-76.536448, 3.46171], [-76.536443, 3.46172], [-76.536437, 3.46173], [-76.536429, 3.461743], [-76.536424, 3.461751], [-76.536418, 3.46176], [-76.536414, 3.461767], [-76.536408, 3.461776], [-76.536401, 3.461788], [-76.536396, 3.461798], [-76.536389, 3.461809], [-76.536383, 3.461821], [-76.536379, 3.461831], [-76.536373, 3.461839], [-76.536368, 3.46185], [-76.536363, 3.461861], [-76.536359, 3.46187], [-76.536355, 3.46188], [-76.53635, 3.461896], [-76.536346, 3.461907], [-76.536345, 3.461918], [-76.536345, 3.46192], [-76.536345, 3.461929], [-76.536345, 3.461939], [-76.536345, 3.461951], [-76.536346, 3.461963], [-76.536347, 3.461974], [-76.536349, 3.461986], [-76.536352, 3.461997], [-76.536352, 3.461999], [-76.536353, 3.462007], [-76.536357, 3.462016], [-76.536359, 3.462024], [-76.53636, 3.462026], [-76.536363, 3.462039], [-76.536367, 3.462049], [-76.53637, 3.46206], [-76.536371, 3.46207], [-76.536372, 3.46208], [-76.536373, 3.46209], [-76.536374, 3.462101], [-76.536374, 3.462111], [-76.536374, 3.462124], [-76.536374, 3.462136], [-76.536374, 3.46215], [-76.536374, 3.462159], [-76.536374, 3.46217], [-76.536375, 3.462184], [-76.536375, 3.462198], [-76.536375, 3.462209], [-76.536374, 3.462227], [-76.536374, 3.462238], [-76.536373, 3.462247], [-76.536371, 3.46226], [-76.53637, 3.46227], [-76.536369, 3.462282], [-76.536368, 3.462296], [-76.536356, 3.462368], [-76.536355, 3.462381], [-76.536354, 3.46239], [-76.536353, 3.4624], [-76.536351, 3.46241], [-76.536349, 3.462421], [-76.536346, 3.462434], [-76.536345, 3.462446], [-76.536344, 3.462456], [-76.536343, 3.462467], [-76.536342, 3.46248], [-76.536341, 3.46249], [-76.536338, 3.462501], [-76.536334, 3.462512], [-76.536331, 3.462521], [-76.536328, 3.462531], [-76.536324, 3.462543], [-76.53632, 3.462555], [-76.536316, 3.462568], [-76.536313, 3.46258], [-76.53631, 3.462589], [-76.536307, 3.462602], [-76.536307, 3.462613], [-76.536306, 3.462626], [-76.536306, 3.462635], [-76.536306, 3.462637], [-76.536299, 3.462655], [-76.53621, 3.46281], [-76.536107, 3.46299], [-76.535997, 3.463213], [-76.535944, 3.463297], [-76.535943, 3.463297], [-76.535931, 3.463316], [-76.535908, 3.463343], [-76.535856, 3.463318], [-76.535811, 3.463382], [-76.535774, 3.463458], [-76.535715, 3.4635], [-76.535695, 3.463518], [-76.535678, 3.463533], [-76.535598, 3.463603], [-76.535596, 3.463604], [-76.535659, 3.463688], [-76.535711, 3.463757], [-76.535604, 3.463834], [-76.535321, 3.464058], [-76.535249, 3.4641], [-76.535137, 3.464165], [-76.535098, 3.464188], [-76.534979, 3.464265], [-76.534978, 3.464265], [-76.534938, 3.464291], [-76.534839, 3.464349], [-76.534831, 3.46435], [-76.534828, 3.464381], [-76.53486, 3.464437], [-76.534891, 3.464493], [-76.534892, 3.464494], [-76.534911, 3.464528], [-76.534953, 3.464606], [-76.534953, 3.464607], [-76.535016, 3.464724], [-76.535016, 3.464724], [-76.535027, 3.464744], [-76.535052, 3.46479], [-76.535121, 3.464919], [-76.53468, 3.465237], [-76.534633, 3.465169], [-76.534632, 3.465168], [-76.534632, 3.465168], [-76.534475, 3.464944], [-76.53441, 3.465007], [-76.534387, 3.465271], [-76.534371, 3.465443], [-76.534367, 3.465502], [-76.534368, 3.465519], [-76.53437, 3.465562], [-76.534378, 3.465621], [-76.534384, 3.465649], [-76.534392, 3.465679], [-76.534411, 3.465735], [-76.534413, 3.465738], [-76.534413, 3.465738], [-76.534414, 3.46574], [-76.534436, 3.465789], [-76.534447, 3.465808], [-76.534474, 3.465858], [-76.534506, 3.465906], [-76.534543, 3.46595], [-76.534547, 3.465954], [-76.534481, 3.466347], [-76.534477, 3.466353], [-76.534474, 3.466357], [-76.534471, 3.466362], [-76.534467, 3.466368], [-76.534465, 3.466373], [-76.534463, 3.466377], [-76.534462, 3.466377], [-76.53446, 3.466381], [-76.534455, 3.466389], [-76.534452, 3.466394], [-76.534449, 3.466398], [-76.534446, 3.466403], [-76.534369, 3.466567], [-76.534355, 3.466598], [-76.534102, 3.466877], [-76.534014, 3.46699], [-76.533946, 3.467079], [-76.533829, 3.467366], [-76.533794, 3.467452], [-76.533772, 3.467485], [-76.533702, 3.467594], [-76.533699, 3.4676], [-76.533698, 3.4676], [-76.533635, 3.467699], [-76.533548, 3.467802], [-76.533513, 3.467845], [-76.533478, 3.467888], [-76.533345, 3.46809], [-76.533344, 3.468094], [-76.53334, 3.4681], [-76.533336, 3.468105], [-76.533334, 3.468109], [-76.533331, 3.468114], [-76.533327, 3.46812], [-76.533323, 3.468125], [-76.533319, 3.468132], [-76.533314, 3.468139], [-76.533311, 3.468144], [-76.533308, 3.468149], [-76.533304, 3.468153], [-76.5333, 3.468158], [-76.533295, 3.468164], [-76.533292, 3.468169], [-76.533289, 3.468172], [-76.533288, 3.468173], [-76.533283, 3.468178], [-76.53328, 3.468182], [-76.533277, 3.468186], [-76.533274, 3.468189], [-76.533268, 3.468196], [-76.533263, 3.468201], [-76.533257, 3.468207], [-76.533251, 3.468214], [-76.533245, 3.468222], [-76.533239, 3.468229], [-76.533234, 3.468236], [-76.53323, 3.468242], [-76.533226, 3.468248], [-76.533223, 3.468254], [-76.53322, 3.468258], [-76.533216, 3.468265], [-76.533214, 3.46827], [-76.533211, 3.468274], [-76.533209, 3.468278], [-76.533204, 3.468286], [-76.533201, 3.468291], [-76.533197, 3.468298], [-76.533194, 3.468303], [-76.533191, 3.468308], [-76.533188, 3.468314], [-76.533185, 3.468321], [-76.533183, 3.468326], [-76.53318, 3.468332], [-76.533177, 3.468338], [-76.533174, 3.468345], [-76.533172, 3.468351], [-76.53317, 3.468356], [-76.533167, 3.468362], [-76.533166, 3.468368], [-76.533165, 3.468374], [-76.533163, 3.46838], [-76.533162, 3.468387], [-76.533161, 3.468392], [-76.533161, 3.468395], [-76.533158, 3.468409], [-76.533157, 3.468415], [-76.533156, 3.468423], [-76.533155, 3.468431], [-76.533154, 3.468436], [-76.533154, 3.468442], [-76.533154, 3.46845], [-76.533153, 3.468457], [-76.533153, 3.468462], [-76.533153, 3.468467], [-76.533154, 3.468474], [-76.533153, 3.468482], [-76.533153, 3.468488], [-76.533153, 3.468496], [-76.533153, 3.468504], [-76.533153, 3.468512], [-76.533153, 3.468515], [-76.533154, 3.468516], [-76.533158, 3.46853], [-76.53316, 3.468536], [-76.533161, 3.468543], [-76.533162, 3.468549], [-76.533162, 3.468556], [-76.533162, 3.468561], [-76.533162, 3.468566], [-76.533163, 3.468572], [-76.533163, 3.468578], [-76.533163, 3.468585], [-76.533163, 3.468589], [-76.533164, 3.468596], [-76.533164, 3.468602], [-76.533165, 3.468609], [-76.533167, 3.468614], [-76.533178, 3.468665], [-76.533178, 3.468665], [-76.533178, 3.468666], [-76.533179, 3.468667], [-76.533193, 3.468698], [-76.533202, 3.468724], [-76.533203, 3.468738], [-76.533203, 3.468746], [-76.533201, 3.468755], [-76.533199, 3.468765], [-76.533188, 3.468821], [-76.533186, 3.468826], [-76.533184, 3.468833], [-76.533181, 3.468839], [-76.53318, 3.468842], [-76.533177, 3.46885], [-76.533175, 3.468856], [-76.533174, 3.468862], [-76.533171, 3.46887], [-76.53317, 3.468875], [-76.533168, 3.468879], [-76.533166, 3.468884], [-76.533165, 3.46889], [-76.533163, 3.468895], [-76.533161, 3.468901], [-76.53316, 3.468906], [-76.533159, 3.468911], [-76.533158, 3.468916], [-76.533156, 3.468924], [-76.533156, 3.468929], [-76.533154, 3.468935], [-76.533153, 3.46894], [-76.533151, 3.468948], [-76.53315, 3.468952], [-76.533149, 3.468957], [-76.533147, 3.468961], [-76.533146, 3.468967], [-76.533144, 3.468971], [-76.533143, 3.468976], [-76.533141, 3.468981], [-76.533139, 3.46899], [-76.533138, 3.468995], [-76.533137, 3.469], [-76.533138, 3.469008], [-76.533139, 3.469013], [-76.533139, 3.469019], [-76.533137, 3.469023], [-76.533137, 3.469028], [-76.533137, 3.469034], [-76.533136, 3.469039], [-76.533136, 3.469047], [-76.533136, 3.469055], [-76.533135, 3.469061], [-76.533135, 3.469066], [-76.533135, 3.469074], [-76.533135, 3.46908], [-76.533134, 3.469087], [-76.533134, 3.469094], [-76.533134, 3.4691], [-76.533132, 3.469105], [-76.533131, 3.469111], [-76.533129, 3.469118], [-76.533127, 3.469126], [-76.533127, 3.469131], [-76.533125, 3.469139], [-76.533124, 3.469146], [-76.533123, 3.469153], [-76.533123, 3.469161], [-76.533123, 3.469168], [-76.533122, 3.469173], [-76.533122, 3.469178], [-76.533121, 3.469184], [-76.533121, 3.469189], [-76.533121, 3.469196], [-76.533121, 3.469201], [-76.533121, 3.469206], [-76.533121, 3.46921], [-76.533121, 3.469219], [-76.53312, 3.469228], [-76.53312, 3.469233], [-76.53312, 3.469238], [-76.533119, 3.469244], [-76.533119, 3.46925], [-76.533118, 3.469256], [-76.533119, 3.469263], [-76.53312, 3.469268], [-76.533121, 3.469274], [-76.533121, 3.469278], [-76.533121, 3.469281], [-76.533122, 3.469287], [-76.533123, 3.469292], [-76.533124, 3.469297], [-76.533124, 3.469302], [-76.533125, 3.469307], [-76.533126, 3.469312], [-76.533126, 3.469315], [-76.533126, 3.469317], [-76.533124, 3.469323], [-76.533123, 3.469328], [-76.533123, 3.469333], [-76.533122, 3.469338], [-76.53312, 3.469343], [-76.533119, 3.469348], [-76.533118, 3.469353], [-76.533117, 3.469358], [-76.533116, 3.469364], [-76.533116, 3.469369], [-76.533116, 3.469374], [-76.533116, 3.469379], [-76.533115, 3.469385], [-76.533115, 3.469391], [-76.533115, 3.469395], [-76.533115, 3.469401], [-76.533114, 3.469406], [-76.533113, 3.469413], [-76.533113, 3.46942], [-76.533109, 3.469438], [-76.533109, 3.469441], [-76.533105, 3.469454], [-76.533093, 3.469474], [-76.533077, 3.469492], [-76.533044, 3.469518], [-76.533016, 3.469544], [-76.533006, 3.469557], [-76.533006, 3.469557], [-76.533003, 3.469562], [-76.533001, 3.469568], [-76.532998, 3.469573], [-76.532996, 3.469578], [-76.532994, 3.469584], [-76.532991, 3.469593], [-76.532989, 3.469597], [-76.532986, 3.469605], [-76.532984, 3.469609], [-76.532981, 3.469618], [-76.532978, 3.469626], [-76.532976, 3.469634], [-76.532973, 3.469642], [-76.532972, 3.469649], [-76.532971, 3.469653], [-76.53297, 3.469658], [-76.532969, 3.469663], [-76.532968, 3.469668], [-76.532967, 3.469674], [-76.532966, 3.469679], [-76.532965, 3.469685], [-76.532964, 3.46969], [-76.532963, 3.469696], [-76.532962, 3.469701], [-76.532961, 3.469706], [-76.53296, 3.469712], [-76.532959, 3.469717], [-76.532958, 3.469722], [-76.532957, 3.469727], [-76.532955, 3.469732], [-76.532954, 3.469737], [-76.532953, 3.469742], [-76.532952, 3.469747], [-76.532951, 3.469753], [-76.532949, 3.469759], [-76.532948, 3.469763], [-76.532947, 3.469769], [-76.532946, 3.469774], [-76.532944, 3.469778], [-76.532943, 3.469784], [-76.532941, 3.469789], [-76.532939, 3.469794], [-76.532937, 3.4698], [-76.532934, 3.469806], [-76.532932, 3.469811], [-76.532929, 3.469815], [-76.532926, 3.469822], [-76.532923, 3.469826], [-76.53292, 3.469831], [-76.532917, 3.469836], [-76.532914, 3.469842], [-76.532912, 3.469846], [-76.532906, 3.469862], [-76.532904, 3.469867], [-76.532903, 3.469872], [-76.532901, 3.469878], [-76.5329, 3.469883], [-76.532898, 3.469889], [-76.532896, 3.469895], [-76.532895, 3.469901], [-76.532894, 3.469906], [-76.532893, 3.469912], [-76.532892, 3.469919], [-76.532891, 3.469924], [-76.532891, 3.46993], [-76.532891, 3.469936], [-76.53289, 3.469943], [-76.53289, 3.469949], [-76.53289, 3.469955], [-76.53289, 3.469961], [-76.53289, 3.469967], [-76.53289, 3.469973], [-76.53289, 3.469979], [-76.53289, 3.469985], [-76.53289, 3.469991], [-76.53289, 3.469997], [-76.53289, 3.470003], [-76.53289, 3.470009], [-76.53289, 3.470015], [-76.532889, 3.470021], [-76.532889, 3.470028], [-76.532888, 3.470034], [-76.532887, 3.470041], [-76.532886, 3.470047], [-76.532886, 3.470053], [-76.532885, 3.47006], [-76.532884, 3.470066], [-76.532883, 3.470073], [-76.532882, 3.470079], [-76.532882, 3.470085], [-76.532881, 3.470091], [-76.53288, 3.470097], [-76.53288, 3.470102], [-76.53288, 3.470108], [-76.53288, 3.470114], [-76.53288, 3.47012], [-76.53288, 3.470127], [-76.532879, 3.470133], [-76.532879, 3.47014], [-76.532879, 3.470147], [-76.532879, 3.470154], [-76.532878, 3.470161], [-76.532878, 3.470169], [-76.532877, 3.470176], [-76.532877, 3.470183], [-76.532877, 3.47019], [-76.532876, 3.470197], [-76.532875, 3.470204], [-76.532874, 3.470211], [-76.532873, 3.470219], [-76.532872, 3.470227], [-76.532871, 3.470235], [-76.532871, 3.470242], [-76.532869, 3.47025], [-76.532869, 3.470257], [-76.532868, 3.470264], [-76.532868, 3.47027], [-76.532867, 3.470276], [-76.532867, 3.470282], [-76.532866, 3.470287], [-76.532866, 3.470293], [-76.532865, 3.470298], [-76.532865, 3.470304], [-76.532865, 3.470309], [-76.532864, 3.470315], [-76.532864, 3.470321], [-76.532864, 3.470327], [-76.532864, 3.470332], [-76.532864, 3.470337], [-76.532864, 3.470343], [-76.532864, 3.470348], [-76.532865, 3.470353], [-76.532865, 3.470358], [-76.532865, 3.470363], [-76.532865, 3.470368], [-76.532865, 3.470377], [-76.532865, 3.470382], [-76.532865, 3.470387], [-76.532866, 3.470392], [-76.532866, 3.470397], [-76.532866, 3.470402], [-76.532867, 3.470411], [-76.532867, 3.470418], [-76.532868, 3.470425], [-76.532868, 3.47043], [-76.532869, 3.470435], [-76.532869, 3.470442], [-76.532869, 3.470449], [-76.532865, 3.470454], [-76.532836, 3.470475], [-76.532807, 3.470496], [-76.532726, 3.47054], [-76.532723, 3.470542], [-76.532711, 3.470542], [-76.532695, 3.470534], [-76.532685, 3.470524], [-76.532665, 3.470512], [-76.532646, 3.470497], [-76.53262, 3.470481], [-76.532592, 3.470471], [-76.532581, 3.470468], [-76.532567, 3.470466], [-76.532546, 3.470464], [-76.532542, 3.470464], [-76.532533, 3.470465], [-76.532527, 3.470465], [-76.532521, 3.470465], [-76.532513, 3.470465], [-76.532506, 3.470465], [-76.532498, 3.470464], [-76.53249, 3.470463], [-76.532483, 3.470462], [-76.532475, 3.470461], [-76.532468, 3.47046], [-76.532461, 3.470459], [-76.532455, 3.470457], [-76.532446, 3.470454], [-76.532443, 3.470452], [-76.532439, 3.47045], [-76.532435, 3.470448], [-76.532427, 3.470443], [-76.53242, 3.47044], [-76.532411, 3.470436], [-76.532407, 3.470433], [-76.532399, 3.47043], [-76.532394, 3.470427], [-76.532389, 3.470425], [-76.532384, 3.470423], [-76.532378, 3.470421], [-76.532372, 3.47042], [-76.532366, 3.470419], [-76.532359, 3.470417], [-76.532352, 3.470417], [-76.532345, 3.470416], [-76.532338, 3.470415], [-76.532332, 3.470415], [-76.532326, 3.470415], [-76.53232, 3.470415], [-76.532311, 3.470415], [-76.532305, 3.470415], [-76.5323, 3.470415], [-76.53229, 3.470415], [-76.532285, 3.470417], [-76.532278, 3.470419], [-76.532273, 3.470421], [-76.532267, 3.470423], [-76.53226, 3.470425], [-76.532255, 3.470428], [-76.53225, 3.47043], [-76.532245, 3.470432], [-76.532235, 3.470436], [-76.532229, 3.47044], [-76.532223, 3.470443], [-76.532218, 3.470446], [-76.532213, 3.470449], [-76.532206, 3.470453], [-76.532201, 3.470456], [-76.532197, 3.470461], [-76.532192, 3.470465], [-76.532187, 3.47047], [-76.532184, 3.470473], [-76.532181, 3.470477], [-76.532175, 3.470484], [-76.53216, 3.470501], [-76.532147, 3.470521], [-76.532144, 3.470526], [-76.532142, 3.470531], [-76.53214, 3.470537], [-76.532138, 3.470542], [-76.532134, 3.470549], [-76.532131, 3.47056], [-76.532131, 3.470566], [-76.532131, 3.470572], [-76.53213, 3.470578], [-76.53213, 3.470586], [-76.532129, 3.470594], [-76.532129, 3.470601], [-76.532128, 3.47061], [-76.532127, 3.470618], [-76.532127, 3.470626], [-76.532126, 3.470635], [-76.532126, 3.470643], [-76.532125, 3.470652], [-76.532124, 3.470661], [-76.532123, 3.47067], [-76.532122, 3.470678], [-76.532121, 3.470686], [-76.53212, 3.470695], [-76.532118, 3.470703], [-76.532117, 3.470712], [-76.532115, 3.47072], [-76.532114, 3.470728], [-76.532112, 3.470738], [-76.53211, 3.470746], [-76.532108, 3.470755], [-76.532107, 3.470764], [-76.532107, 3.470773], [-76.532106, 3.470781], [-76.532106, 3.470789], [-76.532105, 3.470797], [-76.532104, 3.470805], [-76.532103, 3.470812], [-76.532101, 3.47082], [-76.532099, 3.470827], [-76.532095, 3.470835], [-76.532091, 3.470844], [-76.532086, 3.470853], [-76.532081, 3.470862], [-76.532075, 3.470872], [-76.53207, 3.470883], [-76.532064, 3.470893], [-76.532057, 3.470905], [-76.53205, 3.470917], [-76.532044, 3.470929], [-76.532037, 3.47094], [-76.53203, 3.470952], [-76.532024, 3.470963], [-76.532018, 3.470975], [-76.532013, 3.470986], [-76.532008, 3.470997], [-76.532002, 3.471007], [-76.531997, 3.471017], [-76.531992, 3.471027], [-76.531987, 3.471037], [-76.531982, 3.471047], [-76.531978, 3.471056], [-76.531974, 3.471065], [-76.53197, 3.471074], [-76.531967, 3.471083], [-76.531964, 3.471091], [-76.531961, 3.471099], [-76.531959, 3.471106], [-76.531957, 3.471113], [-76.531955, 3.47112], [-76.531953, 3.471126], [-76.531952, 3.471132], [-76.53195, 3.471138], [-76.531948, 3.471143], [-76.531947, 3.471149], [-76.531945, 3.471155], [-76.531942, 3.471161], [-76.531939, 3.471166], [-76.531936, 3.471172], [-76.531932, 3.471178], [-76.531927, 3.471184], [-76.531923, 3.47119], [-76.531919, 3.471196], [-76.531914, 3.471202], [-76.531909, 3.471208], [-76.531903, 3.471215], [-76.531897, 3.471221], [-76.531891, 3.471227], [-76.531885, 3.471233], [-76.531881, 3.471238], [-76.531876, 3.471241], [-76.531871, 3.471245], [-76.531866, 3.471249], [-76.531861, 3.471252], [-76.531857, 3.471257], [-76.531854, 3.471261], [-76.53185, 3.471267], [-76.531847, 3.471272], [-76.531844, 3.471277], [-76.53184, 3.471282], [-76.531836, 3.471288], [-76.531833, 3.471293], [-76.531832, 3.471298], [-76.53183, 3.471304], [-76.53183, 3.471309], [-76.53183, 3.471314], [-76.531829, 3.47132], [-76.531829, 3.471324], [-76.531828, 3.471329], [-76.531828, 3.471338], [-76.531827, 3.471343], [-76.531826, 3.471347], [-76.531824, 3.471352], [-76.531822, 3.471357], [-76.531819, 3.471362], [-76.531815, 3.471369], [-76.531811, 3.471375], [-76.531807, 3.471382], [-76.531804, 3.471388], [-76.531801, 3.471395], [-76.531797, 3.471402], [-76.531794, 3.471407], [-76.531789, 3.471413], [-76.531785, 3.471419], [-76.531781, 3.471423], [-76.531776, 3.471428], [-76.531772, 3.471431], [-76.531767, 3.471435], [-76.531761, 3.471438], [-76.531756, 3.471441], [-76.531749, 3.471443], [-76.531742, 3.471445], [-76.531736, 3.471447], [-76.531729, 3.471448], [-76.531721, 3.47145], [-76.531717, 3.471451], [-76.53171, 3.471452], [-76.531703, 3.471454], [-76.531696, 3.471456], [-76.531688, 3.47146], [-76.53168, 3.471464], [-76.531672, 3.471469], [-76.531664, 3.471474], [-76.531657, 3.471478], [-76.531648, 3.471485], [-76.531639, 3.471491], [-76.531629, 3.471498], [-76.53162, 3.471506], [-76.531612, 3.471512], [-76.531603, 3.471519], [-76.531596, 3.471525], [-76.531588, 3.47153], [-76.53158, 3.471536], [-76.531573, 3.471542], [-76.531564, 3.471546], [-76.531557, 3.471551], [-76.531551, 3.471556], [-76.531543, 3.47156], [-76.531536, 3.471565], [-76.53153, 3.471569], [-76.531524, 3.471574], [-76.53152, 3.471578], [-76.531515, 3.471583], [-76.531509, 3.471588], [-76.531503, 3.471592], [-76.531497, 3.471597], [-76.531491, 3.471602], [-76.531485, 3.471607], [-76.531479, 3.471612], [-76.531473, 3.471617], [-76.531466, 3.471623], [-76.531459, 3.471628], [-76.531453, 3.471633], [-76.531446, 3.471639], [-76.531439, 3.471643], [-76.531434, 3.471648], [-76.531426, 3.471652], [-76.531419, 3.471657], [-76.531414, 3.471662], [-76.531408, 3.471666], [-76.531402, 3.47167], [-76.531396, 3.471674], [-76.531392, 3.471676], [-76.531388, 3.471679], [-76.531383, 3.471682], [-76.531375, 3.471686], [-76.531369, 3.47169], [-76.531365, 3.471692], [-76.531359, 3.471695], [-76.531352, 3.471698], [-76.531345, 3.471701], [-76.53134, 3.471706], [-76.531336, 3.471708], [-76.531331, 3.471712], [-76.531328, 3.471714], [-76.531308, 3.471728], [-76.531322, 3.471741], [-76.531507, 3.471915], [-76.531433, 3.471997], [-76.531335, 3.472105], [-76.531171, 3.472329], [-76.531096, 3.472539], [-76.531377, 3.473025], [-76.532168, 3.47317], [-76.532157, 3.473325], [-76.532141, 3.473576], [-76.532119, 3.473915], [-76.532305, 3.474085], [-76.532258, 3.474676], [-76.532248, 3.474719], [-76.532201, 3.474757], [-76.532096, 3.474825], [-76.532066, 3.474845], [-76.531971, 3.47491], [-76.531807, 3.474997], [-76.531759, 3.475029], [-76.531702, 3.47506], [-76.53167, 3.475083], [-76.531634, 3.475111], [-76.531584, 3.475148], [-76.531534, 3.475187], [-76.531523, 3.4752], [-76.531418, 3.475304], [-76.531378, 3.475337], [-76.531347, 3.475375], [-76.53131, 3.475434], [-76.531264, 3.475489], [-76.531235, 3.475518], [-76.53119, 3.475538], [-76.531133, 3.475539], [-76.531052, 3.47551], [-76.530942, 3.47551], [-76.530888, 3.475527], [-76.530784, 3.475637], [-76.530777, 3.475649], [-76.530686, 3.47567], [-76.530648, 3.475679], [-76.530588, 3.475695], [-76.530579, 3.475697], [-76.53057, 3.475699], [-76.530562, 3.475701], [-76.530506, 3.475717], [-76.53049, 3.475721], [-76.530467, 3.475739], [-76.530458, 3.475753], [-76.530385, 3.47593], [-76.530359, 3.475991], [-76.530336, 3.476047], [-76.530321, 3.476078], [-76.530302, 3.476089], [-76.530251, 3.4761], [-76.530233, 3.476105], [-76.530218, 3.476123], [-76.530195, 3.476168], [-76.530173, 3.476211], [-76.530144, 3.47626], [-76.530125, 3.47631], [-76.530104, 3.47636], [-76.530085, 3.476409], [-76.530069, 3.476458], [-76.530052, 3.476502], [-76.530049, 3.476511], [-76.530038, 3.47654], [-76.530027, 3.476571], [-76.530014, 3.47661], [-76.530001, 3.476653], [-76.529991, 3.476692], [-76.529967, 3.476748], [-76.529948, 3.476788], [-76.529932, 3.476825], [-76.529918, 3.476864], [-76.529897, 3.476936], [-76.529887, 3.476981], [-76.529867, 3.477038], [-76.529866, 3.477041], [-76.529855, 3.477073], [-76.529839, 3.47712], [-76.529836, 3.477129], [-76.529828, 3.477195], [-76.529803, 3.477237], [-76.52977, 3.477274], [-76.529745, 3.477314], [-76.52972, 3.477356], [-76.529692, 3.477397], [-76.529682, 3.477413], [-76.529662, 3.477442], [-76.529633, 3.477484], [-76.529615, 3.477533], [-76.529609, 3.47758], [-76.529598, 3.477631], [-76.529566, 3.477666], [-76.529535, 3.477712], [-76.529514, 3.47776], [-76.529499, 3.477805], [-76.529477, 3.477853], [-76.529458, 3.477904], [-76.529443, 3.477948], [-76.529429, 3.478001], [-76.52942, 3.478049], [-76.529411, 3.478094], [-76.529401, 3.478144], [-76.529385, 3.478198], [-76.529369, 3.47825], [-76.529362, 3.478297], [-76.529349, 3.478351], [-76.529338, 3.478368], [-76.529321, 3.478393], [-76.529302, 3.478443], [-76.529283, 3.478493], [-76.52927, 3.478537], [-76.529262, 3.478588], [-76.529264, 3.478644], [-76.529275, 3.478697], [-76.529278, 3.478752], [-76.529277, 3.478803], [-76.529272, 3.478855], [-76.52927, 3.478869], [-76.529264, 3.478906], [-76.529253, 3.478958], [-76.529241, 3.479004], [-76.52923, 3.479053], [-76.529228, 3.479078], [-76.529226, 3.479111], [-76.529225, 3.479161], [-76.529224, 3.4792], [-76.529224, 3.479217], [-76.529222, 3.479265], [-76.529221, 3.479316], [-76.529221, 3.479374], [-76.529223, 3.479417], [-76.529229, 3.47946], [-76.529236, 3.479502], [-76.529246, 3.479541], [-76.529257, 3.479579], [-76.529269, 3.479615], [-76.529278, 3.479652], [-76.529262, 3.479707], [-76.529245, 3.479729], [-76.529226, 3.479786], [-76.529218, 3.479843], [-76.529213, 3.479874], [-76.529207, 3.479905], [-76.529198, 3.479968], [-76.529194, 3.479982], [-76.529184, 3.480026], [-76.529173, 3.480071], [-76.529157, 3.480117], [-76.529157, 3.480117], [-76.52914, 3.480161], [-76.529129, 3.480208], [-76.529153, 3.480224], [-76.529191, 3.480193], [-76.529229, 3.48016], [-76.529281, 3.480154], [-76.529324, 3.480191], [-76.529337, 3.480215], [-76.529335, 3.480273], [-76.529329, 3.480288], [-76.529313, 3.480329], [-76.529247, 3.480421], [-76.529238, 3.480432], [-76.529237, 3.480432], [-76.52938, 3.480486], [-76.529524, 3.48054], [-76.529665, 3.480599], [-76.530108, 3.480672], [-76.530471, 3.480951], [-76.530509, 3.481027], [-76.531016, 3.481155], [-76.531246, 3.481567], [-76.530949, 3.481997], [-76.530513, 3.481987], [-76.530351, 3.482], [-76.530337, 3.482001], [-76.530338, 3.482001], [-76.530367, 3.48213], [-76.530381, 3.482253], [-76.530395, 3.482372], [-76.530441, 3.48264], [-76.530414, 3.483055], [-76.530398, 3.483316], [-76.530409, 3.483319], [-76.530439, 3.483327], [-76.530463, 3.483343], [-76.530511, 3.483386], [-76.530579, 3.483474], [-76.530615, 3.483509], [-76.53064, 3.483524], [-76.530654, 3.483532], [-76.530679, 3.483542], [-76.530698, 3.483549], [-76.530756, 3.483561], [-76.530812, 3.48357], [-76.530884, 3.483572], [-76.530955, 3.483562], [-76.531004, 3.483561], [-76.531005, 3.483561], [-76.531016, 3.483562], [-76.531044, 3.483565], [-76.531055, 3.483569], [-76.531088, 3.483581], [-76.531162, 3.483623], [-76.531213, 3.483659], [-76.53126, 3.483708], [-76.531329, 3.483766], [-76.531346, 3.48378], [-76.531436, 3.483858], [-76.531493, 3.483908], [-76.531611, 3.484004], [-76.531671, 3.484039], [-76.531718, 3.484065], [-76.531765, 3.484084], [-76.531809, 3.484105], [-76.531819, 3.484114], [-76.531864, 3.484151], [-76.531881, 3.484171], [-76.531919, 3.484217], [-76.531958, 3.484265], [-76.532048, 3.484353], [-76.532101, 3.484404], [-76.53214, 3.484453], [-76.53219, 3.484521], [-76.532201, 3.484538], [-76.53221, 3.484551], [-76.532221, 3.484567], [-76.532261, 3.484596], [-76.532279, 3.484609], [-76.532415, 3.484722], [-76.532485, 3.484789], [-76.532546, 3.484868], [-76.532644, 3.485023], [-76.532699, 3.485112], [-76.532716, 3.485137], [-76.532734, 3.485164], [-76.53274, 3.485173], [-76.532753, 3.485206], [-76.532761, 3.485252], [-76.532761, 3.485289], [-76.532748, 3.485347], [-76.532728, 3.485449], [-76.532719, 3.485509], [-76.532721, 3.485545], [-76.532734, 3.485578], [-76.532752, 3.485602], [-76.53278, 3.485622], [-76.532797, 3.485629], [-76.53282, 3.485639], [-76.532879, 3.485657], [-76.532935, 3.485677], [-76.533026, 3.485697], [-76.533047, 3.485702], [-76.533051, 3.485703], [-76.533109, 3.485718], [-76.5332, 3.485742], [-76.533251, 3.485768], [-76.533262, 3.485773], [-76.533282, 3.485786], [-76.533318, 3.485808], [-76.533352, 3.485836], [-76.533368, 3.485864], [-76.533371, 3.485882], [-76.533372, 3.485897], [-76.533371, 3.485933], [-76.533352, 3.485989], [-76.533335, 3.486057], [-76.533308, 3.486121], [-76.533303, 3.486167], [-76.533301, 3.486195], [-76.533307, 3.486228], [-76.533319, 3.486239], [-76.533335, 3.486254], [-76.533369, 3.486268], [-76.533405, 3.486274], [-76.533455, 3.486278], [-76.533507, 3.486284], [-76.533549, 3.486289], [-76.533551, 3.486289], [-76.5336, 3.486302], [-76.533649, 3.486319], [-76.533704, 3.486347], [-76.533764, 3.486376], [-76.533829, 3.486422], [-76.533905, 3.486484], [-76.533957, 3.486536], [-76.533981, 3.486562], [-76.533987, 3.486568], [-76.533987, 3.486568], [-76.534012, 3.486595], [-76.534057, 3.486654], [-76.534135, 3.486752], [-76.534173, 3.486808], [-76.534193, 3.486836], [-76.534253, 3.486932], [-76.534299, 3.487004], [-76.534325, 3.487041], [-76.534363, 3.487084], [-76.534408, 3.48713], [-76.534444, 3.487175], [-76.534486, 3.487238], [-76.534508, 3.487275], [-76.534515, 3.487313], [-76.534518, 3.487349], [-76.534509, 3.487391], [-76.534495, 3.487426], [-76.534495, 3.487426], [-76.534494, 3.487428], [-76.534492, 3.487433], [-76.534486, 3.487441], [-76.534461, 3.487479], [-76.534457, 3.487485], [-76.534406, 3.487552], [-76.534395, 3.487607], [-76.534382, 3.487677], [-76.534382, 3.487681], [-76.534383, 3.487696], [-76.534388, 3.487709], [-76.534401, 3.487717], [-76.534419, 3.487723], [-76.534439, 3.487723], [-76.534469, 3.487721], [-76.534504, 3.487718], [-76.534526, 3.487712], [-76.534539, 3.487706], [-76.534546, 3.487703], [-76.53457, 3.48769], [-76.534587, 3.487685], [-76.534614, 3.487683], [-76.534646, 3.487685], [-76.534648, 3.487685], [-76.534648, 3.487685], [-76.534654, 3.487685], [-76.534702, 3.487693], [-76.534703, 3.487693], [-76.534749, 3.4877], [-76.534764, 3.487704], [-76.534809, 3.487717], [-76.534943, 3.487763], [-76.535062, 3.487815], [-76.535067, 3.487818], [-76.535136, 3.487864], [-76.535169, 3.48789], [-76.535194, 3.48791], [-76.535252, 3.487969], [-76.535295, 3.488027], [-76.535344, 3.48811], [-76.535399, 3.488199], [-76.535453, 3.48827], [-76.535469, 3.488291], [-76.535402, 3.488379], [-76.535397, 3.488386], [-76.535378, 3.488402], [-76.535354, 3.488425], [-76.535326, 3.488458], [-76.535298, 3.488491], [-76.53529, 3.488489], [-76.535285, 3.488487], [-76.535281, 3.488486], [-76.535273, 3.488483], [-76.535264, 3.488482], [-76.535255, 3.48848], [-76.535246, 3.488479], [-76.535237, 3.488478], [-76.535228, 3.488477], [-76.535219, 3.488476], [-76.53521, 3.488474], [-76.535201, 3.488472], [-76.535193, 3.48847], [-76.535185, 3.488465], [-76.535178, 3.488461], [-76.535169, 3.488455], [-76.535162, 3.48845], [-76.535155, 3.488445], [-76.535147, 3.48844], [-76.53514, 3.488435], [-76.535132, 3.488432], [-76.535124, 3.488427], [-76.535115, 3.488424], [-76.535107, 3.488419], [-76.535099, 3.488415], [-76.535092, 3.48841], [-76.535086, 3.488403], [-76.535079, 3.488398], [-76.53507, 3.4884], [-76.535062, 3.488405], [-76.535055, 3.488411], [-76.53505, 3.488418], [-76.535011, 3.488392], [-76.534949, 3.488351], [-76.534887, 3.488323], [-76.534824, 3.488302], [-76.534716, 3.488268], [-76.534595, 3.488252], [-76.534436, 3.488217], [-76.534334, 3.48819], [-76.534233, 3.488173], [-76.534126, 3.488158], [-76.534058, 3.488163], [-76.534035, 3.488178], [-76.534205, 3.488383], [-76.534319, 3.488525], [-76.534574, 3.488715], [-76.534611, 3.488738], [-76.534711, 3.488811], [-76.534757, 3.488853], [-76.534822, 3.48892], [-76.534878, 3.488981], [-76.534945, 3.489053], [-76.534987, 3.489099], [-76.535005, 3.489136], [-76.535001, 3.489223], [-76.535003, 3.489283], [-76.535018, 3.489316], [-76.535015, 3.489443], [-76.535122, 3.489443], [-76.535167, 3.48944], [-76.535219, 3.489455], [-76.535255, 3.489465], [-76.535296, 3.489483], [-76.535314, 3.489494], [-76.53533, 3.489504], [-76.535338, 3.489517], [-76.535343, 3.48953], [-76.53534, 3.489552], [-76.535335, 3.489606], [-76.53533, 3.489674], [-76.535337, 3.489722], [-76.535356, 3.489751], [-76.53539, 3.489768], [-76.535459, 3.489778], [-76.535494, 3.489777], [-76.535534, 3.489775], [-76.535581, 3.489769], [-76.535612, 3.489772], [-76.535637, 3.489778], [-76.535664, 3.489789], [-76.535719, 3.489819], [-76.535774, 3.489859], [-76.53577, 3.489867], [-76.535767, 3.489875], [-76.535762, 3.489883], [-76.535757, 3.489891], [-76.53575, 3.489896], [-76.535741, 3.489896], [-76.535732, 3.489896], [-76.535723, 3.489895], [-76.535715, 3.489892], [-76.535706, 3.48989], [-76.535698, 3.489887], [-76.535689, 3.489884], [-76.53568, 3.489881], [-76.535672, 3.48988], [-76.535663, 3.48988], [-76.535654, 3.489881], [-76.535645, 3.489884], [-76.535636, 3.489888], [-76.535629, 3.489892], [-76.535622, 3.489898], [-76.535615, 3.489904], [-76.535609, 3.489909], [-76.535602, 3.489916], [-76.535595, 3.489922], [-76.535589, 3.489928], [-76.535586, 3.48993], [-76.535582, 3.489934], [-76.535574, 3.489938], [-76.535566, 3.489944], [-76.535558, 3.489947], [-76.53555, 3.489951], [-76.535542, 3.489955], [-76.535533, 3.489958], [-76.535526, 3.489963], [-76.535512, 3.489976], [-76.535492, 3.490005], [-76.535488, 3.490013], [-76.535484, 3.490022], [-76.535481, 3.49003], [-76.535477, 3.490038], [-76.535474, 3.490046], [-76.535471, 3.490055], [-76.535467, 3.490063], [-76.535464, 3.490071], [-76.53546, 3.49008], [-76.535456, 3.490088], [-76.535453, 3.490097], [-76.53545, 3.490105], [-76.535447, 3.490113], [-76.535444, 3.490122], [-76.535442, 3.490131], [-76.535439, 3.490139], [-76.535437, 3.490148], [-76.535435, 3.490157], [-76.535433, 3.490165], [-76.53543, 3.490175], [-76.535428, 3.490184], [-76.535427, 3.490192], [-76.535425, 3.490201], [-76.535422, 3.49021], [-76.535421, 3.490219], [-76.535419, 3.490228], [-76.535417, 3.490236], [-76.535412, 3.490244], [-76.535408, 3.490252], [-76.535401, 3.490259], [-76.535393, 3.490262], [-76.535384, 3.490262], [-76.535375, 3.490259], [-76.535367, 3.490263], [-76.535367, 3.490272], [-76.535361, 3.490278], [-76.535354, 3.490281], [-76.535352, 3.49029], [-76.535349, 3.490298], [-76.535347, 3.490307], [-76.535346, 3.490316], [-76.535344, 3.490325], [-76.535343, 3.490334], [-76.535341, 3.490343], [-76.535339, 3.490352], [-76.535337, 3.490361], [-76.535333, 3.490369], [-76.535329, 3.490377], [-76.535324, 3.490384], [-76.535319, 3.490392], [-76.535311, 3.490397], [-76.535303, 3.490401], [-76.535296, 3.490408], [-76.53529, 3.490413], [-76.535284, 3.49042], [-76.535277, 3.490427], [-76.535272, 3.490434], [-76.535267, 3.490441], [-76.535262, 3.490448], [-76.535257, 3.490457], [-76.535252, 3.490464], [-76.535247, 3.490471], [-76.535241, 3.490478], [-76.535237, 3.490486], [-76.53523, 3.490493], [-76.535224, 3.490499], [-76.535217, 3.490505], [-76.535209, 3.490509], [-76.535202, 3.490514], [-76.535194, 3.49052], [-76.535187, 3.490525], [-76.535179, 3.490529], [-76.535171, 3.490532], [-76.535162, 3.490534], [-76.535153, 3.490536], [-76.535144, 3.490537], [-76.535135, 3.490537], [-76.535126, 3.490537], [-76.535117, 3.490535], [-76.535109, 3.490533], [-76.535101, 3.490528], [-76.535094, 3.490523], [-76.535087, 3.490516], [-76.535082, 3.490508], [-76.535077, 3.490501], [-76.535072, 3.490494], [-76.535068, 3.490486], [-76.535062, 3.490478], [-76.535055, 3.490472], [-76.535048, 3.490468], [-76.535039, 3.490467], [-76.53503, 3.490467], [-76.535021, 3.490466], [-76.535012, 3.490467], [-76.535003, 3.490468], [-76.534994, 3.490471], [-76.534986, 3.490476], [-76.534978, 3.49048], [-76.53497, 3.490485], [-76.534963, 3.490489], [-76.534955, 3.490494], [-76.534947, 3.490498], [-76.53494, 3.490504], [-76.534933, 3.490509], [-76.534926, 3.490515], [-76.534921, 3.490523], [-76.534916, 3.490531], [-76.534912, 3.490539], [-76.534909, 3.490547], [-76.534906, 3.490556], [-76.534906, 3.490565], [-76.534905, 3.490574], [-76.534903, 3.490583], [-76.534902, 3.490591], [-76.534901, 3.4906], [-76.5349, 3.490609], [-76.5349, 3.490618], [-76.5349, 3.490627], [-76.5349, 3.490637], [-76.5349, 3.490646], [-76.5349, 3.490655], [-76.5349, 3.490664], [-76.5349, 3.490673], [-76.5349, 3.490682], [-76.534899, 3.490691], [-76.534898, 3.490701], [-76.534898, 3.490709], [-76.5349, 3.490718], [-76.534903, 3.490727], [-76.534905, 3.490735], [-76.534907, 3.490744], [-76.534909, 3.490753], [-76.534912, 3.490761], [-76.534914, 3.490769], [-76.534915, 3.49077], [-76.534917, 3.490779], [-76.53492, 3.490788], [-76.534922, 3.490797], [-76.534924, 3.490805], [-76.534927, 3.490814], [-76.53493, 3.490822], [-76.534933, 3.490831], [-76.534935, 3.49084], [-76.534938, 3.490848], [-76.534941, 3.490857], [-76.534943, 3.490865], [-76.534946, 3.490877], [-76.534968, 3.49093], [-76.534971, 3.490939], [-76.534975, 3.490948], [-76.534978, 3.490956], [-76.534978, 3.490959], [-76.534979, 3.490965], [-76.534981, 3.490974], [-76.534982, 3.490983], [-76.534984, 3.490992], [-76.534985, 3.491001], [-76.534986, 3.491009], [-76.534986, 3.491018], [-76.534987, 3.491027], [-76.534987, 3.491036], [-76.534986, 3.491045], [-76.534985, 3.491054], [-76.534984, 3.491063], [-76.534982, 3.491072], [-76.534981, 3.491081], [-76.534979, 3.491091], [-76.534978, 3.4911], [-76.534977, 3.491109], [-76.534976, 3.491118], [-76.534974, 3.491127], [-76.534973, 3.491135], [-76.534972, 3.491144], [-76.53497, 3.491153], [-76.534969, 3.491162], [-76.534968, 3.491171], [-76.534966, 3.49118], [-76.534964, 3.491189], [-76.534962, 3.491197], [-76.53496, 3.491206], [-76.534959, 3.491215], [-76.534957, 3.491224], [-76.534955, 3.491233], [-76.534954, 3.491242], [-76.534953, 3.491251], [-76.534952, 3.49126], [-76.534951, 3.491269], [-76.534951, 3.491278], [-76.534949, 3.491287], [-76.534948, 3.491296], [-76.534946, 3.491305], [-76.534944, 3.491314], [-76.534943, 3.491323], [-76.534942, 3.491331], [-76.534939, 3.49134], [-76.534937, 3.491349], [-76.534935, 3.491358], [-76.534933, 3.491366], [-76.534931, 3.491375], [-76.534928, 3.491384], [-76.534925, 3.491393], [-76.534923, 3.491402], [-76.534919, 3.49141], [-76.534916, 3.491418], [-76.534913, 3.491426], [-76.534908, 3.491434], [-76.534904, 3.491442], [-76.534899, 3.49145], [-76.534896, 3.491459], [-76.534891, 3.491467], [-76.534888, 3.491475], [-76.534884, 3.491483], [-76.534882, 3.491492], [-76.53488, 3.491501], [-76.534879, 3.49151], [-76.534879, 3.491519], [-76.534879, 3.491528], [-76.534879, 3.491537], [-76.534879, 3.491546], [-76.534878, 3.491554], [-76.534875, 3.491563], [-76.534871, 3.491572], [-76.53493, 3.491626], [-76.53494, 3.491636], [-76.535114, 3.491798], [-76.535334, 3.491895], [-76.535517, 3.491955], [-76.535503, 3.491966], [-76.535477, 3.491974], [-76.535435, 3.491989], [-76.535401, 3.492003], [-76.535368, 3.492017], [-76.535351, 3.492022], [-76.535319, 3.492037], [-76.535293, 3.492063], [-76.535264, 3.492099], [-76.535246, 3.492121], [-76.535227, 3.49214], [-76.535207, 3.492157], [-76.535176, 3.492172], [-76.535149, 3.492178], [-76.535104, 3.492187], [-76.535064, 3.492195], [-76.535039, 3.492205], [-76.535005, 3.492212], [-76.534971, 3.492217], [-76.534953, 3.492221], [-76.534926, 3.492226], [-76.534892, 3.492237], [-76.534863, 3.492259], [-76.534846, 3.49229], [-76.534841, 3.492317], [-76.534835, 3.492335], [-76.534817, 3.492366], [-76.534796, 3.492395], [-76.534792, 3.492399], [-76.534792, 3.492399], [-76.534788, 3.492404], [-76.534757, 3.492441], [-76.534744, 3.492458], [-76.534727, 3.492479], [-76.534714, 3.492502], [-76.534711, 3.492529], [-76.534697, 3.492573], [-76.534669, 3.492618], [-76.534642, 3.492639], [-76.53461, 3.492656], [-76.53456, 3.492675], [-76.534543, 3.492682], [-76.534543, 3.492682], [-76.534535, 3.492685], [-76.53452, 3.492692], [-76.534502, 3.492709], [-76.534483, 3.492736], [-76.534475, 3.492751], [-76.534448, 3.492779], [-76.534423, 3.492802], [-76.534403, 3.492817], [-76.534377, 3.492836], [-76.534358, 3.492848], [-76.534324, 3.492875], [-76.534297, 3.492885], [-76.534264, 3.492876], [-76.53424, 3.492877], [-76.534067, 3.492642], [-76.533991, 3.492504], [-76.533988, 3.4925], [-76.533899, 3.492368], [-76.533886, 3.492349], [-76.53384, 3.492281], [-76.533781, 3.492194], [-76.533628, 3.491999], [-76.533523, 3.491741], [-76.533415, 3.491448], [-76.533364, 3.49126], [-76.53336, 3.491176], [-76.533362, 3.491033], [-76.533355, 3.490956], [-76.533312, 3.490883], [-76.533249, 3.490803], [-76.533161, 3.490773], [-76.533101, 3.490758], [-76.533056, 3.490754], [-76.533014, 3.490768], [-76.532994, 3.490788], [-76.532973, 3.490818], [-76.532957, 3.49084], [-76.532931, 3.490877], [-76.532912, 3.490908], [-76.532895, 3.490939], [-76.532872, 3.490988], [-76.532807, 3.490932], [-76.532756, 3.490854], [-76.532745, 3.490836], [-76.532679, 3.490708], [-76.532661, 3.490672], [-76.532653, 3.490657], [-76.532613, 3.490579], [-76.532537, 3.490431], [-76.532526, 3.490408], [-76.532494, 3.490207], [-76.532639, 3.489902], [-76.532462, 3.489625], [-76.5323, 3.489667], [-76.532207, 3.4897], [-76.532128, 3.489738], [-76.532066, 3.489805], [-76.531975, 3.489913], [-76.531854, 3.49005], [-76.531798, 3.490113], [-76.531736, 3.490166], [-76.531672, 3.490222], [-76.531608, 3.490248], [-76.531509, 3.490266], [-76.531442, 3.490254], [-76.531404, 3.490239], [-76.531334, 3.49028], [-76.531273, 3.490339], [-76.531244, 3.49034], [-76.531221, 3.490341], [-76.531196, 3.490297], [-76.53119, 3.49027], [-76.531195, 3.490207], [-76.531195, 3.490135], [-76.531206, 3.490097], [-76.531212, 3.490014], [-76.531212, 3.489957], [-76.531209, 3.489855], [-76.531172, 3.489853], [-76.531165, 3.489834], [-76.531163, 3.489725], [-76.53121, 3.489718], [-76.531211, 3.489626], [-76.531214, 3.489614], [-76.531214, 3.489611], [-76.531214, 3.48961], [-76.531214, 3.489606], [-76.531214, 3.489597], [-76.531214, 3.489588], [-76.531214, 3.489585], [-76.531214, 3.489579], [-76.531214, 3.48957], [-76.531214, 3.48956], [-76.531214, 3.489555], [-76.531214, 3.489551], [-76.531214, 3.489542], [-76.531214, 3.489533], [-76.531214, 3.489527], [-76.531214, 3.489524], [-76.531214, 3.489515], [-76.531214, 3.489506], [-76.531214, 3.489497], [-76.531214, 3.489488], [-76.531215, 3.489479], [-76.531215, 3.48947], [-76.531215, 3.489461], [-76.531216, 3.489452], [-76.531217, 3.489443], [-76.531218, 3.489434], [-76.531219, 3.489425], [-76.531222, 3.489416], [-76.531225, 3.489408], [-76.531228, 3.489399], [-76.531231, 3.489391], [-76.531234, 3.489382], [-76.531237, 3.489374], [-76.53124, 3.489366], [-76.531244, 3.489357], [-76.531247, 3.489349], [-76.53125, 3.48934], [-76.531254, 3.489331], [-76.531256, 3.489323], [-76.531259, 3.489314], [-76.531263, 3.489306], [-76.531264, 3.489297], [-76.531267, 3.489289], [-76.53127, 3.48928], [-76.531272, 3.489271], [-76.531273, 3.489263], [-76.531274, 3.489254], [-76.531275, 3.489245], [-76.531276, 3.489236], [-76.531277, 3.489226], [-76.531278, 3.489217], [-76.531279, 3.489208], [-76.53128, 3.489199], [-76.531281, 3.48919], [-76.531282, 3.489181], [-76.531282, 3.489172], [-76.531283, 3.489163], [-76.531285, 3.489154], [-76.531286, 3.489145], [-76.531288, 3.489136], [-76.53129, 3.489128], [-76.531292, 3.489119], [-76.531296, 3.489111], [-76.5313, 3.489103], [-76.531307, 3.489096], [-76.531314, 3.489091], [-76.531322, 3.489086], [-76.53133, 3.489084], [-76.531339, 3.489081], [-76.531348, 3.48908], [-76.531357, 3.489079], [-76.531366, 3.489079], [-76.53138, 3.489077], [-76.531408, 3.489083], [-76.531437, 3.489082], [-76.531472, 3.48907], [-76.531547, 3.489068], [-76.531583, 3.48905], [-76.531583, 3.489025], [-76.53157, 3.488991], [-76.531562, 3.488967], [-76.531555, 3.488935], [-76.531543, 3.488894], [-76.531521, 3.488832], [-76.531505, 3.488802], [-76.531489, 3.488767], [-76.531478, 3.488706], [-76.531481, 3.488683], [-76.531492, 3.488651], [-76.531511, 3.488636], [-76.531542, 3.488622], [-76.531543, 3.488621], [-76.531543, 3.488612], [-76.531539, 3.488604], [-76.531535, 3.488596], [-76.53153, 3.488589], [-76.531525, 3.488582], [-76.531516, 3.488577], [-76.531508, 3.488574], [-76.5315, 3.488569], [-76.531493, 3.488564], [-76.531488, 3.488556], [-76.531486, 3.488547], [-76.531487, 3.488538], [-76.531487, 3.488529], [-76.531489, 3.48852], [-76.531489, 3.488511], [-76.531492, 3.488503], [-76.531492, 3.488494], [-76.531491, 3.488485], [-76.531491, 3.488484], [-76.53149, 3.488481], [-76.531489, 3.488476], [-76.531487, 3.488467], [-76.531483, 3.488459], [-76.531479, 3.488452], [-76.531473, 3.488444], [-76.531469, 3.488436], [-76.531464, 3.488428], [-76.531461, 3.48842], [-76.531456, 3.488412], [-76.531453, 3.488404], [-76.531448, 3.488396], [-76.531444, 3.488388], [-76.531439, 3.48838], [-76.531435, 3.488373], [-76.53143, 3.488365], [-76.531426, 3.488357], [-76.53142, 3.488349], [-76.531416, 3.488342], [-76.53141, 3.488334], [-76.531405, 3.488327], [-76.5314, 3.488319], [-76.531395, 3.488312], [-76.53139, 3.488305], [-76.531384, 3.488298], [-76.531379, 3.48829], [-76.531373, 3.488283], [-76.531368, 3.488276], [-76.531362, 3.488269], [-76.531356, 3.488262], [-76.531351, 3.488254], [-76.531345, 3.488247], [-76.53134, 3.48824], [-76.531335, 3.488233], [-76.531329, 3.488225], [-76.531324, 3.488218], [-76.531318, 3.488211], [-76.531312, 3.488205], [-76.531306, 3.488199], [-76.531298, 3.488194], [-76.531291, 3.488189], [-76.531282, 3.488185], [-76.531274, 3.48818], [-76.531267, 3.488176], [-76.531259, 3.488171], [-76.531251, 3.488167], [-76.531243, 3.488162], [-76.531236, 3.488158], [-76.531227, 3.488157], [-76.531218, 3.488156], [-76.531209, 3.488155], [-76.5312, 3.488155], [-76.531191, 3.488155], [-76.531182, 3.488155], [-76.531173, 3.488154], [-76.531164, 3.488154], [-76.531155, 3.488154], [-76.531146, 3.488154], [-76.531137, 3.488154], [-76.531128, 3.488154], [-76.531119, 3.488154], [-76.53111, 3.488153], [-76.531101, 3.488154], [-76.531092, 3.488155], [-76.531083, 3.488156], [-76.531074, 3.488158], [-76.531066, 3.488161], [-76.531057, 3.488164], [-76.531048, 3.488166], [-76.531039, 3.488168], [-76.53103, 3.488171], [-76.531022, 3.488174], [-76.531013, 3.488176], [-76.531005, 3.488179], [-76.530996, 3.488182], [-76.530988, 3.488185], [-76.530979, 3.488187], [-76.530971, 3.48819], [-76.530962, 3.488193], [-76.530954, 3.488196], [-76.530945, 3.488198], [-76.530936, 3.488201], [-76.530927, 3.488202], [-76.530918, 3.488202], [-76.530909, 3.488203], [-76.5309, 3.488204], [-76.530892, 3.488206], [-76.530884, 3.488211], [-76.530877, 3.488216], [-76.530872, 3.488224], [-76.530869, 3.488233], [-76.530868, 3.488242], [-76.530867, 3.488251], [-76.530864, 3.488259], [-76.530862, 3.488268], [-76.530859, 3.488277], [-76.530858, 3.488285], [-76.530857, 3.488294], [-76.530856, 3.488303], [-76.530854, 3.488312], [-76.53085, 3.48832], [-76.530847, 3.488328], [-76.530845, 3.488338], [-76.530842, 3.488347], [-76.530841, 3.488356], [-76.530841, 3.488365], [-76.530835, 3.488371], [-76.530828, 3.488374], [-76.530827, 3.488375], [-76.530818, 3.488378], [-76.53081, 3.488381], [-76.530802, 3.488384], [-76.530793, 3.488388], [-76.530785, 3.488392], [-76.530769, 3.4884], [-76.53076, 3.488403], [-76.530751, 3.488405], [-76.530743, 3.488406], [-76.530734, 3.488405], [-76.530725, 3.488405], [-76.530716, 3.488405], [-76.530707, 3.488405], [-76.530698, 3.488405], [-76.530689, 3.488405], [-76.53068, 3.488406], [-76.530671, 3.488409], [-76.530662, 3.488411], [-76.530654, 3.488413], [-76.530645, 3.488415], [-76.530636, 3.488416], [-76.530627, 3.488415], [-76.530618, 3.488415], [-76.530609, 3.488414], [-76.5306, 3.488414], [-76.530591, 3.488414], [-76.530582, 3.488413], [-76.530573, 3.488413], [-76.530564, 3.488413], [-76.530555, 3.488413], [-76.530546, 3.488413], [-76.530537, 3.488413], [-76.530528, 3.488413], [-76.530519, 3.488415], [-76.53051, 3.488415], [-76.530501, 3.488415], [-76.530492, 3.488414], [-76.530483, 3.488414], [-76.530474, 3.488416], [-76.530466, 3.488419], [-76.530458, 3.488423], [-76.53045, 3.488428], [-76.530443, 3.488432], [-76.530435, 3.488436], [-76.530426, 3.488437], [-76.530417, 3.488438], [-76.530408, 3.488441], [-76.5304, 3.488445], [-76.530396, 3.488448], [-76.530389, 3.488454], [-76.530382, 3.48846], [-76.530377, 3.488468], [-76.530373, 3.488476], [-76.530369, 3.488484], [-76.530364, 3.488491], [-76.530358, 3.488497], [-76.530352, 3.488505], [-76.530346, 3.488512], [-76.530339, 3.488517], [-76.530332, 3.488523], [-76.530324, 3.488526], [-76.530315, 3.488528], [-76.530306, 3.488529], [-76.530297, 3.488528], [-76.530289, 3.488525], [-76.53028, 3.488524], [-76.530271, 3.488524], [-76.530262, 3.488525], [-76.530254, 3.488529], [-76.530247, 3.488535], [-76.530239, 3.488541], [-76.530234, 3.488547], [-76.530228, 3.488554], [-76.530221, 3.48856], [-76.530213, 3.488564], [-76.530205, 3.488568], [-76.530196, 3.488572], [-76.530188, 3.488573], [-76.530179, 3.488574], [-76.53017, 3.488574], [-76.530161, 3.488574], [-76.530152, 3.488574], [-76.530142, 3.488574], [-76.530134, 3.488572], [-76.530125, 3.488568], [-76.530117, 3.488564], [-76.53011, 3.48856], [-76.530103, 3.488554], [-76.530095, 3.488549], [-76.530088, 3.488543], [-76.530081, 3.488537], [-76.530075, 3.488531], [-76.530067, 3.488526], [-76.530061, 3.488519], [-76.530055, 3.488513], [-76.530049, 3.488506], [-76.530043, 3.488499], [-76.530039, 3.488491], [-76.530035, 3.488483], [-76.530032, 3.488474], [-76.530026, 3.488468], [-76.530018, 3.488464], [-76.529898, 3.488356], [-76.529894, 3.488353], [-76.529891, 3.488361], [-76.529865, 3.488367], [-76.529839, 3.488375], [-76.529813, 3.488401], [-76.529799, 3.488423], [-76.529794, 3.48845], [-76.52979, 3.488477], [-76.529786, 3.488495], [-76.529777, 3.48851], [-76.529761, 3.488532], [-76.529746, 3.488554], [-76.52973, 3.488587], [-76.529716, 3.48861], [-76.529702, 3.488633], [-76.529691, 3.488658], [-76.529677, 3.488669], [-76.529645, 3.488687], [-76.529608, 3.48871], [-76.529592, 3.48872], [-76.52957, 3.488734], [-76.529539, 3.488754], [-76.529513, 3.488779], [-76.5295, 3.488791], [-76.529493, 3.488807], [-76.529479, 3.48884], [-76.529472, 3.488857], [-76.529467, 3.488867], [-76.529467, 3.488867], [-76.529466, 3.48887], [-76.529461, 3.488882], [-76.529447, 3.488915], [-76.529445, 3.488921], [-76.529435, 3.48895], [-76.529434, 3.488952], [-76.529428, 3.488985], [-76.529423, 3.489012], [-76.529419, 3.489038], [-76.529418, 3.489065], [-76.529446, 3.489083], [-76.529464, 3.489085], [-76.529466, 3.489086], [-76.529482, 3.489088], [-76.529493, 3.4891], [-76.529495, 3.489118], [-76.529493, 3.489145], [-76.529489, 3.489163], [-76.529487, 3.489171], [-76.529486, 3.489172], [-76.529479, 3.489187], [-76.529465, 3.489211], [-76.52945, 3.489229], [-76.529447, 3.489232], [-76.529437, 3.489266], [-76.529428, 3.489291], [-76.529429, 3.489319], [-76.529432, 3.489346], [-76.529431, 3.489364], [-76.529422, 3.489379], [-76.52942, 3.489381], [-76.52941, 3.489392], [-76.529401, 3.489407], [-76.529401, 3.489425], [-76.5294, 3.489443], [-76.5294, 3.489452], [-76.529399, 3.48948], [-76.529389, 3.489513], [-76.529376, 3.489547], [-76.529374, 3.489553], [-76.529373, 3.48958], [-76.529366, 3.489606], [-76.52936, 3.489642], [-76.529353, 3.489655], [-76.529347, 3.489666], [-76.529325, 3.489694], [-76.529297, 3.489715], [-76.529272, 3.489709], [-76.529251, 3.489692], [-76.52921, 3.489688], [-76.529188, 3.489717], [-76.529182, 3.489734], [-76.529181, 3.489752], [-76.529177, 3.489778], [-76.529176, 3.489796], [-76.529175, 3.489805], [-76.529172, 3.489823], [-76.529162, 3.489848], [-76.52914, 3.489864], [-76.529114, 3.489869], [-76.52909, 3.489857], [-76.529075, 3.489849], [-76.529039, 3.489844], [-76.528994, 3.489841], [-76.528958, 3.48984], [-76.528922, 3.489839], [-76.528878, 3.489845], [-76.528845, 3.48986], [-76.528833, 3.489874], [-76.528827, 3.489891], [-76.528815, 3.489914], [-76.528798, 3.489917], [-76.528772, 3.489905], [-76.528753, 3.489887], [-76.528736, 3.489866], [-76.52872, 3.489844], [-76.528701, 3.489821], [-76.528681, 3.489808], [-76.528646, 3.489801], [-76.528585, 3.489814], [-76.528532, 3.489826], [-76.528497, 3.489836], [-76.528431, 3.489864], [-76.528376, 3.489895], [-76.528323, 3.489938], [-76.528311, 3.489948], [-76.528311, 3.489948], [-76.528311, 3.489948], [-76.528279, 3.489975], [-76.528256, 3.490005], [-76.52824, 3.490025], [-76.528213, 3.490061], [-76.528188, 3.490086], [-76.528161, 3.490111], [-76.528151, 3.490125], [-76.528162, 3.490149], [-76.528159, 3.490185], [-76.528151, 3.49022], [-76.528128, 3.490279], [-76.528108, 3.49033], [-76.528094, 3.490362], [-76.528071, 3.490401], [-76.528064, 3.490417], [-76.528065, 3.490435], [-76.52807, 3.490453], [-76.528074, 3.490489], [-76.528083, 3.490514], [-76.528093, 3.490529], [-76.528094, 3.490565], [-76.528087, 3.490582], [-76.528075, 3.490606], [-76.528067, 3.490623], [-76.528055, 3.490636], [-76.528032, 3.490651], [-76.528009, 3.490663], [-76.527993, 3.490685], [-76.527995, 3.490702], [-76.528016, 3.490718], [-76.528025, 3.49072], [-76.528042, 3.490727], [-76.528068, 3.490733], [-76.528092, 3.490746], [-76.528105, 3.490768], [-76.528107, 3.490785], [-76.528113, 3.490793], [-76.528135, 3.490809], [-76.528171, 3.49084], [-76.528197, 3.490898], [-76.5282, 3.490907], [-76.528214, 3.490957], [-76.528221, 3.491017], [-76.528228, 3.491116], [-76.528225, 3.491262], [-76.528222, 3.491447], [-76.528211, 3.492144], [-76.528218, 3.492281], [-76.528211, 3.492333], [-76.528199, 3.492381], [-76.528168, 3.492407], [-76.528156, 3.492421], [-76.528128, 3.492454], [-76.528113, 3.492486], [-76.528114, 3.49251], [-76.528124, 3.49254], [-76.528138, 3.49256], [-76.52815, 3.49257], [-76.528165, 3.492575], [-76.52819, 3.492577], [-76.52822, 3.492577], [-76.528247, 3.49259], [-76.528258, 3.492611], [-76.528256, 3.492643], [-76.528257, 3.49265], [-76.528263, 3.492681], [-76.528277, 3.492699], [-76.528299, 3.492716], [-76.528301, 3.492718], [-76.528315, 3.492728], [-76.528329, 3.492733], [-76.528331, 3.492733], [-76.528331, 3.492733], [-76.528332, 3.49287], [-76.528334, 3.493158], [-76.528336, 3.493339], [-76.528336, 3.493432], [-76.528366, 3.4975], [-76.528268, 3.497498], [-76.528253, 3.497501], [-76.528229, 3.49751], [-76.528216, 3.497514], [-76.528178, 3.497518], [-76.528172, 3.497519], [-76.528167, 3.497519], [-76.528154, 3.497527], [-76.528118, 3.497552], [-76.528078, 3.497579], [-76.528072, 3.497585], [-76.528067, 3.49759], [-76.528032, 3.497645], [-76.528028, 3.497649], [-76.528023, 3.497653], [-76.528018, 3.497656], [-76.528011, 3.497658], [-76.528005, 3.497659], [-76.527993, 3.49766], [-76.527989, 3.497662], [-76.527988, 3.497663], [-76.527965, 3.497676], [-76.527925, 3.497696], [-76.527912, 3.4977], [-76.527899, 3.497701], [-76.527811, 3.497699], [-76.527769, 3.497692], [-76.527762, 3.49769], [-76.527753, 3.497686], [-76.527748, 3.497683], [-76.527733, 3.497671], [-76.527693, 3.497632], [-76.527674, 3.49761], [-76.527656, 3.497594], [-76.52765, 3.497591], [-76.527645, 3.497589], [-76.52764, 3.497589], [-76.52763, 3.497592], [-76.527529, 3.497627], [-76.527524, 3.497628], [-76.527511, 3.497629], [-76.527499, 3.497629], [-76.527493, 3.497628], [-76.527481, 3.497625], [-76.52739, 3.49759], [-76.527368, 3.497584], [-76.52736, 3.497583], [-76.527335, 3.497583], [-76.527327, 3.497584], [-76.527272, 3.497596], [-76.527264, 3.497597], [-76.5272, 3.497598], [-76.527194, 3.497598], [-76.527173, 3.497606], [-76.527166, 3.497608], [-76.52716, 3.497608], [-76.527146, 3.49761], [-76.52714, 3.497613], [-76.527136, 3.497617], [-76.527131, 3.497621], [-76.527128, 3.497626], [-76.527125, 3.497631], [-76.5271, 3.497656], [-76.527084, 3.497675], [-76.527062, 3.497694], [-76.527057, 3.497698], [-76.527052, 3.4977], [-76.527046, 3.497701], [-76.527039, 3.497698], [-76.52701, 3.497694], [-76.526994, 3.49769], [-76.526956, 3.497652], [-76.526933, 3.497625], [-76.526928, 3.497617], [-76.526918, 3.497596], [-76.526867, 3.497514], [-76.526862, 3.497503], [-76.526859, 3.497497], [-76.526828, 3.497454], [-76.526816, 3.49744], [-76.526792, 3.497422], [-76.526776, 3.497405], [-76.526747, 3.497383], [-76.526742, 3.497379], [-76.526723, 3.497356], [-76.526719, 3.497352], [-76.526705, 3.497341], [-76.526701, 3.497336], [-76.526697, 3.497332], [-76.526684, 3.497312], [-76.526679, 3.497307], [-76.526676, 3.497303], [-76.526652, 3.497285], [-76.526635, 3.497267], [-76.526631, 3.497264], [-76.526625, 3.497261], [-76.52662, 3.497258], [-76.526559, 3.497235], [-76.526543, 3.497226], [-76.526537, 3.497224], [-76.52651, 3.497218], [-76.52646, 3.497196], [-76.526436, 3.497182], [-76.526428, 3.497178], [-76.526379, 3.49716], [-76.526373, 3.497156], [-76.526342, 3.497135], [-76.526337, 3.497133], [-76.526326, 3.497129], [-76.52632, 3.497127], [-76.526307, 3.497127], [-76.526285, 3.49713], [-76.526268, 3.497131], [-76.526256, 3.497132], [-76.526238, 3.497136], [-76.52623, 3.49714], [-76.526202, 3.497157], [-76.526191, 3.497162], [-76.526185, 3.497165], [-76.526161, 3.497183], [-76.526155, 3.497188], [-76.526138, 3.497197], [-76.526112, 3.497216], [-76.526077, 3.497235], [-76.526072, 3.497238], [-76.526065, 3.497239], [-76.526021, 3.497247], [-76.525998, 3.497251], [-76.525981, 3.497257], [-76.525975, 3.497258], [-76.525964, 3.497259], [-76.525958, 3.497258], [-76.52595, 3.497257], [-76.525942, 3.497253], [-76.525937, 3.497249], [-76.525912, 3.497229], [-76.525908, 3.497225], [-76.525833, 3.497135], [-76.52583, 3.497132], [-76.525824, 3.497128], [-76.525819, 3.497125], [-76.525811, 3.497124], [-76.525805, 3.497124], [-76.525791, 3.497126], [-76.525785, 3.497126], [-76.52576, 3.497127], [-76.52573, 3.497129], [-76.525608, 3.497157], [-76.525556, 3.497177], [-76.525526, 3.497193], [-76.52552, 3.497197], [-76.525515, 3.4972], [-76.525482, 3.497214], [-76.525459, 3.49722], [-76.525453, 3.497221], [-76.525441, 3.497225], [-76.525409, 3.497239], [-76.525374, 3.497247], [-76.525346, 3.497256], [-76.525319, 3.497268], [-76.525291, 3.497276], [-76.525284, 3.497276], [-76.525273, 3.497276], [-76.525241, 3.497271], [-76.525226, 3.497271], [-76.525192, 3.497276], [-76.52519, 3.497276], [-76.525185, 3.497276], [-76.52518, 3.497275], [-76.525162, 3.497272], [-76.525107, 3.497271], [-76.5251, 3.497271], [-76.525058, 3.497265], [-76.525051, 3.497263], [-76.525046, 3.497261], [-76.525014, 3.497245], [-76.524986, 3.497223], [-76.524965, 3.49721], [-76.524924, 3.497182], [-76.524906, 3.497165], [-76.524897, 3.497158], [-76.524879, 3.497146], [-76.524871, 3.497142], [-76.524865, 3.497135], [-76.52485, 3.497116], [-76.524846, 3.497112], [-76.524827, 3.497097], [-76.524824, 3.497094], [-76.524819, 3.497088], [-76.524815, 3.497083], [-76.524809, 3.497074], [-76.524806, 3.497068], [-76.524802, 3.497064], [-76.524784, 3.497048], [-76.52478, 3.497044], [-76.52476, 3.497014], [-76.524755, 3.497009], [-76.524739, 3.496992], [-76.524697, 3.496933], [-76.524681, 3.496914], [-76.524663, 3.496883], [-76.524644, 3.49686], [-76.52464, 3.496855], [-76.524626, 3.496822], [-76.524608, 3.49679], [-76.524592, 3.496768], [-76.52458, 3.496744], [-76.524574, 3.496737], [-76.524569, 3.49673], [-76.524548, 3.49671], [-76.524538, 3.496696], [-76.524533, 3.496691], [-76.524528, 3.496687], [-76.524522, 3.496683], [-76.524516, 3.496681], [-76.524498, 3.496674], [-76.524492, 3.496671], [-76.524477, 3.496663], [-76.524473, 3.49666], [-76.524452, 3.496648], [-76.524434, 3.496635], [-76.524428, 3.496631], [-76.524421, 3.496629], [-76.524408, 3.496625], [-76.524402, 3.496624], [-76.524385, 3.496624], [-76.524367, 3.496628], [-76.524361, 3.49663], [-76.524356, 3.496633], [-76.524351, 3.496637], [-76.524328, 3.496663], [-76.524313, 3.496675], [-76.524305, 3.496683], [-76.524283, 3.49671], [-76.524269, 3.496723], [-76.524266, 3.496727], [-76.524261, 3.496732], [-76.524247, 3.496756], [-76.52424, 3.496765], [-76.524214, 3.496789], [-76.524207, 3.496793], [-76.5242, 3.496793], [-76.524194, 3.49679], [-76.524168, 3.496778], [-76.52416, 3.496771], [-76.524142, 3.496757], [-76.524134, 3.496751], [-76.524119, 3.496737], [-76.52411, 3.49672], [-76.52411, 3.49672], [-76.524109, 3.49671], [-76.524106, 3.496702], [-76.524105, 3.496699], [-76.524106, 3.49668], [-76.524106, 3.496677], [-76.524106, 3.496676], [-76.524106, 3.496676], [-76.524106, 3.496662], [-76.524109, 3.496622], [-76.524124, 3.49657], [-76.524128, 3.496554], [-76.52413, 3.496545], [-76.524133, 3.496537], [-76.524137, 3.496528], [-76.524141, 3.49652], [-76.524145, 3.496512], [-76.52415, 3.496505], [-76.524155, 3.496497], [-76.524161, 3.49649], [-76.524167, 3.496483], [-76.524173, 3.496477], [-76.524181, 3.496471], [-76.524188, 3.496465], [-76.524195, 3.496459], [-76.524201, 3.496452], [-76.524207, 3.496446], [-76.524213, 3.496439], [-76.524219, 3.496432], [-76.524225, 3.496425], [-76.52423, 3.496418], [-76.524235, 3.49641], [-76.52424, 3.496402], [-76.524244, 3.496395], [-76.524248, 3.496387], [-76.524252, 3.496378], [-76.524256, 3.49637], [-76.524259, 3.496362], [-76.524262, 3.496353], [-76.524265, 3.496345], [-76.524267, 3.496336], [-76.524269, 3.496327], [-76.524271, 3.496318], [-76.524272, 3.496309], [-76.524273, 3.4963], [-76.524273, 3.496299], [-76.524273, 3.496297], [-76.524272, 3.496291], [-76.524249, 3.496242], [-76.524243, 3.496226], [-76.524243, 3.496226], [-76.524241, 3.496213], [-76.524241, 3.496213], [-76.524236, 3.496183], [-76.524236, 3.496183], [-76.52423, 3.496163], [-76.524227, 3.496157], [-76.524224, 3.496152], [-76.524221, 3.496148], [-76.524215, 3.496143], [-76.524208, 3.496138], [-76.524187, 3.49612], [-76.524164, 3.496089], [-76.524151, 3.496073], [-76.524096, 3.496047], [-76.524068, 3.496033], [-76.524056, 3.496028], [-76.524043, 3.496019], [-76.523991, 3.49599], [-76.523928, 3.495955], [-76.523918, 3.495949], [-76.523887, 3.495932], [-76.523881, 3.495929], [-76.523876, 3.495928], [-76.523823, 3.4959], [-76.523533, 3.495714], [-76.523503, 3.495685], [-76.523473, 3.495647], [-76.523445, 3.495616], [-76.523441, 3.495611], [-76.52344, 3.495606], [-76.523437, 3.495602], [-76.523413, 3.495574], [-76.523331, 3.495438], [-76.523313, 3.495403], [-76.523281, 3.49536], [-76.523253, 3.495328], [-76.523247, 3.495318], [-76.523206, 3.495241], [-76.523192, 3.495221], [-76.523166, 3.495179], [-76.523162, 3.495175], [-76.523158, 3.49517], [-76.523116, 3.495116], [-76.523109, 3.495105], [-76.523106, 3.495098], [-76.523104, 3.495091], [-76.523093, 3.495075], [-76.523088, 3.495068], [-76.52308, 3.495059], [-76.523077, 3.495055], [-76.523068, 3.495047], [-76.523033, 3.495015], [-76.523014, 3.494999], [-76.522973, 3.494968], [-76.522953, 3.494956], [-76.522929, 3.494945], [-76.522903, 3.494929], [-76.522881, 3.494853], [-76.522851, 3.494752], [-76.52236, 3.494473], [-76.521817, 3.494288], [-76.520127, 3.493759], [-76.518605, 3.493288], [-76.517887, 3.493079], [-76.51757, 3.492975], [-76.517525, 3.49296], [-76.51704, 3.492801], [-76.51647, 3.492635], [-76.515901, 3.492445], [-76.515328, 3.492262], [-76.514657, 3.492044], [-76.514551, 3.49201], [-76.514186, 3.491891], [-76.513516, 3.491696], [-76.513448, 3.491667], [-76.513044, 3.491533], [-76.513012, 3.491522], [-76.512933, 3.491501], [-76.512732, 3.491448], [-76.512324, 3.491288], [-76.512295, 3.491276], [-76.512047, 3.491168], [-76.511842, 3.491059], [-76.511405, 3.49084], [-76.51117, 3.490726], [-76.511013, 3.490642], [-76.510975, 3.490622], [-76.510901, 3.490577], [-76.510793, 3.490544], [-76.510055, 3.49032], [-76.510055, 3.49032], [-76.509419, 3.490127], [-76.5094, 3.490195], [-76.50923, 3.490792], [-76.509008, 3.491575], [-76.508891, 3.491538], [-76.508481, 3.491409], [-76.50848, 3.491409], [-76.507809, 3.491198], [-76.507704, 3.491499], [-76.507478, 3.492146], [-76.506999, 3.492012], [-76.506843, 3.492439], [-76.506647, 3.492977], [-76.507381, 3.49323], [-76.50793, 3.493419], [-76.507931, 3.493419], [-76.508133, 3.493473], [-76.508139, 3.493474], [-76.508521, 3.493576], [-76.508122, 3.49374], [-76.507996, 3.493794], [-76.507983, 3.4938], [-76.507805, 3.493877], [-76.507804, 3.493877], [-76.507804, 3.493877], [-76.507804, 3.493877], [-76.507802, 3.493878], [-76.507802, 3.493878], [-76.507801, 3.493878], [-76.507801, 3.493878], [-76.507801, 3.493882], [-76.507801, 3.493882], [-76.507801, 3.493882], [-76.507801, 3.493882], [-76.507799, 3.493883], [-76.507798, 3.493884], [-76.507363, 3.494066], [-76.506413, 3.494465], [-76.505292, 3.494936], [-76.503063, 3.495904], [-76.502789, 3.496023], [-76.502495, 3.496149], [-76.501954, 3.496382], [-76.501623, 3.496524], [-76.501222, 3.496696], [-76.501193, 3.496709], [-76.501193, 3.496709], [-76.501055, 3.496768], [-76.50034, 3.497081], [-76.500032, 3.497215], [-76.500021, 3.49722], [-76.500021, 3.49722], [-76.500016, 3.497222], [-76.499553, 3.497407], [-76.49821, 3.498006], [-76.49815, 3.498033], [-76.498143, 3.498036], [-76.498, 3.498104], [-76.497518, 3.498336], [-76.497506, 3.498342], [-76.497394, 3.498423], [-76.497309, 3.498494], [-76.497248, 3.498526], [-76.497248, 3.498526], [-76.497249, 3.498523], [-76.497249, 3.498523], [-76.497249, 3.498522], [-76.497249, 3.498518], [-76.497249, 3.498518], [-76.497254, 3.498493], [-76.497254, 3.498493], [-76.49726, 3.498465], [-76.49726, 3.498465], [-76.497266, 3.498433], [-76.497266, 3.498433], [-76.497271, 3.498407], [-76.497271, 3.498406], [-76.497276, 3.498379], [-76.497276, 3.498379], [-76.497282, 3.498349], [-76.497282, 3.498349], [-76.497284, 3.498338], [-76.497284, 3.498338], [-76.497286, 3.498326], [-76.497286, 3.498326], [-76.497289, 3.498314], [-76.497289, 3.498314], [-76.497291, 3.498304], [-76.497291, 3.498304], [-76.497293, 3.498293], [-76.497293, 3.498292], [-76.497293, 3.49829], [-76.497295, 3.49828], [-76.497295, 3.49828], [-76.497297, 3.498273], [-76.497297, 3.498273], [-76.497298, 3.498265], [-76.497298, 3.498265], [-76.4973, 3.498257], [-76.4973, 3.498257], [-76.497301, 3.49825], [-76.497303, 3.498242], [-76.497326, 3.498155], [-76.49733, 3.498141], [-76.497334, 3.498126], [-76.497344, 3.498089], [-76.497372, 3.497983], [-76.497382, 3.497935], [-76.497386, 3.497928], [-76.497387, 3.497924], [-76.49741, 3.49783], [-76.497422, 3.497809], [-76.49743, 3.497793], [-76.49746, 3.497738], [-76.497462, 3.497735], [-76.497464, 3.497731], [-76.497495, 3.497693], [-76.497495, 3.497693], [-76.497553, 3.497623], [-76.49756, 3.497614], [-76.497575, 3.497596], [-76.497584, 3.497585], [-76.49759, 3.497577], [-76.497592, 3.497574], [-76.497602, 3.49756], [-76.497625, 3.497527], [-76.497638, 3.497507], [-76.497658, 3.497478], [-76.49766, 3.497475], [-76.497671, 3.49746], [-76.497718, 3.497389], [-76.497725, 3.497378], [-76.497748, 3.497343], [-76.497821, 3.497227], [-76.497868, 3.497154], [-76.497894, 3.497109], [-76.49797, 3.496982], [-76.498074, 3.49678], [-76.498082, 3.496763], [-76.498088, 3.496752], [-76.49812, 3.496677], [-76.498187, 3.496519], [-76.498255, 3.496338], [-76.498278, 3.496278], [-76.498334, 3.496149], [-76.498406, 3.495977], [-76.498417, 3.495953], [-76.498467, 3.495839], [-76.498547, 3.495683], [-76.498597, 3.495595], [-76.49868, 3.495491], [-76.498791, 3.495357], [-76.498815, 3.495317], [-76.498823, 3.495303], [-76.498848, 3.495262], [-76.498907, 3.49517], [-76.498932, 3.495131], [-76.498973, 3.495065], [-76.499004, 3.495017], [-76.499099, 3.494897], [-76.49913, 3.494856], [-76.499141, 3.494841], [-76.499281, 3.494603], [-76.499699, 3.493901], [-76.499934, 3.493478], [-76.499952, 3.493446], [-76.500072, 3.493268], [-76.500205, 3.49305], [-76.500274, 3.492941], [-76.500383, 3.492755], [-76.50049, 3.492579], [-76.500596, 3.49243], [-76.500654, 3.49234], [-76.50068, 3.492299], [-76.500775, 3.492158], [-76.500796, 3.492127], [-76.500807, 3.492115]]]]}, "geometry_name": "the_geom", "properties": {"gid": 2, "id_comuna": 2, "nombre": "Comuna 2", "no_arboles": 28709, "area_m2": 1685784.049, "cobarb_ha": 168.578, "arb_habita": 0.25, "arb_eep": 821, "m2_eep": 47032.197, "ha_eep": 4.703, "arb_eep_ro": 2480, "m2_eep_ron": 134786.506, "ha_eep_ron": 13.479, "arb_eec_ep": 1674, "m2_eec_ep": 115719.299, "ha_eec_ep": 11.572, "arb_eec_eq": 17, "m2_eec_eq": 790.794, "ha_eec_eq": 0.079, "arb_muerto": 0, "arb_regula": 23056, "arbol_sano": 5349, "arbol_seco": 304}}, {"type": "Feature", "id": "emc_amb_sos_car_censo_arboreo_comuna.fid--215d4958_1a10e591eea_-d6", "geometry": {"type": "MultiPolygon", "coordinates": [[[[-76.522693, 3.46222], [-76.522513, 3.462211], [-76.522405, 3.46222], [-76.522297, 3.46222], [-76.522189, 3.46222], [-76.52209, 3.462211], [-76.521946, 3.462229], [-76.521848, 3.462239], [-76.521352, 3.462292], [-76.521344, 3.462294], [-76.521315, 3.4623], [-76.52113, 3.461694], [-76.520995, 3.461217], [-76.520848, 3.460866], [-76.520742, 3.460557], [-76.520605, 3.460213], [-76.520468, 3.459757], [-76.520234, 3.458948], [-76.520039, 3.458311], [-76.519756, 3.457325], [-76.519424, 3.456178], [-76.51919, 3.455246], [-76.519052, 3.454637], [-76.518995, 3.454388], [-76.518668, 3.453378], [-76.518556, 3.452989], [-76.518707, 3.452953], [-76.519795, 3.452697], [-76.520818, 3.452457], [-76.521642, 3.452268], [-76.522079, 3.452158], [-76.522467, 3.452038], [-76.52309, 3.451815], [-76.523162, 3.451789], [-76.524136, 3.451459], [-76.524891, 3.45124], [-76.526004, 3.45086], [-76.52655, 3.450661], [-76.527534, 3.450351], [-76.528254, 3.450118], [-76.528213, 3.449951], [-76.527809, 3.448827], [-76.527793, 3.448783], [-76.527586, 3.448106], [-76.527438, 3.447722], [-76.527223, 3.447114], [-76.527159, 3.44687], [-76.527008, 3.446377], [-76.526928, 3.446021], [-76.526904, 3.445909], [-76.526893, 3.445857], [-76.526865, 3.445637], [-76.526863, 3.445628], [-76.526861, 3.445619], [-76.526858, 3.44561], [-76.526856, 3.445602], [-76.526854, 3.445593], [-76.526852, 3.445584], [-76.52685, 3.445575], [-76.526848, 3.445566], [-76.526845, 3.445558], [-76.526843, 3.445549], [-76.526841, 3.44554], [-76.526839, 3.445531], [-76.526837, 3.445523], [-76.526835, 3.445514], [-76.526832, 3.445505], [-76.52683, 3.445496], [-76.526828, 3.445487], [-76.526826, 3.445479], [-76.526824, 3.44547], [-76.526822, 3.445461], [-76.526819, 3.445452], [-76.526817, 3.445444], [-76.526815, 3.445435], [-76.526813, 3.445426], [-76.526811, 3.445417], [-76.526808, 3.445409], [-76.526806, 3.4454], [-76.526804, 3.445391], [-76.526802, 3.445382], [-76.526799, 3.445373], [-76.526797, 3.445365], [-76.526795, 3.445356], [-76.526793, 3.445347], [-76.526791, 3.445338], [-76.526788, 3.44533], [-76.526786, 3.445321], [-76.526784, 3.445312], [-76.526782, 3.445303], [-76.526779, 3.445295], [-76.526777, 3.445286], [-76.526775, 3.445277], [-76.526773, 3.445268], [-76.52677, 3.44526], [-76.526768, 3.445251], [-76.526766, 3.445242], [-76.526763, 3.445233], [-76.526761, 3.445225], [-76.526759, 3.445216], [-76.526757, 3.445207], [-76.526754, 3.445198], [-76.526752, 3.44519], [-76.52675, 3.445181], [-76.526747, 3.445172], [-76.526745, 3.445163], [-76.526743, 3.445155], [-76.526741, 3.445146], [-76.526738, 3.445137], [-76.526736, 3.445128], [-76.526734, 3.44512], [-76.526731, 3.445111], [-76.526729, 3.445102], [-76.526727, 3.445094], [-76.526724, 3.445085], [-76.526722, 3.445076], [-76.52672, 3.445067], [-76.526717, 3.445059], [-76.526715, 3.44505], [-76.526713, 3.445041], [-76.52671, 3.445032], [-76.526708, 3.445024], [-76.526705, 3.445015], [-76.526703, 3.445006], [-76.526701, 3.444997], [-76.526698, 3.444989], [-76.526696, 3.44498], [-76.526694, 3.444971], [-76.526691, 3.444963], [-76.526689, 3.444954], [-76.526687, 3.444945], [-76.526684, 3.444936], [-76.526682, 3.444928], [-76.526679, 3.444919], [-76.526677, 3.44491], [-76.526675, 3.444902], [-76.526672, 3.444893], [-76.52667, 3.444884], [-76.526667, 3.444875], [-76.526665, 3.444867], [-76.526663, 3.444858], [-76.52666, 3.444849], [-76.526658, 3.444841], [-76.526655, 3.444832], [-76.526653, 3.444823], [-76.52665, 3.444812], [-76.52661, 3.444644], [-76.526459, 3.44422], [-76.526164, 3.443355], [-76.526108, 3.443203], [-76.526104, 3.443195], [-76.5261, 3.443187], [-76.526096, 3.443179], [-76.526093, 3.44317], [-76.526089, 3.443162], [-76.526085, 3.443154], [-76.526082, 3.443145], [-76.526078, 3.443137], [-76.526075, 3.443129], [-76.526072, 3.44312], [-76.526069, 3.443112], [-76.526065, 3.443103], [-76.526062, 3.443095], [-76.526059, 3.443086], [-76.526056, 3.443078], [-76.526054, 3.443069], [-76.526051, 3.443061], [-76.526048, 3.443052], [-76.526046, 3.443043], [-76.526043, 3.443035], [-76.526041, 3.443026], [-76.526038, 3.443017], [-76.526036, 3.443009], [-76.526034, 3.443], [-76.526031, 3.442991], [-76.526029, 3.442982], [-76.526027, 3.442973], [-76.526026, 3.442965], [-76.526024, 3.442956], [-76.526022, 3.442947], [-76.52602, 3.442938], [-76.526019, 3.442929], [-76.526017, 3.44292], [-76.526016, 3.442911], [-76.526014, 3.442902], [-76.526013, 3.442893], [-76.526012, 3.442884], [-76.526011, 3.442875], [-76.52601, 3.442866], [-76.526009, 3.442857], [-76.526008, 3.442848], [-76.526007, 3.442839], [-76.526006, 3.44283], [-76.526006, 3.442821], [-76.526005, 3.442812], [-76.526005, 3.442803], [-76.526005, 3.442575], [-76.526005, 3.442555], [-76.5261, 3.442555], [-76.527128, 3.442603], [-76.527757, 3.442651], [-76.528554, 3.442675], [-76.528817, 3.442699], [-76.529597, 3.442691], [-76.529683, 3.442686], [-76.529741, 3.442683], [-76.5308, 3.442619], [-76.530868, 3.442609], [-76.53087, 3.442609], [-76.530912, 3.442603], [-76.531151, 3.442579], [-76.531374, 3.442547], [-76.531748, 3.442451], [-76.531876, 3.442419], [-76.532011, 3.442387], [-76.532258, 3.442315], [-76.532609, 3.442203], [-76.532975, 3.442091], [-76.533142, 3.442035], [-76.533188, 3.442018], [-76.53327, 3.441987], [-76.533724, 3.441763], [-76.534162, 3.441546], [-76.534257, 3.441501], [-76.534258, 3.4415], [-76.534329, 3.441466], [-76.534712, 3.441274], [-76.535031, 3.441114], [-76.535413, 3.440938], [-76.53605, 3.440554], [-76.536894, 3.439785], [-76.537515, 3.439058], [-76.537778, 3.438749], [-76.537948, 3.43888], [-76.539073, 3.439739], [-76.539114, 3.439774], [-76.539145, 3.439802], [-76.539667, 3.440227], [-76.539793, 3.440281], [-76.539991, 3.440381], [-76.540171, 3.440471], [-76.540216, 3.440507], [-76.540306, 3.440553], [-76.540432, 3.440607], [-76.540567, 3.440688], [-76.540657, 3.440733], [-76.540765, 3.440788], [-76.540801, 3.440815], [-76.540837, 3.440842], [-76.540864, 3.44096], [-76.540882, 3.441059], [-76.540891, 3.441113], [-76.540891, 3.441168], [-76.5409, 3.441204], [-76.5409, 3.441267], [-76.5409, 3.44133], [-76.5409, 3.441439], [-76.5409, 3.441529], [-76.5409, 3.441531], [-76.540873, 3.441683], [-76.540855, 3.441755], [-76.540855, 3.441756], [-76.540855, 3.441774], [-76.5409, 3.441792], [-76.542294, 3.441582], [-76.54234, 3.441575], [-76.542475, 3.441548], [-76.542817, 3.441493], [-76.542916, 3.441475], [-76.543285, 3.441394], [-76.54333, 3.441385], [-76.543393, 3.441358], [-76.54342, 3.441349], [-76.543465, 3.441313], [-76.543492, 3.441285], [-76.543519, 3.441258], [-76.543582, 3.441168], [-76.54369, 3.441005], [-76.543726, 3.440951], [-76.543735, 3.440933], [-76.543771, 3.440842], [-76.543861, 3.440888], [-76.543915, 3.440933], [-76.543933, 3.440942], [-76.54396, 3.44096], [-76.543987, 3.440978], [-76.544032, 3.440996], [-76.544455, 3.441195], [-76.544509, 3.441222], [-76.544536, 3.441231], [-76.544563, 3.44124], [-76.54459, 3.441249], [-76.545139, 3.441412], [-76.545409, 3.441493], [-76.545445, 3.441512], [-76.545463, 3.44153], [-76.545533, 3.441591], [-76.545535, 3.441593], [-76.545562, 3.441656], [-76.545598, 3.441729], [-76.545625, 3.441765], [-76.545652, 3.441792], [-76.545679, 3.441819], [-76.545706, 3.441855], [-76.54576, 3.441891], [-76.545787, 3.441909], [-76.545886, 3.441973], [-76.546381, 3.442289], [-76.546435, 3.442326], [-76.546543, 3.442398], [-76.546705, 3.442488], [-76.546822, 3.442561], [-76.546867, 3.442579], [-76.546921, 3.442606], [-76.546966, 3.442615], [-76.547434, 3.442742], [-76.548099, 3.442895], [-76.548252, 3.442941], [-76.548297, 3.442977], [-76.548377, 3.443053], [-76.548418, 3.443203], [-76.548497, 3.443488], [-76.548573, 3.443665], [-76.548582, 3.443687], [-76.548585, 3.4437], [-76.548594, 3.443745], [-76.548621, 3.4438], [-76.548675, 3.443899], [-76.548882, 3.444234], [-76.548891, 3.444252], [-76.548918, 3.444306], [-76.548935, 3.444356], [-76.548936, 3.44436], [-76.548954, 3.444424], [-76.548954, 3.444487], [-76.548963, 3.444541], [-76.548963, 3.444614], [-76.548954, 3.444686], [-76.548945, 3.444758], [-76.548927, 3.44484], [-76.54892, 3.44486], [-76.5489, 3.444912], [-76.548873, 3.444957], [-76.548828, 3.44503], [-76.548809, 3.445064], [-76.548792, 3.445093], [-76.548747, 3.445138], [-76.54863, 3.445247], [-76.54863, 3.445247], [-76.548567, 3.445292], [-76.548534, 3.445311], [-76.548504, 3.445328], [-76.548487, 3.445334], [-76.548432, 3.445355], [-76.548403, 3.445368], [-76.548369, 3.445382], [-76.548306, 3.4454], [-76.548265, 3.4454], [-76.548261, 3.4454], [-76.54822, 3.445408], [-76.548162, 3.445418], [-76.548072, 3.445427], [-76.547964, 3.445437], [-76.547901, 3.445446], [-76.547797, 3.445459], [-76.547757, 3.445464], [-76.546569, 3.445599], [-76.546533, 3.445608], [-76.546479, 3.445617], [-76.546452, 3.445626], [-76.546408, 3.445653], [-76.546363, 3.445681], [-76.546318, 3.445717], [-76.546282, 3.445744], [-76.546255, 3.44578], [-76.546228, 3.445825], [-76.5462, 3.445871], [-76.546183, 3.445925], [-76.546173, 3.445979], [-76.546165, 3.446042], [-76.546164, 3.446106], [-76.546173, 3.44625], [-76.546182, 3.446341], [-76.546182, 3.44644], [-76.546137, 3.446531], [-76.546119, 3.446576], [-76.54611, 3.446603], [-76.546101, 3.44663], [-76.546065, 3.446684], [-76.545984, 3.446811], [-76.545966, 3.446838], [-76.545939, 3.446883], [-76.545912, 3.446929], [-76.545894, 3.446974], [-76.545885, 3.447019], [-76.545876, 3.447073], [-76.545885, 3.447109], [-76.545885, 3.447164], [-76.545903, 3.447218], [-76.545912, 3.447236], [-76.54593, 3.447281], [-76.545957, 3.447326], [-76.545984, 3.447372], [-76.546029, 3.447408], [-76.546074, 3.447444], [-76.546119, 3.447471], [-76.546191, 3.447507], [-76.546245, 3.447525], [-76.546344, 3.447562], [-76.546506, 3.447616], [-76.546578, 3.447688], [-76.546614, 3.447743], [-76.546641, 3.447833], [-76.546641, 3.447869], [-76.546632, 3.447923], [-76.546614, 3.44796], [-76.546596, 3.447996], [-76.546596, 3.448005], [-76.546569, 3.448032], [-76.546533, 3.448059], [-76.546506, 3.448086], [-76.54647, 3.448104], [-76.546425, 3.448122], [-76.546371, 3.448131], [-76.546353, 3.448131], [-76.546272, 3.448131], [-76.546056, 3.44814], [-76.545813, 3.44814], [-76.545696, 3.448149], [-76.545588, 3.448168], [-76.545498, 3.448177], [-76.545282, 3.448213], [-76.545192, 3.448231], [-76.545057, 3.448258], [-76.545019, 3.448263], [-76.545014, 3.448262], [-76.544991, 3.448266], [-76.544981, 3.448268], [-76.54497, 3.44827], [-76.544929, 3.448282], [-76.544891, 3.448293], [-76.544867, 3.448298], [-76.544816, 3.44831], [-76.544724, 3.448249], [-76.544649, 3.448199], [-76.544592, 3.448161], [-76.544571, 3.44815], [-76.54448, 3.448124], [-76.544377, 3.448112], [-76.544239, 3.44813], [-76.544068, 3.448195], [-76.54373, 3.448366], [-76.543351, 3.448546], [-76.543318, 3.448561], [-76.542736, 3.448813], [-76.54253, 3.448904], [-76.542538, 3.448929], [-76.542565, 3.449011], [-76.542685, 3.448972], [-76.543027, 3.448872], [-76.543265, 3.448786], [-76.54358, 3.448659], [-76.543709, 3.448609], [-76.543827, 3.448609], [-76.543898, 3.448632], [-76.543936, 3.448703], [-76.543983, 3.448848], [-76.544024, 3.448999], [-76.544065, 3.449105], [-76.544139, 3.449176], [-76.544236, 3.449241], [-76.544339, 3.449324], [-76.54435, 3.449336], [-76.54441, 3.449401], [-76.544442, 3.449472], [-76.544468, 3.449549], [-76.544477, 3.44959], [-76.544477, 3.449595], [-76.54448, 3.449649], [-76.544481, 3.44966], [-76.544481, 3.450211], [-76.544472, 3.450329], [-76.544481, 3.451178], [-76.544481, 3.451179], [-76.544445, 3.451188], [-76.544346, 3.451197], [-76.544283, 3.451188], [-76.544211, 3.451179], [-76.544148, 3.45117], [-76.544085, 3.451161], [-76.544013, 3.451152], [-76.543914, 3.451125], [-76.543815, 3.451107], [-76.543689, 3.45107], [-76.543608, 3.451052], [-76.543527, 3.451052], [-76.543437, 3.451052], [-76.543356, 3.451052], [-76.543248, 3.451061], [-76.543149, 3.451079], [-76.543086, 3.451088], [-76.543005, 3.451097], [-76.542942, 3.451125], [-76.542915, 3.451143], [-76.54287, 3.45117], [-76.542834, 3.451188], [-76.542789, 3.451206], [-76.542691, 3.451251], [-76.542196, 3.451459], [-76.542115, 3.451477], [-76.542043, 3.451486], [-76.541971, 3.451486], [-76.541899, 3.451495], [-76.541836, 3.451522], [-76.541777, 3.451546], [-76.541754, 3.451555], [-76.541746, 3.451559], [-76.541656, 3.451568], [-76.541512, 3.451568], [-76.541386, 3.45154], [-76.541305, 3.451522], [-76.541251, 3.451486], [-76.541215, 3.451441], [-76.541161, 3.451396], [-76.541071, 3.451323], [-76.540999, 3.451278], [-76.540841, 3.451167], [-76.540656, 3.451038], [-76.540522, 3.450944], [-76.540099, 3.450754], [-76.539919, 3.450717], [-76.539685, 3.45069], [-76.539541, 3.45069], [-76.539442, 3.45069], [-76.539307, 3.45069], [-76.539235, 3.45069], [-76.5391, 3.450699], [-76.538974, 3.450708], [-76.538857, 3.450726], [-76.538704, 3.450745], [-76.538542, 3.450772], [-76.53847, 3.45079], [-76.538245, 3.450862], [-76.538146, 3.450907], [-76.537959, 3.450998], [-76.537849, 3.451052], [-76.537705, 3.451124], [-76.537516, 3.451233], [-76.537372, 3.451323], [-76.53721, 3.451432], [-76.537093, 3.451522], [-76.537003, 3.451595], [-76.536913, 3.451685], [-76.536805, 3.451757], [-76.536688, 3.45183], [-76.536544, 3.451938], [-76.536409, 3.452056], [-76.536337, 3.452137], [-76.536221, 3.452254], [-76.536184, 3.452291], [-76.536049, 3.452417], [-76.535887, 3.452562], [-76.535797, 3.452607], [-76.535689, 3.452689], [-76.535266, 3.452879], [-76.535185, 3.452915], [-76.535086, 3.452978], [-76.535041, 3.453014], [-76.534973, 3.453044], [-76.534816, 3.453114], [-76.53451, 3.453204], [-76.534105, 3.453322], [-76.533817, 3.453412], [-76.533574, 3.453521], [-76.533421, 3.453575], [-76.533358, 3.453593], [-76.533268, 3.453629], [-76.533164, 3.45369], [-76.53316, 3.453692], [-76.533043, 3.453719], [-76.532943, 3.453761], [-76.532935, 3.453765], [-76.532809, 3.453846], [-76.532722, 3.453901], [-76.532665, 3.453937], [-76.532566, 3.453982], [-76.532494, 3.454027], [-76.532449, 3.454063], [-76.532377, 3.454163], [-76.532341, 3.454244], [-76.532269, 3.45438], [-76.532188, 3.454579], [-76.532134, 3.454768], [-76.532089, 3.45494], [-76.532062, 3.455058], [-76.532035, 3.455221], [-76.531999, 3.455465], [-76.531963, 3.455619], [-76.531954, 3.455754], [-76.531945, 3.455772], [-76.531918, 3.455971], [-76.5319, 3.456134], [-76.531891, 3.456288], [-76.531873, 3.456369], [-76.531828, 3.456469], [-76.531738, 3.456604], [-76.531639, 3.456722], [-76.531522, 3.456839], [-76.531423, 3.456912], [-76.531333, 3.456975], [-76.53127, 3.457038], [-76.531109, 3.457121], [-76.531108, 3.457122], [-76.530901, 3.457228], [-76.530784, 3.45731], [-76.530703, 3.457355], [-76.53064, 3.457409], [-76.530568, 3.457472], [-76.530496, 3.457563], [-76.530415, 3.457626], [-76.530289, 3.457717], [-76.530145, 3.457798], [-76.530064, 3.457852], [-76.530001, 3.45787], [-76.529929, 3.457879], [-76.529839, 3.457879], [-76.529722, 3.45787], [-76.529614, 3.457843], [-76.529389, 3.457744], [-76.529317, 3.457735], [-76.529227, 3.457735], [-76.529074, 3.457744], [-76.528903, 3.45778], [-76.528872, 3.457786], [-76.528633, 3.457834], [-76.528399, 3.457879], [-76.528255, 3.457933], [-76.528084, 3.458006], [-76.527949, 3.458078], [-76.527823, 3.458159], [-76.527724, 3.458241], [-76.527679, 3.458277], [-76.527652, 3.458313], [-76.527625, 3.458358], [-76.527607, 3.458413], [-76.527598, 3.458476], [-76.52758, 3.458566], [-76.527553, 3.458666], [-76.527517, 3.458747], [-76.527481, 3.458829], [-76.527427, 3.45891], [-76.527364, 3.458991], [-76.527292, 3.459109], [-76.527261, 3.459154], [-76.527211, 3.459227], [-76.52713, 3.459362], [-76.527076, 3.459444], [-76.526995, 3.459543], [-76.526959, 3.459615], [-76.526914, 3.459688], [-76.526842, 3.459751], [-76.526772, 3.459821], [-76.526677, 3.459914], [-76.526427, 3.460126], [-76.52617, 3.460287], [-76.525845, 3.460453], [-76.525627, 3.460538], [-76.525528, 3.460592], [-76.525429, 3.460655], [-76.525348, 3.46071], [-76.525295, 3.460757], [-76.525267, 3.460782], [-76.525177, 3.460854], [-76.525078, 3.460936], [-76.525006, 3.460999], [-76.524952, 3.461071], [-76.52488, 3.461171], [-76.524826, 3.461243], [-76.52479, 3.461315], [-76.524763, 3.46137], [-76.524727, 3.461433], [-76.524673, 3.461505], [-76.524619, 3.461578], [-76.524565, 3.461668], [-76.52452, 3.461768], [-76.524457, 3.461876], [-76.524394, 3.461976], [-76.524349, 3.462066], [-76.524304, 3.462138], [-76.52425, 3.462211], [-76.524214, 3.462247], [-76.524196, 3.462292], [-76.524169, 3.462337], [-76.524133, 3.462373], [-76.52407, 3.462401], [-76.523971, 3.46241], [-76.523845, 3.46241], [-76.52371, 3.462382], [-76.523629, 3.462364], [-76.523539, 3.462346], [-76.523413, 3.462328], [-76.523269, 3.462319], [-76.523107, 3.462292], [-76.522918, 3.462247], [-76.522693, 3.46222]]]]}, "geometry_name": "the_geom", "properties": {"gid": 3, "id_comuna": 3, "nombre": "Comuna 3", "no_arboles": 5882, "area_m2": 188524.591, "cobarb_ha": 18.852, "arb_habita": 0.127, "arb_eep": 1033, "m2_eep": 52854.461, "ha_eep": 5.285, "arb_eep_ro": 587, "m2_eep_ron": 23079.64, "ha_eep_ron": 2.308, "arb_eec_ep": 380, "m2_eec_ep": 11266.796, "ha_eec_ep": 1.127, "arb_eec_eq": 0, "m2_eec_eq": 0, "ha_eec_eq": 0, "arb_muerto": 0, "arb_regula": 4103, "arbol_sano": 1703, "arbol_seco": 76}}, {"type": "Feature", "id": "emc_amb_sos_car_censo_arboreo_comuna.fid--215d4958_1a10e591eea_-d5", "geometry": {"type": "MultiPolygon", "coordinates": [[[[-76.517907, 3.453663], [-76.517916, 3.453663], [-76.517925, 3.453663], [-76.517934, 3.453663], [-76.517943, 3.453663], [-76.517952, 3.453664], [-76.517961, 3.453664], [-76.51797, 3.453664], [-76.517979, 3.453665], [-76.517986, 3.453665], [-76.518036, 3.453667], [-76.518102, 3.453677], [-76.518136, 3.453684], [-76.518138, 3.453685], [-76.518147, 3.453686], [-76.518156, 3.453688], [-76.518165, 3.45369], [-76.518173, 3.453692], [-76.518175, 3.453692], [-76.518182, 3.453694], [-76.518186, 3.453695], [-76.5182, 3.453698], [-76.518242, 3.453709], [-76.518277, 3.453722], [-76.518286, 3.453725], [-76.518294, 3.453728], [-76.518303, 3.453731], [-76.518311, 3.453734], [-76.518319, 3.453738], [-76.518328, 3.453741], [-76.518336, 3.453744], [-76.518344, 3.453748], [-76.518353, 3.453752], [-76.518361, 3.453755], [-76.518369, 3.453759], [-76.518377, 3.453763], [-76.518385, 3.453767], [-76.518393, 3.453771], [-76.518401, 3.453775], [-76.518409, 3.453779], [-76.518417, 3.453783], [-76.518425, 3.453788], [-76.518433, 3.453792], [-76.518441, 3.453796], [-76.518449, 3.453801], [-76.518456, 3.453806], [-76.518469, 3.453813], [-76.518476, 3.453818], [-76.518484, 3.453822], [-76.518492, 3.453827], [-76.518499, 3.453832], [-76.5185, 3.453833], [-76.518525, 3.453847], [-76.518577, 3.453883], [-76.518594, 3.453896], [-76.518634, 3.45393], [-76.518702, 3.453993], [-76.518744, 3.454043], [-76.518758, 3.454062], [-76.518761, 3.454065], [-76.518767, 3.454072], [-76.518772, 3.454079], [-76.518778, 3.454086], [-76.518783, 3.454093], [-76.518789, 3.4541], [-76.518794, 3.454107], [-76.5188, 3.454115], [-76.518805, 3.454122], [-76.51881, 3.454129], [-76.518815, 3.454137], [-76.51882, 3.454144], [-76.51883, 3.454158], [-76.518866, 3.454227], [-76.518896, 3.454277], [-76.518919, 3.454333], [-76.518946, 3.454404], [-76.518972, 3.454478], [-76.518993, 3.454533], [-76.519052, 3.454637], [-76.51919, 3.455246], [-76.519424, 3.456178], [-76.519756, 3.457325], [-76.520039, 3.458311], [-76.520234, 3.458948], [-76.520468, 3.459757], [-76.520605, 3.460213], [-76.520742, 3.460557], [-76.520848, 3.460866], [-76.520995, 3.461217], [-76.52113, 3.461694], [-76.521315, 3.4623], [-76.521271, 3.46231], [-76.521064, 3.462346], [-76.52074, 3.462455], [-76.520641, 3.4625], [-76.520533, 3.462572], [-76.520434, 3.462672], [-76.520299, 3.462798], [-76.520209, 3.462889], [-76.520155, 3.462952], [-76.520074, 3.46306], [-76.520002, 3.463151], [-76.519957, 3.463241], [-76.519912, 3.463359], [-76.519876, 3.463485], [-76.519858, 3.463594], [-76.519849, 3.463684], [-76.519813, 3.463793], [-76.519768, 3.463901], [-76.519732, 3.463974], [-76.519696, 3.464055], [-76.519642, 3.464182], [-76.519597, 3.464281], [-76.51956, 3.464334], [-76.519534, 3.464372], [-76.519444, 3.464462], [-76.519399, 3.464507], [-76.519345, 3.464562], [-76.519264, 3.464643], [-76.519201, 3.464715], [-76.519144, 3.464786], [-76.51912, 3.464815], [-76.519039, 3.464923], [-76.519012, 3.464969], [-76.518985, 3.46505], [-76.518931, 3.465195], [-76.518868, 3.46533], [-76.518778, 3.465529], [-76.518697, 3.465683], [-76.518634, 3.465837], [-76.518571, 3.465918], [-76.518535, 3.466018], [-76.518481, 3.466108], [-76.518445, 3.466189], [-76.518391, 3.466289], [-76.518346, 3.466379], [-76.518274, 3.466488], [-76.518211, 3.466596], [-76.518148, 3.466714], [-76.518085, 3.466877], [-76.51804, 3.466976], [-76.518004, 3.467076], [-76.517959, 3.467175], [-76.517905, 3.467275], [-76.517878, 3.467338], [-76.517806, 3.467483], [-76.517743, 3.467627], [-76.517698, 3.467745], [-76.517644, 3.467889], [-76.517599, 3.467989], [-76.517536, 3.468134], [-76.5175, 3.468215], [-76.517429, 3.468381], [-76.517392, 3.468468], [-76.517356, 3.468532], [-76.51732, 3.468595], [-76.517284, 3.468676], [-76.517248, 3.468794], [-76.517194, 3.468938], [-76.517113, 3.469092], [-76.517059, 3.469201], [-76.517014, 3.469282], [-76.516969, 3.469372], [-76.516924, 3.469472], [-76.516888, 3.469571], [-76.516825, 3.46968], [-76.516753, 3.469779], [-76.516734, 3.469814], [-76.51669, 3.469897], [-76.516645, 3.469987], [-76.516626, 3.470014], [-76.516573, 3.470087], [-76.516492, 3.470213], [-76.516429, 3.470295], [-76.516366, 3.470421], [-76.516312, 3.47053], [-76.516231, 3.470666], [-76.516141, 3.470801], [-76.516015, 3.470964], [-76.515943, 3.471073], [-76.515835, 3.471235], [-76.515736, 3.471353], [-76.515673, 3.471434], [-76.515556, 3.47157], [-76.515448, 3.471706], [-76.515349, 3.471832], [-76.515241, 3.471968], [-76.515097, 3.472149], [-76.514971, 3.47233], [-76.514863, 3.472483], [-76.514755, 3.472619], [-76.51471, 3.472701], [-76.514701, 3.472718], [-76.514647, 3.472782], [-76.514602, 3.472854], [-76.514557, 3.472917], [-76.514485, 3.473053], [-76.514422, 3.473161], [-76.514246, 3.473412], [-76.514082, 3.473689], [-76.513934, 3.473969], [-76.513882, 3.474075], [-76.513819, 3.474156], [-76.513747, 3.474256], [-76.513735, 3.474268], [-76.513641, 3.474366], [-76.513549, 3.474464], [-76.51345, 3.474563], [-76.513369, 3.474635], [-76.513288, 3.474717], [-76.513198, 3.474816], [-76.51309, 3.474943], [-76.513027, 3.475033], [-76.512964, 3.475124], [-76.512901, 3.475214], [-76.51282, 3.475314], [-76.512775, 3.475368], [-76.51273, 3.475431], [-76.512685, 3.475495], [-76.512622, 3.475594], [-76.512559, 3.475684], [-76.512496, 3.475784], [-76.512442, 3.475865], [-76.512379, 3.475956], [-76.512334, 3.476046], [-76.51228, 3.476137], [-76.512226, 3.476218], [-76.512154, 3.476326], [-76.512082, 3.476435], [-76.512074, 3.476445], [-76.512019, 3.476516], [-76.511985, 3.476564], [-76.511974, 3.47658], [-76.511884, 3.47667], [-76.511812, 3.476752], [-76.51174, 3.476851], [-76.511659, 3.476932], [-76.511587, 3.477005], [-76.511497, 3.477113], [-76.511443, 3.477213], [-76.511362, 3.477321], [-76.51129, 3.47743], [-76.511227, 3.477511], [-76.511193, 3.477558], [-76.511155, 3.477611], [-76.511092, 3.477692], [-76.511038, 3.477791], [-76.510975, 3.4779], [-76.51092, 3.477981], [-76.510857, 3.478072], [-76.510843, 3.478102], [-76.510821, 3.478144], [-76.510776, 3.478216], [-76.510731, 3.478316], [-76.510686, 3.478397], [-76.510623, 3.478515], [-76.510533, 3.478641], [-76.510434, 3.478795], [-76.510371, 3.478886], [-76.510299, 3.478976], [-76.510245, 3.479048], [-76.510164, 3.479157], [-76.510101, 3.479229], [-76.510029, 3.479329], [-76.509975, 3.479401], [-76.50993, 3.479464], [-76.509867, 3.479546], [-76.509813, 3.479618], [-76.50975, 3.47969], [-76.509714, 3.479754], [-76.509678, 3.479835], [-76.509651, 3.479916], [-76.509588, 3.480043], [-76.509525, 3.480161], [-76.509471, 3.480278], [-76.509417, 3.480369], [-76.509372, 3.480459], [-76.509327, 3.48054], [-76.509264, 3.48064], [-76.509192, 3.480748], [-76.509138, 3.480839], [-76.509102, 3.480893], [-76.509051, 3.480996], [-76.509051, 3.480997], [-76.508974, 3.481068], [-76.508767, 3.481274], [-76.508602, 3.48142], [-76.508571, 3.481454], [-76.5084, 3.481602], [-76.508154, 3.481801], [-76.50795, 3.481933], [-76.507896, 3.481951], [-76.507806, 3.481987], [-76.507716, 3.482042], [-76.507653, 3.482078], [-76.507367, 3.482193], [-76.507074, 3.482279], [-76.506978, 3.482304], [-76.506831, 3.482325], [-76.506654, 3.482369], [-76.506415, 3.482484], [-76.506262, 3.482563], [-76.506072, 3.482678], [-76.505942, 3.482784], [-76.505764, 3.482889], [-76.505578, 3.482992], [-76.505384, 3.483096], [-76.505169, 3.483186], [-76.505058, 3.483221], [-76.50489, 3.483271], [-76.504809, 3.483307], [-76.504711, 3.48335], [-76.504601, 3.483394], [-76.504499, 3.48344], [-76.504405, 3.483486], [-76.504292, 3.483539], [-76.504235, 3.483581], [-76.504196, 3.483614], [-76.504125, 3.483687], [-76.504071, 3.483823], [-76.504035, 3.483895], [-76.503981, 3.484031], [-76.503983, 3.48411], [-76.503964, 3.484242], [-76.503927, 3.484387], [-76.503927, 3.48452], [-76.503943, 3.484675], [-76.50395, 3.484768], [-76.503945, 3.484827], [-76.503954, 3.485075], [-76.503952, 3.485335], [-76.503963, 3.485442], [-76.503945, 3.485523], [-76.503928, 3.4856], [-76.503935, 3.48571], [-76.503942, 3.485954], [-76.503899, 3.486313], [-76.503889, 3.486475], [-76.503891, 3.486481], [-76.5039, 3.486572], [-76.503909, 3.486653], [-76.503909, 3.486852], [-76.503918, 3.48697], [-76.503924, 3.487106], [-76.503899, 3.487201], [-76.503897, 3.487345], [-76.503878, 3.487469], [-76.503845, 3.487562], [-76.503806, 3.487658], [-76.503749, 3.487919], [-76.503618, 3.488115], [-76.503559, 3.488175], [-76.503423, 3.488245], [-76.503351, 3.488281], [-76.503295, 3.488333], [-76.503204, 3.488394], [-76.503191, 3.488405], [-76.50316, 3.488393], [-76.502949, 3.488306], [-76.502844, 3.488269], [-76.502667, 3.488206], [-76.502405, 3.488123], [-76.501929, 3.487942], [-76.501405, 3.487748], [-76.500929, 3.487582], [-76.500667, 3.487485], [-76.500377, 3.487388], [-76.499661, 3.487155], [-76.49963, 3.487145], [-76.499626, 3.487144], [-76.499589, 3.487132], [-76.498824, 3.486897], [-76.498667, 3.486848], [-76.497204, 3.48639], [-76.497069, 3.486345], [-76.495746, 3.486119], [-76.495377, 3.486029], [-76.495269, 3.485988], [-76.495512, 3.485522], [-76.496232, 3.484238], [-76.496266, 3.484172], [-76.496421, 3.483867], [-76.496836, 3.483252], [-76.496998, 3.483017], [-76.497151, 3.482791], [-76.497709, 3.482104], [-76.497898, 3.481887], [-76.498276, 3.481426], [-76.498562, 3.481113], [-76.498566, 3.48111], [-76.498699, 3.480965], [-76.49887, 3.48082], [-76.498969, 3.480738], [-76.499068, 3.480648], [-76.499176, 3.480567], [-76.499383, 3.480413], [-76.499545, 3.480286], [-76.49968, 3.480196], [-76.499819, 3.480092], [-76.500144, 3.479849], [-76.500392, 3.479664], [-76.500697, 3.479436], [-76.500841, 3.479355], [-76.501363, 3.478957], [-76.501642, 3.478749], [-76.501894, 3.478541], [-76.502623, 3.47799], [-76.502758, 3.47789], [-76.50283, 3.477827], [-76.502929, 3.477727], [-76.503073, 3.477565], [-76.503262, 3.47733], [-76.503514, 3.477058], [-76.504045, 3.476461], [-76.504441, 3.476036], [-76.504434, 3.476026], [-76.504072, 3.475485], [-76.503928, 3.475213], [-76.503874, 3.475105], [-76.503775, 3.474861], [-76.503748, 3.474752], [-76.503658, 3.474472], [-76.503622, 3.474318], [-76.503586, 3.474228], [-76.503523, 3.473993], [-76.503496, 3.473911], [-76.503451, 3.473739], [-76.503388, 3.473522], [-76.503316, 3.473269], [-76.503226, 3.472953], [-76.503136, 3.472627], [-76.503094, 3.472473], [-76.502884, 3.471714], [-76.502867, 3.471626], [-76.502866, 3.471623], [-76.502876, 3.47162], [-76.503046, 3.47156], [-76.50364, 3.471388], [-76.503712, 3.471361], [-76.503856, 3.471316], [-76.505044, 3.470963], [-76.505206, 3.470882], [-76.505431, 3.470809], [-76.505818, 3.470692], [-76.506088, 3.470611], [-76.506169, 3.470592], [-76.506167, 3.470587], [-76.505971, 3.47014], [-76.505926, 3.470041], [-76.505755, 3.469616], [-76.505647, 3.469381], [-76.505593, 3.469272], [-76.505441, 3.468901], [-76.505408, 3.468836], [-76.505396, 3.468811], [-76.505288, 3.46854], [-76.505252, 3.468467], [-76.505126, 3.468169], [-76.505099, 3.468105], [-76.504973, 3.467807], [-76.504937, 3.467735], [-76.504802, 3.467409], [-76.504712, 3.467165], [-76.504577, 3.466839], [-76.504541, 3.466767], [-76.504424, 3.466487], [-76.504388, 3.466396], [-76.504307, 3.466242], [-76.504253, 3.466116], [-76.504235, 3.466062], [-76.504037, 3.4656], [-76.504001, 3.465519], [-76.503742, 3.464926], [-76.50374, 3.464922], [-76.503695, 3.464814], [-76.503641, 3.464687], [-76.503389, 3.464099], [-76.503326, 3.463972], [-76.503002, 3.463213], [-76.502822, 3.462824], [-76.502768, 3.462688], [-76.502606, 3.462317], [-76.502534, 3.462146], [-76.5023, 3.461585], [-76.502219, 3.461431], [-76.502156, 3.461277], [-76.501688, 3.460192], [-76.501627, 3.460056], [-76.50175, 3.460017], [-76.501936, 3.459956], [-76.502133, 3.459895], [-76.502392, 3.459814], [-76.502642, 3.459729], [-76.503167, 3.459568], [-76.503406, 3.459494], [-76.503447, 3.459482], [-76.503612, 3.459423], [-76.503701, 3.459394], [-76.503951, 3.459314], [-76.504275, 3.459211], [-76.504341, 3.45919], [-76.504586, 3.459112], [-76.504723, 3.459071], [-76.505188, 3.458922], [-76.505543, 3.458811], [-76.505703, 3.458757], [-76.505908, 3.458689], [-76.505935, 3.458678], [-76.506319, 3.458559], [-76.506411, 3.458529], [-76.506508, 3.458501], [-76.506608, 3.458466], [-76.506674, 3.458445], [-76.506674, 3.458445], [-76.506698, 3.458437], [-76.506898, 3.458375], [-76.507149, 3.4583], [-76.507423, 3.458225], [-76.507727, 3.458135], [-76.508125, 3.458013], [-76.508588, 3.457869], [-76.508923, 3.457765], [-76.50929, 3.45765], [-76.509537, 3.457571], [-76.510062, 3.457405], [-76.510238, 3.457349], [-76.51032, 3.457322], [-76.510324, 3.457321], [-76.510638, 3.45722], [-76.510657, 3.457214], [-76.510716, 3.457195], [-76.51095, 3.45712], [-76.511356, 3.456993], [-76.511835, 3.45684], [-76.512302, 3.456689], [-76.512612, 3.456589], [-76.512629, 3.456584], [-76.512768, 3.456539], [-76.513234, 3.456389], [-76.513701, 3.456244], [-76.514167, 3.456095], [-76.514634, 3.455946], [-76.5151, 3.455803], [-76.515244, 3.455757], [-76.51541, 3.455703], [-76.515564, 3.455654], [-76.515614, 3.455639], [-76.51574, 3.455603], [-76.515822, 3.455577], [-76.515886, 3.455555], [-76.516068, 3.455478], [-76.516076, 3.455474], [-76.516085, 3.45547], [-76.516093, 3.455467], [-76.516101, 3.455463], [-76.516109, 3.455459], [-76.516117, 3.455455], [-76.516125, 3.45545], [-76.516133, 3.455446], [-76.516141, 3.455442], [-76.516146, 3.455439], [-76.516152, 3.455435], [-76.51616, 3.45543], [-76.516168, 3.455425], [-76.516175, 3.45542], [-76.516183, 3.455416], [-76.51619, 3.455411], [-76.516198, 3.455406], [-76.516205, 3.4554], [-76.516213, 3.455395], [-76.51622, 3.45539], [-76.516227, 3.455385], [-76.516234, 3.455379], [-76.516242, 3.455374], [-76.516249, 3.455368], [-76.516256, 3.455363], [-76.516263, 3.455357], [-76.51627, 3.455352], [-76.516277, 3.455346], [-76.516284, 3.45534], [-76.516291, 3.455334], [-76.516298, 3.455328], [-76.516304, 3.455322], [-76.516311, 3.455316], [-76.516318, 3.45531], [-76.516324, 3.455304], [-76.516331, 3.455298], [-76.516337, 3.455292], [-76.516344, 3.455285], [-76.51635, 3.455279], [-76.516357, 3.455273], [-76.516363, 3.455266], [-76.516369, 3.45526], [-76.51638, 3.455248], [-76.516397, 3.45523], [-76.516455, 3.45516], [-76.516455, 3.45516], [-76.51646, 3.455153], [-76.516467, 3.455142], [-76.516545, 3.455026], [-76.516581, 3.454972], [-76.5166, 3.454938], [-76.516793, 3.454584], [-76.516941, 3.454317], [-76.516945, 3.454309], [-76.516949, 3.454301], [-76.516953, 3.454293], [-76.516957, 3.454285], [-76.516961, 3.454277], [-76.516966, 3.454269], [-76.51697, 3.454261], [-76.516971, 3.454259], [-76.516974, 3.454253], [-76.516978, 3.454245], [-76.516983, 3.454237], [-76.516987, 3.454229], [-76.516992, 3.454221], [-76.516996, 3.454213], [-76.517001, 3.454206], [-76.517005, 3.454198], [-76.51701, 3.45419], [-76.517015, 3.454183], [-76.51702, 3.454175], [-76.517025, 3.454167], [-76.51703, 3.45416], [-76.517035, 3.454152], [-76.51704, 3.454145], [-76.517045, 3.454137], [-76.51705, 3.45413], [-76.517055, 3.454122], [-76.51706, 3.454115], [-76.517066, 3.454108], [-76.517071, 3.454101], [-76.517076, 3.454093], [-76.517082, 3.454086], [-76.517087, 3.454079], [-76.517093, 3.454072], [-76.517099, 3.454065], [-76.517104, 3.454058], [-76.51711, 3.454051], [-76.517112, 3.454049], [-76.517116, 3.454044], [-76.517122, 3.454037], [-76.517125, 3.454033], [-76.517127, 3.45403], [-76.517133, 3.454023], [-76.517139, 3.454017], [-76.517145, 3.45401], [-76.517151, 3.454003], [-76.517158, 3.453997], [-76.517164, 3.45399], [-76.51717, 3.453983], [-76.517176, 3.453977], [-76.517183, 3.45397], [-76.517189, 3.453964], [-76.517195, 3.453958], [-76.517202, 3.453951], [-76.517208, 3.453945], [-76.517215, 3.453939], [-76.517225, 3.453929], [-76.517232, 3.453923], [-76.517238, 3.453917], [-76.517245, 3.453912], [-76.517252, 3.453906], [-76.517259, 3.4539], [-76.517266, 3.453894], [-76.517273, 3.453889], [-76.51728, 3.453883], [-76.517287, 3.453878], [-76.517294, 3.453872], [-76.517302, 3.453867], [-76.517309, 3.453861], [-76.517316, 3.453856], [-76.517324, 3.453851], [-76.517331, 3.453846], [-76.517339, 3.453841], [-76.517346, 3.453836], [-76.517354, 3.453831], [-76.517361, 3.453826], [-76.517369, 3.453821], [-76.517377, 3.453817], [-76.517384, 3.453812], [-76.517392, 3.453808], [-76.5174, 3.453803], [-76.517408, 3.453799], [-76.517416, 3.453794], [-76.517424, 3.45379], [-76.517432, 3.453786], [-76.51744, 3.453782], [-76.517448, 3.453778], [-76.517456, 3.453774], [-76.517464, 3.45377], [-76.517472, 3.453766], [-76.517478, 3.453763], [-76.517499, 3.453752], [-76.517549, 3.453734], [-76.517553, 3.453733], [-76.517555, 3.453732], [-76.517564, 3.453729], [-76.517572, 3.453726], [-76.517581, 3.453723], [-76.517589, 3.45372], [-76.517598, 3.453717], [-76.517604, 3.453716], [-76.517641, 3.453704], [-76.517667, 3.453697], [-76.517668, 3.453697], [-76.517676, 3.453695], [-76.517685, 3.453692], [-76.517693, 3.45369], [-76.517702, 3.453688], [-76.517711, 3.453686], [-76.51772, 3.453684], [-76.517729, 3.453683], [-76.517737, 3.453681], [-76.517746, 3.453679], [-76.517755, 3.453677], [-76.517764, 3.453676], [-76.517773, 3.453675], [-76.517782, 3.453673], [-76.517791, 3.453672], [-76.5178, 3.453671], [-76.517809, 3.45367], [-76.517818, 3.453669], [-76.517826, 3.453668], [-76.517835, 3.453667], [-76.517844, 3.453666], [-76.517853, 3.453665], [-76.517862, 3.453665], [-76.517871, 3.453664], [-76.51788, 3.453664], [-76.517889, 3.453664], [-76.517898, 3.453663], [-76.517907, 3.453663]]]]}, "geometry_name": "the_geom", "properties": {"gid": 4, "id_comuna": 4, "nombre": "Comuna 4", "no_arboles": 12371, "area_m2": 372601.492, "cobarb_ha": 37.26, "arb_habita": 0.232, "arb_eep": 129, "m2_eep": 7686.276, "ha_eep": 0.769, "arb_eep_ro": 909, "m2_eep_ron": 32998.965, "ha_eep_ron": 3.3, "arb_eec_ep": 220, "m2_eec_ep": 10495.473, "ha_eec_ep": 1.05, "arb_eec_eq": 0, "m2_eec_eq": 0, "ha_eec_eq": 0, "arb_muerto": 0, "arb_regula": 9501, "arbol_sano": 2716, "arbol_seco": 154}}, {"type": "Feature", "id": "emc_amb_sos_car_censo_arboreo_comuna.fid--215d4958_1a10e591eea_-d4", "geometry": {"type": "MultiPolygon", "coordinates": [[[[-76.501622, 3.460058], [-76.501627, 3.460056], [-76.501688, 3.460192], [-76.502156, 3.461277], [-76.502219, 3.461431], [-76.5023, 3.461585], [-76.502534, 3.462146], [-76.502606, 3.462317], [-76.502768, 3.462688], [-76.502822, 3.462824], [-76.503002, 3.463213], [-76.503326, 3.463972], [-76.503389, 3.464099], [-76.503641, 3.464687], [-76.503695, 3.464814], [-76.50374, 3.464922], [-76.503742, 3.464926], [-76.504001, 3.465519], [-76.504037, 3.4656], [-76.504235, 3.466062], [-76.504253, 3.466116], [-76.504307, 3.466242], [-76.504388, 3.466396], [-76.504424, 3.466487], [-76.504541, 3.466767], [-76.504577, 3.466839], [-76.504712, 3.467165], [-76.504802, 3.467409], [-76.504937, 3.467735], [-76.504973, 3.467807], [-76.505099, 3.468105], [-76.505126, 3.468169], [-76.505252, 3.468467], [-76.505288, 3.46854], [-76.505396, 3.468811], [-76.505408, 3.468836], [-76.505441, 3.468901], [-76.505593, 3.469272], [-76.505647, 3.469381], [-76.505755, 3.469616], [-76.505926, 3.470041], [-76.505971, 3.47014], [-76.506167, 3.470587], [-76.506169, 3.470592], [-76.506088, 3.470611], [-76.505818, 3.470692], [-76.505431, 3.470809], [-76.505206, 3.470882], [-76.505044, 3.470963], [-76.503856, 3.471316], [-76.503712, 3.471361], [-76.50364, 3.471388], [-76.503046, 3.47156], [-76.502876, 3.47162], [-76.502866, 3.471623], [-76.502867, 3.471626], [-76.502884, 3.471714], [-76.503094, 3.472473], [-76.503136, 3.472627], [-76.503226, 3.472953], [-76.503316, 3.473269], [-76.503388, 3.473522], [-76.503451, 3.473739], [-76.503496, 3.473911], [-76.503523, 3.473993], [-76.503586, 3.474228], [-76.503622, 3.474318], [-76.503658, 3.474472], [-76.503748, 3.474752], [-76.503775, 3.474861], [-76.503874, 3.475105], [-76.503928, 3.475213], [-76.504072, 3.475485], [-76.504434, 3.476026], [-76.504441, 3.476036], [-76.504045, 3.476461], [-76.503514, 3.477058], [-76.503262, 3.47733], [-76.503073, 3.477565], [-76.502929, 3.477727], [-76.50283, 3.477827], [-76.502758, 3.47789], [-76.502623, 3.47799], [-76.501894, 3.478541], [-76.501642, 3.478749], [-76.501363, 3.478957], [-76.500841, 3.479355], [-76.500697, 3.479436], [-76.500392, 3.479664], [-76.500144, 3.479849], [-76.499819, 3.480092], [-76.49968, 3.480196], [-76.499545, 3.480286], [-76.499383, 3.480413], [-76.499176, 3.480567], [-76.499068, 3.480648], [-76.498969, 3.480738], [-76.49887, 3.48082], [-76.498699, 3.480965], [-76.498566, 3.48111], [-76.498562, 3.481113], [-76.498276, 3.481426], [-76.497898, 3.481887], [-76.497709, 3.482104], [-76.497151, 3.482791], [-76.496998, 3.483017], [-76.496836, 3.483252], [-76.496421, 3.483867], [-76.496266, 3.484172], [-76.496232, 3.484238], [-76.495512, 3.485522], [-76.495269, 3.485988], [-76.495267, 3.485988], [-76.495035, 3.485902], [-76.494783, 3.485811], [-76.494531, 3.485694], [-76.494279, 3.485598], [-76.493982, 3.485486], [-76.492875, 3.485223], [-76.492632, 3.48516], [-76.492507, 3.485124], [-76.492363, 3.485079], [-76.492228, 3.485033], [-76.492093, 3.484988], [-76.491949, 3.484934], [-76.491814, 3.48488], [-76.49167, 3.484816], [-76.491499, 3.484735], [-76.491373, 3.484663], [-76.491274, 3.484599], [-76.491049, 3.484436], [-76.490935, 3.484344], [-76.490905, 3.484319], [-76.490869, 3.484283], [-76.490743, 3.484174], [-76.490644, 3.484075], [-76.490545, 3.483966], [-76.490428, 3.48383], [-76.490338, 3.483722], [-76.490257, 3.483604], [-76.490167, 3.483478], [-76.490059, 3.483279], [-76.489924, 3.483007], [-76.489874, 3.482879], [-76.489564, 3.482076], [-76.489411, 3.481615], [-76.489402, 3.481579], [-76.489267, 3.481027], [-76.489141, 3.480638], [-76.489098, 3.480486], [-76.489015, 3.480195], [-76.48888, 3.479743], [-76.488736, 3.479291], [-76.488646, 3.47901], [-76.488529, 3.478648], [-76.488358, 3.478106], [-76.488333, 3.478013], [-76.488286, 3.477844], [-76.488243, 3.47772], [-76.488223, 3.477663], [-76.488088, 3.477247], [-76.4879, 3.47665], [-76.487807, 3.476377], [-76.487756, 3.476225], [-76.487186, 3.47441], [-76.486856, 3.473358], [-76.486721, 3.472897], [-76.486487, 3.472191], [-76.486125, 3.471028], [-76.485947, 3.470457], [-76.485945, 3.47045], [-76.485921, 3.470374], [-76.485749, 3.469822], [-76.485066, 3.467642], [-76.484958, 3.467335], [-76.484397, 3.465527], [-76.484413, 3.465521], [-76.484584, 3.465464], [-76.485216, 3.465264], [-76.485894, 3.465048], [-76.48729, 3.464598], [-76.487309, 3.464592], [-76.488689, 3.464154], [-76.48873, 3.464141], [-76.488748, 3.464135], [-76.489642, 3.463854], [-76.490067, 3.46372], [-76.490385, 3.463619], [-76.490884, 3.463459], [-76.491594, 3.463232], [-76.492159, 3.463053], [-76.492376, 3.462989], [-76.492485, 3.462954], [-76.492938, 3.462809], [-76.493334, 3.462684], [-76.493799, 3.462533], [-76.494, 3.46247], [-76.494227, 3.462401], [-76.494359, 3.462359], [-76.49463, 3.462271], [-76.49476, 3.462229], [-76.494811, 3.462213], [-76.494856, 3.462199], [-76.494996, 3.46216], [-76.495352, 3.462043], [-76.495708, 3.461931], [-76.496064, 3.461817], [-76.496272, 3.461751], [-76.49642, 3.461704], [-76.496777, 3.461591], [-76.497134, 3.461479], [-76.497492, 3.461365], [-76.497787, 3.461272], [-76.497861, 3.461248], [-76.498013, 3.461201], [-76.498148, 3.461158], [-76.498362, 3.46109], [-76.498439, 3.461066], [-76.498531, 3.461036], [-76.498646, 3.460998], [-76.498899, 3.460919], [-76.49914, 3.460841], [-76.499399, 3.460758], [-76.499498, 3.460729], [-76.499692, 3.460668], [-76.499896, 3.460603], [-76.500097, 3.460539], [-76.500259, 3.460488], [-76.500387, 3.460449], [-76.500543, 3.460401], [-76.500885, 3.460294], [-76.501133, 3.460215], [-76.501462, 3.460112], [-76.501573, 3.460074], [-76.501622, 3.460058]]]]}, "geometry_name": "the_geom", "properties": {"gid": 5, "id_comuna": 5, "nombre": "Comuna 5", "no_arboles": 17615, "area_m2": 637771.914, "cobarb_ha": 63.777, "arb_habita": 0.157, "arb_eep": 207, "m2_eep": 7698.473, "ha_eep": 0.77, "arb_eep_ro": 0, "m2_eep_ron": 0, "ha_eep_ron": 0, "arb_eec_ep": 742, "m2_eec_ep": 35149.166, "ha_eec_ep": 3.515, "arb_eec_eq": 981, "m2_eec_eq": 59888.785, "ha_eec_eq": 5.989, "arb_muerto": 0, "arb_regula": 14434, "arbol_sano": 3011, "arbol_seco": 113}}, {"type": "Feature", "id": "emc_amb_sos_car_censo_arboreo_comuna.fid--215d4958_1a10e591eea_-d3", "geometry": {"type": "MultiPolygon", "coordinates": [[[[-76.491377, 3.505592], [-76.491488, 3.504869], [-76.491515, 3.503558], [-76.491515, 3.503556], [-76.491515, 3.503554], [-76.491515, 3.503554], [-76.491494, 3.502766], [-76.491494, 3.502766], [-76.491488, 3.502523], [-76.491488, 3.501963], [-76.491474, 3.501564], [-76.491461, 3.501212], [-76.491461, 3.501185], [-76.491461, 3.501131], [-76.49147, 3.501076], [-76.491461, 3.501049], [-76.491461, 3.501022], [-76.491461, 3.500968], [-76.491452, 3.500914], [-76.491443, 3.500859], [-76.491434, 3.500805], [-76.491434, 3.500778], [-76.491416, 3.500733], [-76.491407, 3.500678], [-76.491389, 3.500624], [-76.49138, 3.500597], [-76.491371, 3.500579], [-76.491344, 3.500525], [-76.491335, 3.500498], [-76.491308, 3.500452], [-76.491281, 3.500407], [-76.491272, 3.50038], [-76.491272, 3.50038], [-76.491245, 3.500335], [-76.491209, 3.50029], [-76.491182, 3.500244], [-76.491146, 3.500208], [-76.49111, 3.500163], [-76.491092, 3.500145], [-76.491074, 3.500127], [-76.491038, 3.500082], [-76.49102, 3.500063], [-76.490993, 3.500045], [-76.490516, 3.499765], [-76.489904, 3.499349], [-76.487604, 3.498255], [-76.486136, 3.497652], [-76.486128, 3.497648], [-76.48612, 3.497644], [-76.486112, 3.49764], [-76.486103, 3.497636], [-76.486095, 3.497632], [-76.486087, 3.497628], [-76.486079, 3.497623], [-76.486071, 3.497619], [-76.486063, 3.497615], [-76.486055, 3.497611], [-76.486047, 3.497607], [-76.48604, 3.497602], [-76.486032, 3.497598], [-76.486024, 3.497594], [-76.486016, 3.49759], [-76.486008, 3.497585], [-76.486, 3.497581], [-76.485992, 3.497577], [-76.485984, 3.497572], [-76.485976, 3.497568], [-76.485968, 3.497564], [-76.48596, 3.497559], [-76.485953, 3.497555], [-76.485945, 3.497551], [-76.485937, 3.497546], [-76.485929, 3.497542], [-76.485921, 3.497537], [-76.485913, 3.497533], [-76.485906, 3.497528], [-76.485898, 3.497524], [-76.48589, 3.497519], [-76.485882, 3.497515], [-76.485874, 3.49751], [-76.485867, 3.497506], [-76.485859, 3.497501], [-76.485859, 3.497501], [-76.485857, 3.4975], [-76.485857, 3.4975], [-76.485855, 3.497499], [-76.485851, 3.497496], [-76.485851, 3.497496], [-76.48585, 3.497496], [-76.485849, 3.497495], [-76.485843, 3.497492], [-76.485836, 3.497487], [-76.485828, 3.497482], [-76.48582, 3.497478], [-76.48582, 3.497478], [-76.485813, 3.497473], [-76.485805, 3.497468], [-76.485803, 3.497467], [-76.485797, 3.497464], [-76.485789, 3.497459], [-76.485786, 3.497456], [-76.485782, 3.497454], [-76.485781, 3.497454], [-76.485779, 3.497453], [-76.485779, 3.497452], [-76.485778, 3.497452], [-76.485774, 3.497449], [-76.485773, 3.497448], [-76.485771, 3.497447], [-76.485767, 3.497445], [-76.485767, 3.497445], [-76.485765, 3.497444], [-76.48576, 3.497441], [-76.48576, 3.49744], [-76.485759, 3.49744], [-76.485754, 3.497437], [-76.485754, 3.497436], [-76.485751, 3.497435], [-76.485749, 3.497433], [-76.485747, 3.497432], [-76.485744, 3.49743], [-76.485742, 3.497429], [-76.485737, 3.497426], [-76.485736, 3.497425], [-76.485729, 3.49742], [-76.485721, 3.497415], [-76.485714, 3.497411], [-76.485706, 3.497406], [-76.485698, 3.497401], [-76.485691, 3.497396], [-76.485683, 3.497391], [-76.485676, 3.497386], [-76.485668, 3.497381], [-76.485661, 3.497376], [-76.485653, 3.497371], [-76.485646, 3.497366], [-76.485638, 3.497361], [-76.485631, 3.497356], [-76.485624, 3.497351], [-76.485616, 3.497346], [-76.485611, 3.497342], [-76.485609, 3.49734], [-76.485601, 3.497335], [-76.485594, 3.49733], [-76.485586, 3.497325], [-76.485579, 3.49732], [-76.485572, 3.497315], [-76.485564, 3.497309], [-76.485557, 3.497304], [-76.48555, 3.497299], [-76.485542, 3.497294], [-76.485535, 3.497288], [-76.485534, 3.497288], [-76.485528, 3.497283], [-76.48552, 3.497278], [-76.485513, 3.497272], [-76.485513, 3.497272], [-76.485506, 3.497267], [-76.485499, 3.497262], [-76.485491, 3.497256], [-76.485484, 3.497251], [-76.485477, 3.497246], [-76.48547, 3.49724], [-76.485463, 3.497235], [-76.485455, 3.497229], [-76.485448, 3.497224], [-76.485441, 3.497218], [-76.485434, 3.497213], [-76.485427, 3.497207], [-76.485419, 3.497202], [-76.485412, 3.497196], [-76.485405, 3.497191], [-76.485398, 3.497185], [-76.485391, 3.49718], [-76.485384, 3.497174], [-76.485377, 3.497169], [-76.48537, 3.497163], [-76.485363, 3.497157], [-76.485356, 3.497152], [-76.485349, 3.497146], [-76.485342, 3.49714], [-76.485335, 3.497135], [-76.485328, 3.497129], [-76.485321, 3.497123], [-76.485314, 3.497117], [-76.485307, 3.497112], [-76.4853, 3.497106], [-76.485293, 3.4971], [-76.485286, 3.497094], [-76.485282, 3.497091], [-76.485279, 3.497089], [-76.485272, 3.497083], [-76.485266, 3.497077], [-76.485259, 3.497071], [-76.485252, 3.497065], [-76.485251, 3.497065], [-76.485245, 3.497059], [-76.485238, 3.497053], [-76.485231, 3.497047], [-76.485225, 3.497041], [-76.485218, 3.497036], [-76.485211, 3.49703], [-76.485204, 3.497024], [-76.485197, 3.497018], [-76.485191, 3.497012], [-76.485184, 3.497006], [-76.485177, 3.497], [-76.485171, 3.496994], [-76.485164, 3.496988], [-76.485157, 3.496982], [-76.485151, 3.496975], [-76.485144, 3.496969], [-76.485137, 3.496963], [-76.485131, 3.496957], [-76.485124, 3.496951], [-76.485117, 3.496945], [-76.485111, 3.496939], [-76.485104, 3.496933], [-76.485098, 3.496926], [-76.485091, 3.49692], [-76.485085, 3.496914], [-76.485078, 3.496908], [-76.485072, 3.496902], [-76.485065, 3.496895], [-76.485059, 3.496889], [-76.485052, 3.496883], [-76.485046, 3.496876], [-76.485039, 3.49687], [-76.485033, 3.496864], [-76.485026, 3.496857], [-76.48502, 3.496851], [-76.485013, 3.496845], [-76.485007, 3.496838], [-76.485001, 3.496832], [-76.484994, 3.496825], [-76.484988, 3.496819], [-76.484982, 3.496813], [-76.484975, 3.496806], [-76.484969, 3.4968], [-76.484963, 3.496793], [-76.484957, 3.496787], [-76.48495, 3.49678], [-76.484944, 3.496774], [-76.484938, 3.496767], [-76.484932, 3.496761], [-76.484925, 3.496754], [-76.484919, 3.496748], [-76.484913, 3.496741], [-76.484907, 3.496734], [-76.484901, 3.496728], [-76.484895, 3.496721], [-76.484888, 3.496715], [-76.484882, 3.496708], [-76.484876, 3.496701], [-76.48487, 3.496695], [-76.484864, 3.496688], [-76.484858, 3.496681], [-76.484852, 3.496675], [-76.484846, 3.496668], [-76.48484, 3.496661], [-76.484834, 3.496654], [-76.484828, 3.496648], [-76.484822, 3.496641], [-76.484816, 3.496634], [-76.48481, 3.496627], [-76.484804, 3.496621], [-76.484798, 3.496614], [-76.484792, 3.496607], [-76.484786, 3.4966], [-76.484781, 3.496593], [-76.484775, 3.496586], [-76.484769, 3.496579], [-76.484763, 3.496573], [-76.484757, 3.496566], [-76.484751, 3.496559], [-76.484746, 3.496552], [-76.48474, 3.496545], [-76.484734, 3.496538], [-76.484728, 3.496531], [-76.484723, 3.496524], [-76.484717, 3.496517], [-76.484711, 3.49651], [-76.484706, 3.496503], [-76.4847, 3.496496], [-76.484694, 3.496489], [-76.484689, 3.496482], [-76.484683, 3.496475], [-76.484677, 3.496468], [-76.484672, 3.496461], [-76.484666, 3.496454], [-76.484661, 3.496446], [-76.484655, 3.496439], [-76.484649, 3.496432], [-76.484644, 3.496425], [-76.484638, 3.496418], [-76.484633, 3.496411], [-76.484631, 3.496408], [-76.484627, 3.496404], [-76.484622, 3.496397], [-76.484617, 3.496389], [-76.484611, 3.496382], [-76.484606, 3.496375], [-76.4846, 3.496368], [-76.484595, 3.49636], [-76.484589, 3.496353], [-76.484584, 3.496346], [-76.484579, 3.496339], [-76.484573, 3.496331], [-76.484568, 3.496324], [-76.484563, 3.496317], [-76.484558, 3.496309], [-76.484552, 3.496302], [-76.484547, 3.496295], [-76.484542, 3.496287], [-76.484537, 3.49628], [-76.484531, 3.496273], [-76.484526, 3.496265], [-76.484521, 3.496258], [-76.484516, 3.49625], [-76.484511, 3.496243], [-76.484506, 3.496236], [-76.4845, 3.496228], [-76.484495, 3.496221], [-76.48449, 3.496213], [-76.484485, 3.496206], [-76.48448, 3.496198], [-76.484475, 3.496191], [-76.48447, 3.496183], [-76.484465, 3.496176], [-76.48446, 3.496168], [-76.484455, 3.496161], [-76.48445, 3.496153], [-76.484445, 3.496146], [-76.48444, 3.496138], [-76.484435, 3.49613], [-76.484431, 3.496123], [-76.484426, 3.496115], [-76.484421, 3.496108], [-76.484416, 3.4961], [-76.484411, 3.496092], [-76.484406, 3.496085], [-76.484401, 3.496077], [-76.484397, 3.496069], [-76.484392, 3.496062], [-76.484387, 3.496054], [-76.484382, 3.496046], [-76.484378, 3.496039], [-76.484373, 3.496031], [-76.484368, 3.496023], [-76.484364, 3.496016], [-76.484359, 3.496008], [-76.484354, 3.496], [-76.48435, 3.495992], [-76.484345, 3.495985], [-76.48434, 3.495977], [-76.484336, 3.495969], [-76.484331, 3.495961], [-76.484327, 3.495953], [-76.484322, 3.495946], [-76.484318, 3.495938], [-76.484313, 3.49593], [-76.484309, 3.495922], [-76.484304, 3.495914], [-76.484298, 3.495903], [-76.484293, 3.495896], [-76.484288, 3.495888], [-76.484283, 3.495881], [-76.484277, 3.495873], [-76.484272, 3.495866], [-76.484267, 3.495858], [-76.484262, 3.495851], [-76.484257, 3.495843], [-76.484252, 3.495836], [-76.484247, 3.495828], [-76.484242, 3.495821], [-76.484237, 3.495813], [-76.484232, 3.495806], [-76.484227, 3.495798], [-76.484222, 3.495791], [-76.484217, 3.495783], [-76.484212, 3.495776], [-76.484207, 3.495768], [-76.484202, 3.495761], [-76.484198, 3.495753], [-76.484193, 3.495745], [-76.484188, 3.495738], [-76.484183, 3.49573], [-76.484178, 3.495723], [-76.484173, 3.495715], [-76.484168, 3.495707], [-76.484163, 3.4957], [-76.484159, 3.495692], [-76.484154, 3.495684], [-76.484149, 3.495677], [-76.484144, 3.495669], [-76.484139, 3.495661], [-76.484135, 3.495654], [-76.48413, 3.495646], [-76.484125, 3.495638], [-76.48412, 3.495631], [-76.484116, 3.495623], [-76.484111, 3.495615], [-76.484106, 3.495608], [-76.484101, 3.4956], [-76.484097, 3.495592], [-76.484092, 3.495585], [-76.484087, 3.495577], [-76.484083, 3.495569], [-76.484078, 3.495561], [-76.484073, 3.495554], [-76.484069, 3.495546], [-76.484064, 3.495538], [-76.48406, 3.49553], [-76.484055, 3.495523], [-76.48405, 3.495515], [-76.484046, 3.495507], [-76.484041, 3.495499], [-76.484037, 3.495491], [-76.484032, 3.495484], [-76.484027, 3.495476], [-76.484023, 3.495468], [-76.484018, 3.49546], [-76.484014, 3.495452], [-76.484009, 3.495444], [-76.484005, 3.495437], [-76.484, 3.495429], [-76.483996, 3.495421], [-76.483992, 3.495413], [-76.483987, 3.495405], [-76.483983, 3.495397], [-76.483978, 3.495389], [-76.483974, 3.495382], [-76.48397, 3.495374], [-76.483965, 3.495366], [-76.483961, 3.495358], [-76.483961, 3.495358], [-76.483957, 3.49535], [-76.483952, 3.495342], [-76.483952, 3.495342], [-76.483948, 3.495334], [-76.483943, 3.495326], [-76.483939, 3.495318], [-76.483935, 3.49531], [-76.48393, 3.495302], [-76.483926, 3.495294], [-76.483926, 3.495294], [-76.483922, 3.495287], [-76.483922, 3.495286], [-76.483918, 3.495279], [-76.483913, 3.495271], [-76.483909, 3.495263], [-76.483909, 3.495263], [-76.483905, 3.495255], [-76.483905, 3.495255], [-76.483901, 3.495247], [-76.483901, 3.495247], [-76.483896, 3.495239], [-76.483896, 3.495239], [-76.483892, 3.495231], [-76.483892, 3.495231], [-76.483888, 3.495223], [-76.483888, 3.495223], [-76.483884, 3.495215], [-76.483884, 3.495215], [-76.48388, 3.495207], [-76.48388, 3.495207], [-76.483876, 3.495199], [-76.483876, 3.495199], [-76.483871, 3.495191], [-76.483871, 3.495191], [-76.483867, 3.495182], [-76.483867, 3.495182], [-76.483863, 3.495175], [-76.483863, 3.495174], [-76.483859, 3.495167], [-76.483859, 3.495166], [-76.483855, 3.495158], [-76.483855, 3.495158], [-76.483851, 3.49515], [-76.483851, 3.49515], [-76.483847, 3.495142], [-76.483847, 3.495142], [-76.483843, 3.495134], [-76.483843, 3.495134], [-76.483839, 3.495126], [-76.483839, 3.495126], [-76.483835, 3.495118], [-76.483835, 3.495118], [-76.483831, 3.49511], [-76.483831, 3.49511], [-76.483827, 3.495102], [-76.483827, 3.495102], [-76.483823, 3.495094], [-76.483823, 3.495094], [-76.483819, 3.495086], [-76.483819, 3.495086], [-76.483815, 3.495078], [-76.483814, 3.495078], [-76.483811, 3.495069], [-76.483811, 3.495069], [-76.483807, 3.495061], [-76.483807, 3.495061], [-76.483803, 3.495053], [-76.483803, 3.495053], [-76.483799, 3.495045], [-76.483799, 3.495045], [-76.483795, 3.495037], [-76.483795, 3.495037], [-76.483791, 3.495029], [-76.483791, 3.495029], [-76.483787, 3.495021], [-76.483787, 3.495021], [-76.483783, 3.495013], [-76.483783, 3.495013], [-76.483779, 3.495004], [-76.483779, 3.495004], [-76.483775, 3.494996], [-76.483775, 3.494996], [-76.483771, 3.494988], [-76.483771, 3.494988], [-76.483768, 3.49498], [-76.483768, 3.49498], [-76.483764, 3.494972], [-76.483764, 3.494972], [-76.48376, 3.494964], [-76.48376, 3.494963], [-76.483756, 3.494955], [-76.483756, 3.494955], [-76.483752, 3.494947], [-76.483752, 3.494947], [-76.483748, 3.494939], [-76.483748, 3.494939], [-76.483745, 3.494931], [-76.483745, 3.494931], [-76.483741, 3.494923], [-76.483741, 3.494923], [-76.483737, 3.494914], [-76.483737, 3.494914], [-76.483733, 3.494906], [-76.483733, 3.494906], [-76.48373, 3.494898], [-76.48373, 3.494898], [-76.483726, 3.49489], [-76.483726, 3.49489], [-76.483722, 3.494881], [-76.483722, 3.494881], [-76.483718, 3.494873], [-76.483718, 3.494873], [-76.483715, 3.494865], [-76.483715, 3.494865], [-76.483711, 3.494857], [-76.483711, 3.494857], [-76.483707, 3.494848], [-76.483707, 3.494848], [-76.483704, 3.49484], [-76.483704, 3.49484], [-76.4837, 3.494832], [-76.4837, 3.494832], [-76.483696, 3.494824], [-76.483696, 3.494824], [-76.483693, 3.494815], [-76.483693, 3.494815], [-76.483689, 3.494807], [-76.483689, 3.494807], [-76.483686, 3.494799], [-76.483686, 3.494799], [-76.483682, 3.494791], [-76.483682, 3.494791], [-76.483678, 3.494782], [-76.483678, 3.494782], [-76.483675, 3.494774], [-76.483675, 3.494774], [-76.483671, 3.494766], [-76.483671, 3.494766], [-76.483668, 3.494757], [-76.483668, 3.494757], [-76.483664, 3.494749], [-76.483664, 3.494749], [-76.483661, 3.494741], [-76.483661, 3.494741], [-76.483657, 3.494732], [-76.483657, 3.494732], [-76.483654, 3.494724], [-76.483654, 3.494724], [-76.48365, 3.494716], [-76.48365, 3.494716], [-76.483647, 3.494707], [-76.483647, 3.494707], [-76.483643, 3.494699], [-76.483643, 3.494699], [-76.48364, 3.494691], [-76.48364, 3.494691], [-76.483636, 3.494682], [-76.483636, 3.494682], [-76.483633, 3.494674], [-76.483633, 3.494674], [-76.483629, 3.494666], [-76.483629, 3.494666], [-76.483626, 3.494657], [-76.483626, 3.494657], [-76.483623, 3.494649], [-76.483623, 3.494649], [-76.483619, 3.49464], [-76.483619, 3.49464], [-76.483616, 3.494632], [-76.483616, 3.494632], [-76.483612, 3.494624], [-76.483612, 3.494624], [-76.483609, 3.494615], [-76.483609, 3.494615], [-76.483606, 3.494607], [-76.483606, 3.494607], [-76.483602, 3.494599], [-76.483602, 3.494598], [-76.483599, 3.49459], [-76.483599, 3.49459], [-76.483596, 3.494582], [-76.483596, 3.494582], [-76.483592, 3.494573], [-76.483592, 3.494573], [-76.483589, 3.494565], [-76.483589, 3.494565], [-76.483586, 3.494556], [-76.483586, 3.494556], [-76.483583, 3.494548], [-76.483583, 3.494548], [-76.483579, 3.49454], [-76.483579, 3.49454], [-76.483576, 3.494531], [-76.483576, 3.494531], [-76.483573, 3.494523], [-76.483573, 3.494523], [-76.48357, 3.494514], [-76.48357, 3.494514], [-76.483566, 3.494506], [-76.483566, 3.494506], [-76.483563, 3.494497], [-76.483563, 3.494497], [-76.48356, 3.494489], [-76.48356, 3.494489], [-76.483557, 3.49448], [-76.483557, 3.49448], [-76.483554, 3.494472], [-76.483554, 3.494472], [-76.483551, 3.494464], [-76.483551, 3.494463], [-76.483547, 3.494455], [-76.483547, 3.494455], [-76.483544, 3.494446], [-76.483544, 3.494446], [-76.483541, 3.494438], [-76.483541, 3.494438], [-76.483538, 3.49443], [-76.483538, 3.494429], [-76.483535, 3.494421], [-76.483535, 3.494421], [-76.483532, 3.494413], [-76.483532, 3.494413], [-76.483529, 3.494404], [-76.483529, 3.494404], [-76.483526, 3.494396], [-76.483526, 3.494396], [-76.483523, 3.494387], [-76.483523, 3.494387], [-76.48352, 3.494379], [-76.48352, 3.494378], [-76.483517, 3.49437], [-76.483517, 3.49437], [-76.483514, 3.494361], [-76.483514, 3.494361], [-76.483511, 3.494353], [-76.483511, 3.494353], [-76.483508, 3.494345], [-76.483508, 3.494344], [-76.483505, 3.494336], [-76.483505, 3.494336], [-76.483502, 3.494327], [-76.483502, 3.494327], [-76.483499, 3.494319], [-76.483499, 3.494319], [-76.483496, 3.49431], [-76.483496, 3.49431], [-76.483493, 3.494302], [-76.483493, 3.494302], [-76.48349, 3.494293], [-76.48349, 3.494293], [-76.483487, 3.494285], [-76.483487, 3.494285], [-76.483484, 3.494276], [-76.483484, 3.494276], [-76.483481, 3.494267], [-76.483481, 3.494267], [-76.483479, 3.494259], [-76.483479, 3.494259], [-76.483476, 3.49425], [-76.483476, 3.49425], [-76.483473, 3.494242], [-76.483473, 3.494242], [-76.48347, 3.494233], [-76.48347, 3.494233], [-76.483467, 3.494225], [-76.483467, 3.494225], [-76.483464, 3.494216], [-76.483464, 3.494216], [-76.483462, 3.494207], [-76.483462, 3.494207], [-76.483459, 3.494199], [-76.483459, 3.494199], [-76.483456, 3.49419], [-76.483456, 3.49419], [-76.483453, 3.494182], [-76.483453, 3.494182], [-76.483451, 3.494173], [-76.483451, 3.494173], [-76.483448, 3.494164], [-76.483448, 3.494164], [-76.483445, 3.494156], [-76.483445, 3.494156], [-76.483442, 3.494147], [-76.483442, 3.494147], [-76.48344, 3.494139], [-76.48344, 3.494138], [-76.483437, 3.49413], [-76.483437, 3.49413], [-76.483434, 3.494121], [-76.483434, 3.494121], [-76.483432, 3.494112], [-76.483432, 3.494112], [-76.483429, 3.494104], [-76.483429, 3.494104], [-76.483426, 3.494095], [-76.483426, 3.494095], [-76.483424, 3.494087], [-76.483424, 3.494087], [-76.483421, 3.494078], [-76.483421, 3.494078], [-76.483418, 3.494069], [-76.483418, 3.494069], [-76.483416, 3.494061], [-76.483416, 3.494061], [-76.483413, 3.494052], [-76.483413, 3.494052], [-76.483411, 3.494043], [-76.483411, 3.494043], [-76.483408, 3.494035], [-76.483408, 3.494035], [-76.483406, 3.494026], [-76.483406, 3.494026], [-76.483403, 3.494017], [-76.483403, 3.494017], [-76.483401, 3.494009], [-76.4834, 3.494009], [-76.483398, 3.494], [-76.483398, 3.494], [-76.483396, 3.493991], [-76.483396, 3.493991], [-76.483393, 3.493983], [-76.483393, 3.493983], [-76.483391, 3.493974], [-76.483391, 3.493974], [-76.483388, 3.493965], [-76.483388, 3.493965], [-76.483386, 3.493956], [-76.483386, 3.493956], [-76.483383, 3.493948], [-76.483383, 3.493948], [-76.483381, 3.493939], [-76.483381, 3.493939], [-76.483378, 3.49393], [-76.483378, 3.49393], [-76.483376, 3.493922], [-76.483376, 3.493922], [-76.483374, 3.493913], [-76.483373, 3.493913], [-76.483371, 3.493904], [-76.483371, 3.493904], [-76.483369, 3.493895], [-76.483369, 3.493895], [-76.483366, 3.493887], [-76.483366, 3.493887], [-76.483364, 3.493878], [-76.483364, 3.493878], [-76.483362, 3.493869], [-76.483362, 3.493869], [-76.483359, 3.493861], [-76.483359, 3.493861], [-76.483357, 3.493852], [-76.483357, 3.493852], [-76.483355, 3.493843], [-76.483355, 3.493843], [-76.483353, 3.493834], [-76.483353, 3.493834], [-76.48335, 3.493826], [-76.48335, 3.493826], [-76.483348, 3.493817], [-76.483348, 3.493817], [-76.483346, 3.493808], [-76.483346, 3.493808], [-76.483344, 3.493799], [-76.483344, 3.493799], [-76.483341, 3.493791], [-76.483341, 3.493791], [-76.483339, 3.493782], [-76.483339, 3.493782], [-76.483337, 3.493773], [-76.483337, 3.493773], [-76.483335, 3.493764], [-76.483335, 3.493764], [-76.483333, 3.493755], [-76.483333, 3.493755], [-76.48333, 3.493747], [-76.48333, 3.493747], [-76.483328, 3.493738], [-76.483328, 3.493738], [-76.483326, 3.493729], [-76.483326, 3.493729], [-76.483324, 3.49372], [-76.483324, 3.49372], [-76.483322, 3.493712], [-76.483322, 3.493712], [-76.48332, 3.493703], [-76.48332, 3.493703], [-76.483318, 3.493694], [-76.483318, 3.493694], [-76.483316, 3.493685], [-76.483316, 3.493685], [-76.483314, 3.493676], [-76.483314, 3.493676], [-76.483311, 3.493668], [-76.483311, 3.493667], [-76.483309, 3.493659], [-76.483309, 3.493659], [-76.483307, 3.49365], [-76.483307, 3.49365], [-76.483305, 3.493641], [-76.483305, 3.493641], [-76.483303, 3.493632], [-76.483303, 3.493632], [-76.483301, 3.493624], [-76.483301, 3.493623], [-76.483299, 3.493615], [-76.483299, 3.493615], [-76.483297, 3.493606], [-76.483297, 3.493606], [-76.483295, 3.493597], [-76.483295, 3.493597], [-76.483293, 3.493588], [-76.483293, 3.493588], [-76.483292, 3.493579], [-76.483291, 3.493579], [-76.48329, 3.493571], [-76.48329, 3.49357], [-76.483288, 3.493562], [-76.483288, 3.493562], [-76.483286, 3.493553], [-76.483286, 3.493553], [-76.483284, 3.493544], [-76.483284, 3.493544], [-76.483282, 3.493535], [-76.483282, 3.493535], [-76.48328, 3.493526], [-76.48328, 3.493526], [-76.483278, 3.493517], [-76.483278, 3.493517], [-76.483276, 3.493509], [-76.483276, 3.493509], [-76.483275, 3.4935], [-76.483275, 3.4935], [-76.483273, 3.493491], [-76.483273, 3.493491], [-76.483271, 3.493482], [-76.483271, 3.493482], [-76.483269, 3.493473], [-76.483269, 3.493473], [-76.483267, 3.493464], [-76.483267, 3.493464], [-76.483266, 3.493455], [-76.483266, 3.493455], [-76.483264, 3.493447], [-76.483264, 3.493446], [-76.483262, 3.493438], [-76.483262, 3.493438], [-76.48326, 3.493429], [-76.48326, 3.493429], [-76.483259, 3.49342], [-76.483259, 3.49342], [-76.483257, 3.493411], [-76.483257, 3.493411], [-76.483255, 3.493402], [-76.483255, 3.493402], [-76.483254, 3.493393], [-76.483254, 3.493393], [-76.483252, 3.493384], [-76.483252, 3.493384], [-76.48325, 3.493375], [-76.48325, 3.493375], [-76.483249, 3.493367], [-76.483249, 3.493367], [-76.483247, 3.493358], [-76.483247, 3.493358], [-76.483245, 3.493349], [-76.483245, 3.493349], [-76.483244, 3.49334], [-76.483244, 3.49334], [-76.483242, 3.493331], [-76.483242, 3.493331], [-76.483241, 3.493322], [-76.483241, 3.493322], [-76.483239, 3.493313], [-76.483239, 3.493313], [-76.483238, 3.493304], [-76.483238, 3.493304], [-76.483236, 3.493295], [-76.483236, 3.493295], [-76.483235, 3.493286], [-76.483234, 3.493286], [-76.483233, 3.493278], [-76.483233, 3.493278], [-76.483231, 3.493269], [-76.483231, 3.493269], [-76.48323, 3.49326], [-76.48323, 3.49326], [-76.483228, 3.493251], [-76.483228, 3.493251], [-76.483227, 3.493242], [-76.483227, 3.493242], [-76.483226, 3.493233], [-76.483226, 3.493233], [-76.483224, 3.493224], [-76.483224, 3.493224], [-76.483223, 3.493215], [-76.483223, 3.493215], [-76.483221, 3.493206], [-76.483221, 3.493206], [-76.48322, 3.493197], [-76.48322, 3.493197], [-76.483218, 3.493188], [-76.483218, 3.493188], [-76.483217, 3.493179], [-76.483217, 3.493179], [-76.483216, 3.49317], [-76.483216, 3.49317], [-76.483214, 3.493162], [-76.483214, 3.493161], [-76.483213, 3.493153], [-76.483213, 3.493153], [-76.483212, 3.493144], [-76.483212, 3.493144], [-76.48321, 3.493135], [-76.48321, 3.493135], [-76.483209, 3.493126], [-76.483209, 3.493126], [-76.483208, 3.493117], [-76.483208, 3.493117], [-76.483206, 3.493108], [-76.483206, 3.493108], [-76.483205, 3.493099], [-76.483205, 3.493099], [-76.483204, 3.49309], [-76.483204, 3.49309], [-76.483203, 3.493081], [-76.483203, 3.493081], [-76.483201, 3.493072], [-76.483201, 3.493072], [-76.4832, 3.493063], [-76.4832, 3.493063], [-76.483199, 3.493054], [-76.483199, 3.493054], [-76.483198, 3.493045], [-76.483198, 3.493045], [-76.483197, 3.493036], [-76.483196, 3.493036], [-76.483195, 3.493027], [-76.483195, 3.493027], [-76.483194, 3.493018], [-76.483194, 3.493018], [-76.483193, 3.493009], [-76.483193, 3.493009], [-76.483192, 3.493], [-76.483192, 3.493], [-76.483191, 3.492991], [-76.483191, 3.492991], [-76.48319, 3.492982], [-76.48319, 3.492982], [-76.483188, 3.492973], [-76.483188, 3.492973], [-76.483187, 3.492964], [-76.483187, 3.492964], [-76.483186, 3.492955], [-76.483186, 3.492955], [-76.483185, 3.492946], [-76.483185, 3.492946], [-76.483184, 3.492937], [-76.483184, 3.492937], [-76.483183, 3.492928], [-76.483183, 3.492928], [-76.483182, 3.49292], [-76.483182, 3.492919], [-76.483181, 3.492911], [-76.483181, 3.492911], [-76.48318, 3.492902], [-76.48318, 3.492902], [-76.483179, 3.492893], [-76.483179, 3.492892], [-76.483178, 3.492884], [-76.483178, 3.492884], [-76.483177, 3.492875], [-76.483177, 3.492874], [-76.483176, 3.492866], [-76.483176, 3.492866], [-76.483175, 3.492857], [-76.483175, 3.492857], [-76.483174, 3.492848], [-76.483174, 3.492848], [-76.483173, 3.492839], [-76.483173, 3.492839], [-76.483173, 3.49283], [-76.483173, 3.49283], [-76.483172, 3.492821], [-76.483172, 3.492821], [-76.483171, 3.492812], [-76.483171, 3.492812], [-76.48317, 3.492803], [-76.48317, 3.492803], [-76.483169, 3.492794], [-76.483169, 3.492794], [-76.483168, 3.492785], [-76.483168, 3.492785], [-76.483167, 3.492776], [-76.483167, 3.492776], [-76.483167, 3.492767], [-76.483166, 3.492767], [-76.483166, 3.492767], [-76.483166, 3.492758], [-76.483166, 3.492758], [-76.483164, 3.49274], [-76.483164, 3.49274], [-76.483164, 3.492731], [-76.483164, 3.492731], [-76.483163, 3.492722], [-76.483163, 3.492722], [-76.483163, 3.492713], [-76.483163, 3.492713], [-76.483162, 3.492704], [-76.483162, 3.492704], [-76.483162, 3.492694], [-76.483162, 3.492694], [-76.483162, 3.492685], [-76.483162, 3.492685], [-76.483161, 3.492676], [-76.483161, 3.492676], [-76.483161, 3.492667], [-76.483161, 3.492667], [-76.48316, 3.492658], [-76.48316, 3.492658], [-76.48316, 3.492649], [-76.48316, 3.492649], [-76.483159, 3.49264], [-76.483159, 3.49264], [-76.483159, 3.492631], [-76.483159, 3.492631], [-76.483159, 3.492622], [-76.483159, 3.492622], [-76.483158, 3.492613], [-76.483158, 3.492613], [-76.483158, 3.492611], [-76.483158, 3.492604], [-76.483158, 3.492604], [-76.483157, 3.492601], [-76.483157, 3.492597], [-76.483157, 3.492595], [-76.483157, 3.492595], [-76.483157, 3.492586], [-76.483157, 3.492586], [-76.483156, 3.492577], [-76.483156, 3.492577], [-76.483156, 3.492568], [-76.483156, 3.492568], [-76.483155, 3.492559], [-76.483155, 3.492559], [-76.483155, 3.49255], [-76.483155, 3.49255], [-76.483155, 3.492541], [-76.483155, 3.492541], [-76.483154, 3.492532], [-76.483154, 3.492532], [-76.483154, 3.492531], [-76.483154, 3.492523], [-76.483154, 3.492523], [-76.483154, 3.492519], [-76.483154, 3.492519], [-76.483153, 3.492505], [-76.483149, 3.492442], [-76.483141, 3.492297], [-76.483133, 3.492171], [-76.483126, 3.492063], [-76.483123, 3.492008], [-76.483115, 3.4919], [-76.483108, 3.491801], [-76.483098, 3.491675], [-76.483089, 3.491557], [-76.483076, 3.491404], [-76.483062, 3.491242], [-76.483052, 3.491138], [-76.483052, 3.491134], [-76.48304, 3.491008], [-76.483031, 3.490918], [-76.483023, 3.490846], [-76.483007, 3.490693], [-76.482994, 3.490576], [-76.482984, 3.490487], [-76.482975, 3.490406], [-76.482956, 3.490253], [-76.482945, 3.490163], [-76.482932, 3.490056], [-76.482919, 3.489957], [-76.48291, 3.489891], [-76.482906, 3.489846], [-76.482899, 3.489783], [-76.482887, 3.489702], [-76.482879, 3.489658], [-76.482872, 3.489622], [-76.482859, 3.48956], [-76.482842, 3.48949], [-76.482831, 3.489446], [-76.482813, 3.489386], [-76.4828, 3.489342], [-76.482776, 3.489274], [-76.482755, 3.489215], [-76.482731, 3.489156], [-76.482706, 3.489098], [-76.48268, 3.48904], [-76.482656, 3.488992], [-76.482623, 3.488927], [-76.482601, 3.488888], [-76.482555, 3.48881], [-76.482526, 3.488764], [-76.482492, 3.488711], [-76.482461, 3.488667], [-76.482422, 3.488614], [-76.48235, 3.488488], [-76.482251, 3.488316], [-76.482105, 3.488056], [-76.48206, 3.487977], [-76.482016, 3.487899], [-76.48195, 3.48778], [-76.481941, 3.487765], [-76.481897, 3.487686], [-76.481818, 3.487544], [-76.481805, 3.48752], [-76.481757, 3.487435], [-76.48164, 3.486924], [-76.481516, 3.485886], [-76.481491, 3.485674], [-76.481491, 3.484987], [-76.481437, 3.484309], [-76.481329, 3.483739], [-76.48114, 3.483088], [-76.480843, 3.482681], [-76.480465, 3.482346], [-76.480087, 3.482139], [-76.479574, 3.481858], [-76.479556, 3.481858], [-76.479547, 3.481849], [-76.479529, 3.481849], [-76.47952, 3.48184], [-76.479502, 3.48184], [-76.479493, 3.481831], [-76.479484, 3.481831], [-76.479475, 3.481822], [-76.479466, 3.481822], [-76.479457, 3.481813], [-76.479439, 3.481813], [-76.47943, 3.481804], [-76.479421, 3.481804], [-76.479412, 3.481795], [-76.479403, 3.481795], [-76.479403, 3.481785], [-76.479385, 3.481785], [-76.479376, 3.481776], [-76.479367, 3.481776], [-76.479358, 3.481767], [-76.479349, 3.481767], [-76.47934, 3.481758], [-76.479331, 3.481758], [-76.479331, 3.481749], [-76.479322, 3.481749], [-76.479313, 3.48174], [-76.479304, 3.48174], [-76.479295, 3.481731], [-76.479286, 3.481731], [-76.479259, 3.481704], [-76.47925, 3.481704], [-76.479241, 3.481695], [-76.479232, 3.481695], [-76.479232, 3.481686], [-76.479223, 3.481686], [-76.479205, 3.481668], [-76.479196, 3.481668], [-76.479196, 3.481659], [-76.479187, 3.481659], [-76.479169, 3.481641], [-76.47916, 3.481641], [-76.47916, 3.481632], [-76.479151, 3.481632], [-76.479115, 3.481596], [-76.479106, 3.481596], [-76.479106, 3.481587], [-76.479097, 3.481577], [-76.479088, 3.481577], [-76.479079, 3.481568], [-76.479079, 3.481559], [-76.47907, 3.48155], [-76.479061, 3.48155], [-76.479061, 3.481541], [-76.479052, 3.481532], [-76.479043, 3.481532], [-76.479034, 3.481523], [-76.479034, 3.481514], [-76.479025, 3.481505], [-76.479016, 3.481505], [-76.479016, 3.481496], [-76.479007, 3.481487], [-76.478998, 3.481487], [-76.478998, 3.481478], [-76.47898, 3.48146], [-76.47898, 3.481451], [-76.478971, 3.481451], [-76.478971, 3.481442], [-76.478935, 3.481406], [-76.478935, 3.481397], [-76.478917, 3.481378], [-76.478917, 3.481369], [-76.478899, 3.481351], [-76.478899, 3.481342], [-76.47889, 3.481342], [-76.47889, 3.481333], [-76.478881, 3.481324], [-76.478881, 3.481315], [-76.478872, 3.481306], [-76.478872, 3.481297], [-76.478863, 3.481297], [-76.478863, 3.481288], [-76.478854, 3.481279], [-76.478854, 3.48127], [-76.478845, 3.481261], [-76.478845, 3.481252], [-76.478836, 3.481243], [-76.478836, 3.481234], [-76.478827, 3.481234], [-76.478827, 3.481225], [-76.478818, 3.481216], [-76.478818, 3.481207], [-76.478809, 3.481198], [-76.478809, 3.48118], [-76.4788, 3.48117], [-76.4788, 3.481161], [-76.478782, 3.481143], [-76.478782, 3.481125], [-76.478773, 3.481116], [-76.478773, 3.481098], [-76.478764, 3.481089], [-76.478764, 3.481071], [-76.478755, 3.481062], [-76.478755, 3.481044], [-76.478746, 3.481035], [-76.478746, 3.481026], [-76.478737, 3.481017], [-76.478737, 3.480999], [-76.478728, 3.48099], [-76.478728, 3.480962], [-76.478719, 3.480953], [-76.478719, 3.480926], [-76.47871, 3.480917], [-76.47871, 3.480881], [-76.478701, 3.480872], [-76.478701, 3.480836], [-76.478692, 3.480827], [-76.478692, 3.480764], [-76.478683, 3.480754], [-76.478683, 3.480664], [-76.478477, 3.479742], [-76.478477, 3.47853], [-76.478473, 3.478524], [-76.478471, 3.47847], [-76.478468, 3.478406], [-76.478463, 3.478343], [-76.478459, 3.478298], [-76.478452, 3.478235], [-76.478442, 3.478164], [-76.478434, 3.478119], [-76.478421, 3.478048], [-76.478407, 3.477986], [-76.478395, 3.477933], [-76.478383, 3.47789], [-76.478366, 3.477829], [-76.478347, 3.477768], [-76.478327, 3.477708], [-76.478306, 3.477649], [-76.478283, 3.47759], [-76.478258, 3.477532], [-76.478225, 3.477458], [-76.478201, 3.477409], [-76.478164, 3.477336], [-76.478124, 3.477265], [-76.478082, 3.477196], [-76.478048, 3.477142], [-76.478013, 3.47709], [-76.477992, 3.47706], [-76.477955, 3.477009], [-76.477928, 3.476973], [-76.477883, 3.476917], [-76.477845, 3.476872], [-76.477693, 3.476698], [-76.477229, 3.476164], [-76.476965, 3.475916], [-76.476344, 3.475283], [-76.476335, 3.475274], [-76.476326, 3.475274], [-76.47629, 3.475238], [-76.476281, 3.475238], [-76.476281, 3.475229], [-76.476272, 3.47522], [-76.476263, 3.47522], [-76.476263, 3.475211], [-76.476254, 3.475202], [-76.476245, 3.475202], [-76.476236, 3.475192], [-76.476236, 3.475183], [-76.476227, 3.475183], [-76.476209, 3.475165], [-76.476209, 3.475156], [-76.4762, 3.475156], [-76.476191, 3.475147], [-76.476191, 3.475138], [-76.476182, 3.475138], [-76.476173, 3.475129], [-76.476173, 3.47512], [-76.476164, 3.475111], [-76.476155, 3.475111], [-76.476155, 3.475102], [-76.476146, 3.475093], [-76.476137, 3.475093], [-76.476128, 3.475084], [-76.476128, 3.475075], [-76.476119, 3.475066], [-76.47611, 3.475066], [-76.47611, 3.475057], [-76.476101, 3.475048], [-76.476101, 3.475039], [-76.476092, 3.475039], [-76.476083, 3.47503], [-76.476083, 3.475021], [-76.476047, 3.474984], [-76.476047, 3.474975], [-76.476038, 3.474975], [-76.476038, 3.474966], [-76.47602, 3.474948], [-76.47602, 3.474939], [-76.476011, 3.474939], [-76.476002, 3.47493], [-76.476002, 3.474921], [-76.475993, 3.474912], [-76.475993, 3.474903], [-76.475984, 3.474903], [-76.475975, 3.474894], [-76.475975, 3.474885], [-76.475966, 3.474876], [-76.475966, 3.474867], [-76.475957, 3.474867], [-76.475957, 3.474858], [-76.475939, 3.47484], [-76.475939, 3.474831], [-76.47593, 3.474831], [-76.47593, 3.474822], [-76.475921, 3.474813], [-76.475921, 3.474804], [-76.475912, 3.474795], [-76.475912, 3.474785], [-76.475903, 3.474776], [-76.475894, 3.474776], [-76.475894, 3.474767], [-76.475885, 3.474758], [-76.475885, 3.474749], [-76.475876, 3.47474], [-76.475876, 3.474731], [-76.475867, 3.474731], [-76.475867, 3.474722], [-76.475858, 3.474713], [-76.475858, 3.474704], [-76.475849, 3.474695], [-76.475849, 3.474686], [-76.475831, 3.474668], [-76.475831, 3.474659], [-76.475822, 3.47465], [-76.475822, 3.474641], [-76.475813, 3.474632], [-76.475813, 3.474623], [-76.475804, 3.474614], [-76.475804, 3.474605], [-76.475795, 3.474605], [-76.475795, 3.474587], [-76.475786, 3.474577], [-76.475786, 3.474568], [-76.475777, 3.474559], [-76.475777, 3.47455], [-76.475768, 3.474541], [-76.475768, 3.474532], [-76.475759, 3.474532], [-76.475759, 3.474514], [-76.47575, 3.474505], [-76.47575, 3.474496], [-76.475741, 3.474487], [-76.475741, 3.474469], [-76.475732, 3.47446], [-76.475732, 3.474451], [-76.475723, 3.474442], [-76.475723, 3.474433], [-76.475714, 3.474424], [-76.475714, 3.474415], [-76.475705, 3.474406], [-76.475705, 3.474388], [-76.475696, 3.474379], [-76.475696, 3.47436], [-76.475687, 3.474351], [-76.475687, 3.474333], [-76.475678, 3.474324], [-76.475678, 3.474315], [-76.475669, 3.474306], [-76.475669, 3.474288], [-76.47566, 3.474279], [-76.47566, 3.474261], [-76.475651, 3.474252], [-76.475651, 3.474234], [-76.475642, 3.474225], [-76.475642, 3.474198], [-76.475633, 3.474189], [-76.475633, 3.474171], [-76.475624, 3.474161], [-76.475624, 3.474134], [-76.475615, 3.474125], [-76.475615, 3.474107], [-76.475606, 3.474098], [-76.475606, 3.474062], [-76.475597, 3.474053], [-76.475597, 3.474026], [-76.475588, 3.474017], [-76.475588, 3.473972], [-76.475579, 3.473963], [-76.475579, 3.473926], [-76.47557, 3.473917], [-76.47557, 3.473863], [-76.475561, 3.473854], [-76.475561, 3.473782], [-76.475552, 3.473773], [-76.475552, 3.473655], [-76.475543, 3.473646], [-76.475543, 3.473465], [-76.475552, 3.473456], [-76.475552, 3.473339], [-76.475561, 3.473329], [-76.475562, 3.47257], [-76.475611, 3.471321], [-76.475616, 3.471213], [-76.475616, 3.471105], [-76.475625, 3.471096], [-76.475625, 3.470788], [-76.475616, 3.470779], [-76.475616, 3.470635], [-76.475607, 3.470626], [-76.475607, 3.470535], [-76.475598, 3.470526], [-76.475598, 3.470454], [-76.475589, 3.470445], [-76.475589, 3.47039], [-76.47558, 3.470381], [-76.47558, 3.470327], [-76.475571, 3.470318], [-76.475571, 3.470273], [-76.475562, 3.470264], [-76.475562, 3.470219], [-76.475553, 3.47021], [-76.475553, 3.470173], [-76.475544, 3.470164], [-76.475544, 3.470128], [-76.475535, 3.470119], [-76.475535, 3.470092], [-76.475526, 3.470083], [-76.475526, 3.470056], [-76.475517, 3.470047], [-76.475517, 3.470011], [-76.475508, 3.470001], [-76.475508, 3.469974], [-76.475499, 3.469965], [-76.475499, 3.46995], [-76.475499, 3.469938], [-76.47549, 3.469929], [-76.47549, 3.469902], [-76.475481, 3.469893], [-76.475481, 3.469875], [-76.475472, 3.469866], [-76.475472, 3.469839], [-76.475463, 3.46983], [-76.475463, 3.469821], [-76.475454, 3.469812], [-76.475454, 3.469784], [-76.475445, 3.469775], [-76.475445, 3.469757], [-76.475436, 3.469748], [-76.475436, 3.469721], [-76.475427, 3.469712], [-76.475427, 3.469694], [-76.475418, 3.469685], [-76.475418, 3.469667], [-76.475409, 3.469658], [-76.475409, 3.46964], [-76.4754, 3.46964], [-76.4754, 3.469622], [-76.475391, 3.469613], [-76.475391, 3.469595], [-76.475382, 3.469585], [-76.475382, 3.469567], [-76.475373, 3.469558], [-76.475373, 3.46954], [-76.475364, 3.469531], [-76.475364, 3.469522], [-76.475355, 3.469513], [-76.475355, 3.469504], [-76.475346, 3.469495], [-76.475346, 3.469477], [-76.475337, 3.469468], [-76.475337, 3.46945], [-76.475328, 3.469441], [-76.475328, 3.469432], [-76.475319, 3.469423], [-76.475319, 3.469405], [-76.475301, 3.469387], [-76.475301, 3.469368], [-76.475292, 3.469359], [-76.475292, 3.46935], [-76.475283, 3.469341], [-76.475283, 3.469323], [-76.475274, 3.469314], [-76.475274, 3.469305], [-76.475265, 3.469296], [-76.475265, 3.469287], [-76.475256, 3.469278], [-76.475256, 3.469269], [-76.475247, 3.46926], [-76.475247, 3.469251], [-76.475238, 3.469242], [-76.475238, 3.469224], [-76.475229, 3.469215], [-76.475229, 3.469206], [-76.47522, 3.469206], [-76.474896, 3.468636], [-76.474878, 3.468596], [-76.47486, 3.468563], [-76.47486, 3.468562], [-76.475869, 3.468267], [-76.47587, 3.468267], [-76.479612, 3.46709], [-76.479772, 3.467044], [-76.480244, 3.466894], [-76.48047, 3.466822], [-76.480951, 3.466663], [-76.48166, 3.466431], [-76.482061, 3.466304], [-76.483195, 3.465919], [-76.483592, 3.465784], [-76.484377, 3.465533], [-76.484397, 3.465527], [-76.484397, 3.465527], [-76.484958, 3.467335], [-76.485066, 3.467642], [-76.485749, 3.469822], [-76.485921, 3.470374], [-76.485945, 3.47045], [-76.485947, 3.470457], [-76.486125, 3.471028], [-76.486487, 3.472191], [-76.486721, 3.472897], [-76.486856, 3.473358], [-76.487186, 3.47441], [-76.487756, 3.476225], [-76.487807, 3.476377], [-76.4879, 3.47665], [-76.488088, 3.477247], [-76.488223, 3.477663], [-76.488243, 3.47772], [-76.488286, 3.477844], [-76.488333, 3.478013], [-76.488358, 3.478106], [-76.488529, 3.478648], [-76.488646, 3.47901], [-76.488736, 3.479291], [-76.48888, 3.479743], [-76.489015, 3.480195], [-76.489098, 3.480486], [-76.489141, 3.480638], [-76.489267, 3.481027], [-76.489402, 3.481579], [-76.489411, 3.481615], [-76.489564, 3.482076], [-76.489874, 3.482879], [-76.489924, 3.483007], [-76.490059, 3.483279], [-76.490167, 3.483478], [-76.490257, 3.483604], [-76.490338, 3.483722], [-76.490428, 3.48383], [-76.490545, 3.483966], [-76.490644, 3.484075], [-76.490743, 3.484174], [-76.490869, 3.484283], [-76.490905, 3.484319], [-76.490935, 3.484344], [-76.491049, 3.484436], [-76.491274, 3.484599], [-76.491373, 3.484663], [-76.491499, 3.484735], [-76.49167, 3.484816], [-76.491814, 3.48488], [-76.491949, 3.484934], [-76.492093, 3.484988], [-76.492228, 3.485033], [-76.492363, 3.485079], [-76.492507, 3.485124], [-76.492632, 3.48516], [-76.492875, 3.485223], [-76.493982, 3.485486], [-76.494279, 3.485598], [-76.494531, 3.485694], [-76.494783, 3.485811], [-76.495035, 3.485902], [-76.495267, 3.485988], [-76.495269, 3.485988], [-76.495377, 3.486029], [-76.495746, 3.486119], [-76.497069, 3.486345], [-76.497204, 3.48639], [-76.498667, 3.486848], [-76.498824, 3.486897], [-76.499589, 3.487132], [-76.499626, 3.487144], [-76.49963, 3.487145], [-76.499661, 3.487155], [-76.500377, 3.487388], [-76.500667, 3.487485], [-76.500929, 3.487582], [-76.501405, 3.487748], [-76.501929, 3.487942], [-76.502405, 3.488123], [-76.502667, 3.488206], [-76.502844, 3.488269], [-76.502949, 3.488306], [-76.50316, 3.488393], [-76.503191, 3.488405], [-76.503109, 3.488474], [-76.503046, 3.488563], [-76.503043, 3.488569], [-76.503019, 3.48861], [-76.502915, 3.488827], [-76.502814, 3.489065], [-76.502698, 3.489283], [-76.502569, 3.489602], [-76.502481, 3.489824], [-76.502397, 3.490078], [-76.502353, 3.490181], [-76.502313, 3.490277], [-76.502286, 3.490319], [-76.502236, 3.490422], [-76.502236, 3.490423], [-76.502021, 3.490646], [-76.501839, 3.490798], [-76.501706, 3.490892], [-76.501698, 3.490897], [-76.501691, 3.490902], [-76.501683, 3.490906], [-76.501675, 3.490911], [-76.501671, 3.490914], [-76.501668, 3.490916], [-76.50166, 3.490921], [-76.501653, 3.490926], [-76.501646, 3.490932], [-76.501638, 3.490937], [-76.501636, 3.490939], [-76.501566, 3.491], [-76.501448, 3.491162], [-76.501235, 3.491452], [-76.501076, 3.491725], [-76.500919, 3.491984], [-76.500807, 3.492115], [-76.500796, 3.492127], [-76.500775, 3.492158], [-76.50068, 3.492299], [-76.500654, 3.49234], [-76.500596, 3.49243], [-76.50049, 3.492579], [-76.500383, 3.492755], [-76.500274, 3.492941], [-76.500205, 3.49305], [-76.500072, 3.493268], [-76.499952, 3.493446], [-76.499934, 3.493478], [-76.499699, 3.493901], [-76.499281, 3.494603], [-76.499141, 3.494841], [-76.49913, 3.494856], [-76.499099, 3.494897], [-76.499004, 3.495017], [-76.498973, 3.495065], [-76.498932, 3.495131], [-76.498907, 3.49517], [-76.498848, 3.495262], [-76.498823, 3.495303], [-76.498815, 3.495317], [-76.498791, 3.495357], [-76.49868, 3.495491], [-76.498597, 3.495595], [-76.498547, 3.495683], [-76.498467, 3.495839], [-76.498417, 3.495953], [-76.498406, 3.495977], [-76.498334, 3.496149], [-76.498278, 3.496278], [-76.498255, 3.496338], [-76.498187, 3.496519], [-76.49812, 3.496677], [-76.498088, 3.496752], [-76.498082, 3.496763], [-76.498074, 3.49678], [-76.49797, 3.496982], [-76.497894, 3.497109], [-76.497868, 3.497154], [-76.497821, 3.497227], [-76.497748, 3.497343], [-76.497725, 3.497378], [-76.497718, 3.497389], [-76.497671, 3.49746], [-76.49766, 3.497475], [-76.497658, 3.497478], [-76.497638, 3.497507], [-76.497625, 3.497527], [-76.497602, 3.49756], [-76.497592, 3.497574], [-76.49759, 3.497577], [-76.497584, 3.497585], [-76.497575, 3.497596], [-76.49756, 3.497614], [-76.497553, 3.497623], [-76.497495, 3.497693], [-76.497495, 3.497693], [-76.497464, 3.497731], [-76.497462, 3.497735], [-76.49746, 3.497738], [-76.49743, 3.497793], [-76.497422, 3.497809], [-76.49741, 3.49783], [-76.497387, 3.497924], [-76.497386, 3.497928], [-76.497382, 3.497935], [-76.497372, 3.497983], [-76.497344, 3.498089], [-76.497334, 3.498126], [-76.49733, 3.498141], [-76.497326, 3.498155], [-76.497303, 3.498242], [-76.497301, 3.49825], [-76.4973, 3.498257], [-76.4973, 3.498257], [-76.497298, 3.498265], [-76.497298, 3.498265], [-76.497297, 3.498273], [-76.497297, 3.498273], [-76.497295, 3.49828], [-76.497295, 3.49828], [-76.497293, 3.49829], [-76.497293, 3.498292], [-76.497293, 3.498293], [-76.497291, 3.498304], [-76.497291, 3.498304], [-76.497289, 3.498314], [-76.497289, 3.498314], [-76.497286, 3.498326], [-76.497286, 3.498326], [-76.497284, 3.498338], [-76.497284, 3.498338], [-76.497282, 3.498349], [-76.497282, 3.498349], [-76.497276, 3.498379], [-76.497276, 3.498379], [-76.497271, 3.498406], [-76.497271, 3.498407], [-76.497266, 3.498433], [-76.497266, 3.498433], [-76.49726, 3.498465], [-76.49726, 3.498465], [-76.497254, 3.498493], [-76.497254, 3.498493], [-76.497249, 3.498518], [-76.497249, 3.498518], [-76.497249, 3.498522], [-76.497249, 3.498523], [-76.497249, 3.498523], [-76.497248, 3.498526], [-76.497248, 3.498526], [-76.497233, 3.498712], [-76.497233, 3.498712], [-76.497227, 3.498871], [-76.497227, 3.498871], [-76.497227, 3.498872], [-76.497227, 3.498874], [-76.497244, 3.499035], [-76.49727, 3.499234], [-76.497313, 3.499511], [-76.497315, 3.499538], [-76.497317, 3.499566], [-76.497317, 3.499593], [-76.497317, 3.499616], [-76.497317, 3.499616], [-76.497317, 3.499643], [-76.497317, 3.499643], [-76.497314, 3.499697], [-76.497314, 3.499697], [-76.497311, 3.499724], [-76.497311, 3.499725], [-76.497304, 3.499778], [-76.497304, 3.499778], [-76.4973, 3.499805], [-76.4973, 3.499805], [-76.497295, 3.499832], [-76.497295, 3.499832], [-76.497289, 3.499858], [-76.497289, 3.499858], [-76.497275, 3.499911], [-76.497268, 3.499937], [-76.497259, 3.499963], [-76.49722, 3.500086], [-76.497141, 3.500294], [-76.49711, 3.500359], [-76.497106, 3.50038], [-76.497106, 3.50038], [-76.497102, 3.500398], [-76.497102, 3.500398], [-76.497102, 3.500398], [-76.497052, 3.500477], [-76.496962, 3.50056], [-76.496833, 3.500624], [-76.49656, 3.500629], [-76.49637, 3.500687], [-76.496331, 3.500744], [-76.496301, 3.500861], [-76.496301, 3.500864], [-76.496301, 3.500865], [-76.496309, 3.50097], [-76.496365, 3.50112], [-76.49644, 3.50123], [-76.496599, 3.501362], [-76.496684, 3.501448], [-76.496738, 3.501499], [-76.496808, 3.501604], [-76.496815, 3.501617], [-76.496826, 3.501641], [-76.496834, 3.501704], [-76.496841, 3.501742], [-76.496843, 3.501768], [-76.496841, 3.501819], [-76.496841, 3.501819], [-76.496841, 3.501822], [-76.496841, 3.501823], [-76.496841, 3.501847], [-76.496831, 3.5019], [-76.496831, 3.5019], [-76.496806, 3.501948], [-76.496755, 3.501987], [-76.496704, 3.502004], [-76.496677, 3.502007], [-76.496516, 3.50201], [-76.496294, 3.501956], [-76.496112, 3.501881], [-76.496015, 3.501855], [-76.495991, 3.501849], [-76.495908, 3.501843], [-76.49587, 3.501841], [-76.495796, 3.501834], [-76.495666, 3.501843], [-76.495532, 3.501889], [-76.495501, 3.501899], [-76.495404, 3.501946], [-76.495319, 3.501986], [-76.495163, 3.502082], [-76.495046, 3.502187], [-76.495015, 3.502218], [-76.494912, 3.50233], [-76.494864, 3.50247], [-76.494865, 3.502472], [-76.494864, 3.502473], [-76.494895, 3.502578], [-76.49499, 3.502626], [-76.495306, 3.502521], [-76.495462, 3.502508], [-76.495623, 3.502561], [-76.495644, 3.502758], [-76.495644, 3.502758], [-76.495605, 3.502849], [-76.495267, 3.503114], [-76.495154, 3.503275], [-76.495016, 3.503493], [-76.494953, 3.503616], [-76.494915, 3.503702], [-76.494882, 3.503763], [-76.49479, 3.503924], [-76.494717, 3.504016], [-76.494608, 3.50409], [-76.494517, 3.504077], [-76.494457, 3.504003], [-76.494457, 3.504003], [-76.494496, 3.503867], [-76.494526, 3.50368], [-76.494526, 3.503676], [-76.494526, 3.503676], [-76.494526, 3.503676], [-76.494522, 3.503541], [-76.494465, 3.503397], [-76.494396, 3.503354], [-76.494266, 3.503364], [-76.494242, 3.503399], [-76.494219, 3.503425], [-76.494178, 3.503468], [-76.494145, 3.503496], [-76.494102, 3.503511], [-76.494068, 3.503529], [-76.494054, 3.503602], [-76.494054, 3.503602], [-76.493993, 3.503711], [-76.493954, 3.503841], [-76.493954, 3.503845], [-76.493954, 3.503845], [-76.493958, 3.504028], [-76.494002, 3.504267], [-76.494162, 3.504659], [-76.494348, 3.504899], [-76.494363, 3.504958], [-76.494377, 3.505018], [-76.494378, 3.505021], [-76.49443, 3.50516], [-76.494422, 3.505304], [-76.494422, 3.505304], [-76.494383, 3.505444], [-76.494253, 3.505544], [-76.494075, 3.505561], [-76.493911, 3.505548], [-76.493817, 3.505534], [-76.493729, 3.505518], [-76.493576, 3.505479], [-76.493576, 3.505479], [-76.493575, 3.505479], [-76.493168, 3.505532], [-76.493162, 3.505533], [-76.492873, 3.505587], [-76.492816, 3.505601], [-76.492607, 3.50565], [-76.49258, 3.505656], [-76.492315, 3.505728], [-76.491751, 3.505881], [-76.491377, 3.505592], [-76.491377, 3.505592]]]]}, "geometry_name": "the_geom", "properties": {"gid": 6, "id_comuna": 6, "nombre": "Comuna 6", "no_arboles": 15759, "area_m2": 486778.219, "cobarb_ha": 48.678, "arb_habita": 0.083, "arb_eep": 0, "m2_eep": 0, "ha_eep": 0, "arb_eep_ro": 494, "m2_eep_ron": 18045.474, "ha_eep_ron": 1.805, "arb_eec_ep": 1712, "m2_eec_ep": 50982.737, "ha_eec_ep": 5.098, "arb_eec_eq": 0, "m2_eec_eq": 0, "ha_eec_eq": 0, "arb_muerto": 0, "arb_regula": 12519, "arbol_sano": 3115, "arbol_seco": 125}}, {"type": "Feature", "id": "emc_amb_sos_car_censo_arboreo_comuna.fid--215d4958_1a10e591eea_-d2", "geometry": {"type": "MultiPolygon", "coordinates": [[[[-76.474492, 3.465172], [-76.474492, 3.465154], [-76.474501, 3.465154], [-76.474501, 3.465145], [-76.47451, 3.465136], [-76.47451, 3.465127], [-76.474519, 3.465118], [-76.474519, 3.465109], [-76.474528, 3.4651], [-76.474528, 3.465082], [-76.474546, 3.465064], [-76.474546, 3.465055], [-76.474555, 3.465046], [-76.474555, 3.465037], [-76.474564, 3.465028], [-76.474564, 3.465009], [-76.474582, 3.464991], [-76.474582, 3.464982], [-76.474591, 3.464973], [-76.474591, 3.464964], [-76.4746, 3.464955], [-76.4746, 3.464946], [-76.474609, 3.464937], [-76.474609, 3.464928], [-76.474618, 3.464928], [-76.474618, 3.46491], [-76.474627, 3.464901], [-76.474627, 3.464892], [-76.474636, 3.464883], [-76.474636, 3.464874], [-76.474654, 3.464856], [-76.474654, 3.464847], [-76.474663, 3.464838], [-76.474663, 3.464829], [-76.474664, 3.464827], [-76.474672, 3.46482], [-76.474672, 3.46481], [-76.47469, 3.464792], [-76.47469, 3.464783], [-76.474699, 3.464774], [-76.474699, 3.464765], [-76.474708, 3.464756], [-76.474708, 3.464747], [-76.474726, 3.464729], [-76.474726, 3.46472], [-76.474735, 3.464711], [-76.474735, 3.464702], [-76.474744, 3.464693], [-76.474744, 3.464684], [-76.474753, 3.464684], [-76.474753, 3.464675], [-76.474762, 3.464666], [-76.474762, 3.464657], [-76.474771, 3.464648], [-76.474771, 3.464639], [-76.474775, 3.464634], [-76.474798, 3.464612], [-76.474798, 3.464603], [-76.474807, 3.464593], [-76.474807, 3.464584], [-76.474816, 3.464584], [-76.474816, 3.464575], [-76.474825, 3.464566], [-76.474825, 3.464557], [-76.474834, 3.464548], [-76.474834, 3.464539], [-76.474843, 3.464539], [-76.474843, 3.46453], [-76.474861, 3.464512], [-76.474861, 3.464503], [-76.47487, 3.464494], [-76.47487, 3.464485], [-76.474879, 3.464485], [-76.474879, 3.464476], [-76.474888, 3.464467], [-76.474888, 3.464458], [-76.474897, 3.464449], [-76.474906, 3.464449], [-76.474906, 3.46444], [-76.474915, 3.464431], [-76.474915, 3.464422], [-76.474924, 3.464413], [-76.474924, 3.464404], [-76.474933, 3.464404], [-76.474933, 3.464395], [-76.474951, 3.464376], [-76.474951, 3.464367], [-76.474969, 3.464349], [-76.474969, 3.46434], [-76.474996, 3.464313], [-76.474996, 3.464304], [-76.475023, 3.464277], [-76.475023, 3.464268], [-76.47505, 3.464241], [-76.47505, 3.464232], [-76.475077, 3.464205], [-76.475077, 3.464196], [-76.475104, 3.464168], [-76.475104, 3.464159], [-76.47514, 3.464123], [-76.47514, 3.464114], [-76.475167, 3.464087], [-76.475167, 3.464078], [-76.475176, 3.464078], [-76.475185, 3.464069], [-76.475185, 3.46406], [-76.475194, 3.464051], [-76.475194, 3.464042], [-76.475203, 3.464042], [-76.475212, 3.464033], [-76.475212, 3.464024], [-76.475221, 3.464015], [-76.47523, 3.464015], [-76.47523, 3.464006], [-76.475266, 3.46397], [-76.475266, 3.46396], [-76.475275, 3.46396], [-76.475275, 3.463951], [-76.475311, 3.463915], [-76.475311, 3.463906], [-76.47532, 3.463906], [-76.475329, 3.463897], [-76.475329, 3.463888], [-76.475338, 3.463879], [-76.475347, 3.463879], [-76.475347, 3.46387], [-76.475363, 3.463854], [-76.475383, 3.463834], [-76.475383, 3.463825], [-76.475392, 3.463825], [-76.475401, 3.463816], [-76.475401, 3.463807], [-76.47541, 3.463798], [-76.475419, 3.463798], [-76.475428, 3.463789], [-76.475428, 3.46378], [-76.475437, 3.463771], [-76.475446, 3.463771], [-76.475446, 3.463762], [-76.475455, 3.463753], [-76.475464, 3.463753], [-76.475464, 3.463743], [-76.4755, 3.463707], [-76.475509, 3.463707], [-76.475509, 3.463698], [-76.475563, 3.463644], [-76.475572, 3.463644], [-76.475572, 3.463635], [-76.47595, 3.46327], [-76.475982, 3.463239], [-76.47622, 3.463011], [-76.476363, 3.462856], [-76.476571, 3.462631], [-76.47685, 3.462254], [-76.477012, 3.462034], [-76.477012, 3.462016], [-76.477021, 3.462007], [-76.477021, 3.461998], [-76.477039, 3.46198], [-76.477039, 3.461971], [-76.477048, 3.461962], [-76.477048, 3.461944], [-76.477057, 3.461935], [-76.477057, 3.461926], [-76.477066, 3.461917], [-76.477066, 3.461908], [-76.477075, 3.461908], [-76.477075, 3.46189], [-76.477084, 3.461881], [-76.477084, 3.461872], [-76.477093, 3.461863], [-76.477093, 3.461845], [-76.477102, 3.461836], [-76.477102, 3.461826], [-76.477111, 3.461817], [-76.477111, 3.461815], [-76.477111, 3.461808], [-76.47712, 3.461799], [-76.47712, 3.461781], [-76.477129, 3.461772], [-76.477129, 3.461754], [-76.477138, 3.461745], [-76.477138, 3.461727], [-76.477147, 3.461718], [-76.477147, 3.4617], [-76.477156, 3.461691], [-76.477156, 3.461673], [-76.477165, 3.461664], [-76.477165, 3.461655], [-76.477174, 3.461646], [-76.477174, 3.461618], [-76.477183, 3.461609], [-76.477183, 3.461591], [-76.477192, 3.461582], [-76.477192, 3.461555], [-76.477201, 3.461546], [-76.477201, 3.46151], [-76.47721, 3.461501], [-76.47721, 3.461474], [-76.477219, 3.461465], [-76.477219, 3.461429], [-76.477228, 3.46142], [-76.477228, 3.461374], [-76.477232, 3.46137], [-76.477237, 3.461365], [-76.477237, 3.461329], [-76.477246, 3.46132], [-76.477246, 3.461308], [-76.477246, 3.461257], [-76.477255, 3.461248], [-76.477255, 3.461139], [-76.477264, 3.46113], [-76.477264, 3.460922], [-76.477255, 3.460913], [-76.477255, 3.460805], [-76.477246, 3.460796], [-76.477246, 3.460736], [-76.477246, 3.460732], [-76.477237, 3.460723], [-76.477237, 3.460678], [-76.477228, 3.460669], [-76.477228, 3.460624], [-76.477219, 3.460615], [-76.477219, 3.460578], [-76.47721, 3.460569], [-76.47721, 3.460542], [-76.477201, 3.460533], [-76.477201, 3.460497], [-76.477192, 3.460488], [-76.477192, 3.46047], [-76.477183, 3.460461], [-76.477183, 3.460443], [-76.477174, 3.460434], [-76.477174, 3.460407], [-76.477165, 3.460398], [-76.477165, 3.46038], [-76.477156, 3.46037], [-76.477156, 3.460352], [-76.477147, 3.460343], [-76.477147, 3.460325], [-76.477138, 3.460316], [-76.477138, 3.460298], [-76.477129, 3.460289], [-76.477129, 3.460271], [-76.47712, 3.460271], [-76.47712, 3.460253], [-76.477111, 3.460244], [-76.477111, 3.460235], [-76.477102, 3.460226], [-76.477102, 3.460208], [-76.477093, 3.460199], [-76.477093, 3.460181], [-76.476894, 3.459755], [-76.47688, 3.459724], [-76.476814, 3.459584], [-76.476805, 3.459575], [-76.476805, 3.459557], [-76.476796, 3.459548], [-76.476796, 3.459529], [-76.476787, 3.45952], [-76.476787, 3.459511], [-76.476778, 3.459502], [-76.476778, 3.459484], [-76.476769, 3.459475], [-76.476769, 3.459457], [-76.47676, 3.459448], [-76.47676, 3.45943], [-76.476751, 3.459421], [-76.476751, 3.459403], [-76.476742, 3.459394], [-76.476742, 3.459367], [-76.476733, 3.459358], [-76.476733, 3.459349], [-76.476724, 3.459339], [-76.476724, 3.459321], [-76.476715, 3.459312], [-76.476715, 3.459294], [-76.476706, 3.459285], [-76.476706, 3.459267], [-76.476697, 3.459258], [-76.476697, 3.45924], [-76.476688, 3.459231], [-76.476688, 3.459204], [-76.476679, 3.459195], [-76.476679, 3.459186], [-76.47667, 3.459177], [-76.47667, 3.459159], [-76.476661, 3.45915], [-76.476661, 3.459131], [-76.476652, 3.459122], [-76.476652, 3.459095], [-76.476643, 3.459086], [-76.476643, 3.459068], [-76.476634, 3.459059], [-76.476634, 3.459041], [-76.476625, 3.459032], [-76.476625, 3.459014], [-76.476616, 3.459005], [-76.476616, 3.458987], [-76.476607, 3.458978], [-76.476607, 3.45896], [-76.476598, 3.458951], [-76.476598, 3.458933], [-76.476589, 3.458923], [-76.476589, 3.458896], [-76.47658, 3.458887], [-76.47658, 3.458869], [-76.476571, 3.45886], [-76.476571, 3.458833], [-76.476562, 3.458824], [-76.476562, 3.458815], [-76.476553, 3.458806], [-76.476553, 3.458788], [-76.476544, 3.458779], [-76.476544, 3.458752], [-76.476535, 3.458743], [-76.476535, 3.458725], [-76.476527, 3.458716], [-76.476526, 3.458715], [-76.476526, 3.458688], [-76.476517, 3.458679], [-76.476517, 3.458661], [-76.476508, 3.458652], [-76.476508, 3.458625], [-76.476499, 3.458616], [-76.476499, 3.458598], [-76.47649, 3.458589], [-76.47649, 3.458571], [-76.476481, 3.458562], [-76.476481, 3.458535], [-76.476472, 3.458526], [-76.476472, 3.458507], [-76.476463, 3.458498], [-76.476463, 3.458471], [-76.476454, 3.458462], [-76.476454, 3.458435], [-76.476445, 3.458426], [-76.476445, 3.458408], [-76.476436, 3.458399], [-76.476436, 3.458381], [-76.476427, 3.458372], [-76.476427, 3.458345], [-76.476418, 3.458336], [-76.476418, 3.458309], [-76.476409, 3.458299], [-76.476409, 3.458281], [-76.4764, 3.458272], [-76.4764, 3.457639], [-76.4764, 3.457504], [-76.4764, 3.457465], [-76.4764, 3.457347], [-76.4764, 3.457146], [-76.4764, 3.457145], [-76.4764, 3.457142], [-76.476382, 3.456473], [-76.476382, 3.456465], [-76.476366, 3.456329], [-76.476302, 3.455758], [-76.476248, 3.455623], [-76.47621, 3.455354], [-76.476197, 3.455257], [-76.476185, 3.45517], [-76.475942, 3.454628], [-76.475809, 3.454304], [-76.475708, 3.454058], [-76.4756, 3.453524], [-76.4756, 3.453347], [-76.4756, 3.453221], [-76.475744, 3.452054], [-76.475816, 3.451322], [-76.475816, 3.451318], [-76.475816, 3.451303], [-76.475825, 3.451294], [-76.475825, 3.451291], [-76.475825, 3.451267], [-76.475834, 3.451258], [-76.475834, 3.451255], [-76.475834, 3.45124], [-76.475843, 3.451231], [-76.475843, 3.451227], [-76.475843, 3.451213], [-76.475852, 3.451204], [-76.475852, 3.4512], [-76.475852, 3.451177], [-76.475861, 3.451177], [-76.475861, 3.451173], [-76.475861, 3.45115], [-76.47587, 3.451141], [-76.47587, 3.451137], [-76.47587, 3.451105], [-76.475879, 3.451095], [-76.475879, 3.451092], [-76.475879, 3.451059], [-76.475888, 3.45105], [-76.475888, 3.451047], [-76.475888, 3.451005], [-76.475897, 3.450996], [-76.475897, 3.450992], [-76.475897, 3.450933], [-76.475906, 3.450924], [-76.475906, 3.45092], [-76.475906, 3.450815], [-76.475915, 3.450806], [-76.475915, 3.450802], [-76.475915, 3.450698], [-76.475915, 3.450694], [-76.475906, 3.450685], [-76.475906, 3.450571], [-76.475906, 3.450567], [-76.475897, 3.450558], [-76.475897, 3.450499], [-76.475897, 3.450495], [-76.475892, 3.45049], [-76.475891, 3.450482], [-76.475889, 3.450473], [-76.475889, 3.450473], [-76.475888, 3.450463], [-76.475888, 3.450441], [-76.475879, 3.450432], [-76.475879, 3.450395], [-76.47587, 3.450386], [-76.47587, 3.45035], [-76.475861, 3.450341], [-76.475861, 3.450323], [-76.475852, 3.450314], [-76.475852, 3.450296], [-76.475843, 3.450287], [-76.475843, 3.45026], [-76.475834, 3.450251], [-76.475834, 3.450233], [-76.475825, 3.450224], [-76.475825, 3.450206], [-76.475816, 3.450197], [-76.475816, 3.450178], [-76.475807, 3.450169], [-76.475807, 3.450151], [-76.475798, 3.450151], [-76.475798, 3.450133], [-76.475789, 3.450124], [-76.475789, 3.450106], [-76.475694, 3.449974], [-76.475673, 3.449944], [-76.475731, 3.449902], [-76.47576, 3.449882], [-76.475879, 3.449796], [-76.475978, 3.449724], [-76.475985, 3.449719], [-76.476022, 3.449692], [-76.476059, 3.449665], [-76.47609, 3.449643], [-76.476096, 3.449638], [-76.476221, 3.449566], [-76.476278, 3.449528], [-76.476406, 3.449483], [-76.476421, 3.449478], [-76.476573, 3.449435], [-76.476645, 3.449398], [-76.47665, 3.449395], [-76.476683, 3.449378], [-76.476778, 3.449312], [-76.476787, 3.449304], [-76.47679, 3.449301], [-76.476792, 3.449299], [-76.476866, 3.449206], [-76.476897, 3.449167], [-76.476914, 3.449146], [-76.476968, 3.449063], [-76.476969, 3.449063], [-76.47697, 3.449061], [-76.476971, 3.449059], [-76.476974, 3.449054], [-76.477071, 3.448907], [-76.477136, 3.448798], [-76.477184, 3.44873], [-76.477241, 3.448691], [-76.477325, 3.448624], [-76.477416, 3.44855], [-76.47768, 3.448367], [-76.477783, 3.448308], [-76.477917, 3.448232], [-76.478223, 3.44808], [-76.478443, 3.447976], [-76.478464, 3.447967], [-76.478465, 3.447966], [-76.478469, 3.447966], [-76.4786, 3.447913], [-76.478947, 3.447781], [-76.479056, 3.447753], [-76.479119, 3.447737], [-76.479254, 3.447673], [-76.479396, 3.447594], [-76.47941, 3.447586], [-76.479418, 3.447582], [-76.4801, 3.447213], [-76.480154, 3.447158], [-76.480235, 3.447077], [-76.480262, 3.446978], [-76.48028, 3.446932], [-76.480316, 3.44686], [-76.480379, 3.446761], [-76.480415, 3.446715], [-76.48046, 3.44667], [-76.480532, 3.446589], [-76.480838, 3.446236], [-76.480856, 3.446209], [-76.480937, 3.4461], [-76.480982, 3.445974], [-76.481126, 3.445603], [-76.481162, 3.445504], [-76.481288, 3.445178], [-76.481333, 3.445042], [-76.481378, 3.444934], [-76.481396, 3.444898], [-76.481414, 3.444862], [-76.481432, 3.444834], [-76.48145, 3.444816], [-76.481468, 3.444798], [-76.481486, 3.44478], [-76.481513, 3.444771], [-76.481531, 3.444753], [-76.481585, 3.444735], [-76.481621, 3.444735], [-76.481648, 3.444726], [-76.48172, 3.444717], [-76.482134, 3.444645], [-76.482251, 3.444627], [-76.482332, 3.444618], [-76.482467, 3.44459], [-76.482512, 3.44459], [-76.48262, 3.444572], [-76.483538, 3.444509], [-76.483794, 3.444496], [-76.483852, 3.444493], [-76.484081, 3.444482], [-76.484101, 3.444371], [-76.484101, 3.44436], [-76.484106, 3.444325], [-76.484108, 3.444254], [-76.484126, 3.444248], [-76.484168, 3.444234], [-76.484328, 3.44418], [-76.484406, 3.444153], [-76.484441, 3.444142], [-76.484446, 3.44414], [-76.484549, 3.444105], [-76.484625, 3.44408], [-76.484635, 3.444076], [-76.484696, 3.444056], [-76.484781, 3.444027], [-76.484824, 3.444012], [-76.484868, 3.443998], [-76.484947, 3.443971], [-76.485034, 3.443942], [-76.485036, 3.443941], [-76.485071, 3.443928], [-76.485137, 3.443904], [-76.485262, 3.443858], [-76.485321, 3.443836], [-76.485412, 3.443803], [-76.485595, 3.443736], [-76.485683, 3.443703], [-76.485906, 3.443621], [-76.485977, 3.443595], [-76.486211, 3.443509], [-76.486212, 3.443509], [-76.486247, 3.443497], [-76.486526, 3.4434], [-76.486616, 3.443368], [-76.486858, 3.443284], [-76.486929, 3.443325], [-76.487108, 3.443428], [-76.487365, 3.443512], [-76.487481, 3.443554], [-76.487633, 3.443626], [-76.487761, 3.443694], [-76.487916, 3.443772], [-76.488065, 3.443826], [-76.488327, 3.443901], [-76.488461, 3.443961], [-76.488616, 3.444051], [-76.488821, 3.444147], [-76.489045, 3.444242], [-76.489244, 3.444344], [-76.489366, 3.444374], [-76.489483, 3.444377], [-76.489655, 3.44435], [-76.48993, 3.444264], [-76.490129, 3.444192], [-76.49032, 3.44412], [-76.490509, 3.444053], [-76.490817, 3.443934], [-76.490859, 3.443921], [-76.490398, 3.444926], [-76.490372, 3.444981], [-76.490122, 3.445529], [-76.489939, 3.445929], [-76.489804, 3.446221], [-76.489792, 3.446248], [-76.489735, 3.446382], [-76.489608, 3.446579], [-76.489433, 3.446862], [-76.489373, 3.446958], [-76.489274, 3.447111], [-76.48888, 3.44772], [-76.48871, 3.448018], [-76.487729, 3.449755], [-76.487648, 3.449898], [-76.487288, 3.450536], [-76.48723, 3.450642], [-76.486767, 3.451497], [-76.486749, 3.451531], [-76.486393, 3.452296], [-76.486416, 3.452297], [-76.486659, 3.452305], [-76.487013, 3.45232], [-76.487522, 3.45235], [-76.487914, 3.452365], [-76.488201, 3.452402], [-76.488593, 3.452476], [-76.489375, 3.452587], [-76.489811, 3.452647], [-76.490008, 3.452658], [-76.490064, 3.452658], [-76.490065, 3.452658], [-76.49008, 3.452658], [-76.490765, 3.452761], [-76.49098, 3.452794], [-76.491115, 3.452812], [-76.491205, 3.452812], [-76.491367, 3.452821], [-76.491529, 3.452812], [-76.491691, 3.452803], [-76.491853, 3.452794], [-76.492231, 3.452776], [-76.49269, 3.45274], [-76.492755, 3.452726], [-76.492789, 3.452721], [-76.492992, 3.45271], [-76.493363, 3.452683], [-76.493828, 3.452658], [-76.494267, 3.452637], [-76.49457, 3.452616], [-76.494914, 3.452599], [-76.495125, 3.45259], [-76.495486, 3.452578], [-76.495499, 3.452578], [-76.495508, 3.452577], [-76.495517, 3.452577], [-76.495526, 3.452577], [-76.495535, 3.452577], [-76.495544, 3.452577], [-76.495553, 3.452577], [-76.495562, 3.452577], [-76.495571, 3.452577], [-76.49558, 3.452577], [-76.495589, 3.452577], [-76.495598, 3.452577], [-76.495607, 3.452576], [-76.495616, 3.452576], [-76.495625, 3.452576], [-76.495634, 3.452576], [-76.495643, 3.452576], [-76.495652, 3.452576], [-76.495661, 3.452576], [-76.495665, 3.452576], [-76.49567, 3.452576], [-76.495679, 3.452576], [-76.495688, 3.452576], [-76.495697, 3.452576], [-76.495706, 3.452576], [-76.495715, 3.452576], [-76.495724, 3.452576], [-76.495733, 3.452576], [-76.495742, 3.452576], [-76.495751, 3.452576], [-76.49576, 3.452576], [-76.495769, 3.452576], [-76.495778, 3.452576], [-76.495787, 3.452577], [-76.495796, 3.452577], [-76.495805, 3.452577], [-76.495814, 3.452577], [-76.495823, 3.452577], [-76.495832, 3.452577], [-76.495841, 3.452577], [-76.49585, 3.452577], [-76.495859, 3.452577], [-76.495868, 3.452577], [-76.495877, 3.452577], [-76.495886, 3.452578], [-76.495895, 3.452578], [-76.495904, 3.452578], [-76.495913, 3.452578], [-76.495922, 3.452578], [-76.495931, 3.452578], [-76.49594, 3.452579], [-76.495949, 3.452579], [-76.495958, 3.452579], [-76.495967, 3.452579], [-76.495976, 3.452579], [-76.495985, 3.452579], [-76.495994, 3.45258], [-76.496003, 3.45258], [-76.496012, 3.45258], [-76.496021, 3.45258], [-76.49603, 3.452581], [-76.496039, 3.452581], [-76.496048, 3.452581], [-76.496057, 3.452581], [-76.496066, 3.452582], [-76.496075, 3.452582], [-76.496084, 3.452582], [-76.496093, 3.452582], [-76.496102, 3.452583], [-76.496111, 3.452583], [-76.49612, 3.452583], [-76.496129, 3.452583], [-76.496138, 3.452584], [-76.496147, 3.452584], [-76.496156, 3.452584], [-76.496165, 3.452585], [-76.496174, 3.452585], [-76.496183, 3.452585], [-76.496192, 3.452586], [-76.496201, 3.452586], [-76.49621, 3.452586], [-76.496219, 3.452584], [-76.496358, 3.452586], [-76.496506, 3.452595], [-76.496515, 3.452595], [-76.496587, 3.452595], [-76.496711, 3.452607], [-76.496776, 3.452613], [-76.497225, 3.45265], [-76.497399, 3.452661], [-76.497621, 3.452677], [-76.497711, 3.452686], [-76.498113, 3.452718], [-76.498424, 3.452743], [-76.498494, 3.452749], [-76.498558, 3.45275], [-76.498617, 3.452751], [-76.499028, 3.452756], [-76.499178, 3.452758], [-76.499376, 3.452758], [-76.499592, 3.452767], [-76.499799, 3.452767], [-76.50051, 3.452786], [-76.500897, 3.452795], [-76.501464, 3.452849], [-76.50154, 3.452856], [-76.501662, 3.452867], [-76.501716, 3.452867], [-76.501878, 3.452894], [-76.503552, 3.453202], [-76.504011, 3.453283], [-76.504326, 3.453319], [-76.504542, 3.453329], [-76.504749, 3.453338], [-76.505154, 3.453347], [-76.505256, 3.453357], [-76.505514, 3.453383], [-76.506504, 3.453528], [-76.508878, 3.453887], [-76.509492, 3.45398], [-76.509527, 3.453985], [-76.509536, 3.454045], [-76.509546, 3.454116], [-76.509598, 3.454412], [-76.509635, 3.454622], [-76.509689, 3.454848], [-76.509689, 3.454848], [-76.509693, 3.454864], [-76.50971, 3.454944], [-76.509732, 3.455048], [-76.509736, 3.455091], [-76.509771, 3.455265], [-76.509817, 3.455446], [-76.509879, 3.455692], [-76.509924, 3.45587], [-76.509951, 3.455965], [-76.50999, 3.456108], [-76.51028, 3.457161], [-76.510286, 3.457184], [-76.510306, 3.457265], [-76.51032, 3.457322], [-76.510238, 3.457349], [-76.510062, 3.457405], [-76.509537, 3.457571], [-76.50929, 3.45765], [-76.508923, 3.457765], [-76.508588, 3.457869], [-76.508125, 3.458013], [-76.507727, 3.458135], [-76.507423, 3.458225], [-76.507149, 3.4583], [-76.506898, 3.458375], [-76.506698, 3.458437], [-76.506674, 3.458445], [-76.506674, 3.458445], [-76.506608, 3.458466], [-76.506508, 3.458501], [-76.506411, 3.458529], [-76.506319, 3.458559], [-76.505935, 3.458678], [-76.505908, 3.458689], [-76.505703, 3.458757], [-76.505543, 3.458811], [-76.505188, 3.458922], [-76.504723, 3.459071], [-76.504586, 3.459112], [-76.504341, 3.45919], [-76.504275, 3.459211], [-76.503951, 3.459314], [-76.503701, 3.459394], [-76.503612, 3.459423], [-76.503447, 3.459482], [-76.503406, 3.459494], [-76.503167, 3.459568], [-76.502642, 3.459729], [-76.502392, 3.459814], [-76.502133, 3.459895], [-76.501936, 3.459956], [-76.50175, 3.460017], [-76.501627, 3.460056], [-76.501622, 3.460058], [-76.501573, 3.460074], [-76.501462, 3.460112], [-76.501133, 3.460215], [-76.500885, 3.460294], [-76.500543, 3.460401], [-76.500387, 3.460449], [-76.500259, 3.460488], [-76.500097, 3.460539], [-76.499896, 3.460603], [-76.499692, 3.460668], [-76.499498, 3.460729], [-76.499399, 3.460758], [-76.49914, 3.460841], [-76.498899, 3.460919], [-76.498646, 3.460998], [-76.498531, 3.461036], [-76.498439, 3.461066], [-76.498362, 3.46109], [-76.498148, 3.461158], [-76.498013, 3.461201], [-76.497861, 3.461248], [-76.497787, 3.461272], [-76.497492, 3.461365], [-76.497134, 3.461479], [-76.496777, 3.461591], [-76.49642, 3.461704], [-76.496272, 3.461751], [-76.496064, 3.461817], [-76.495708, 3.461931], [-76.495352, 3.462043], [-76.494996, 3.46216], [-76.494856, 3.462199], [-76.494811, 3.462213], [-76.49476, 3.462229], [-76.49463, 3.462271], [-76.494359, 3.462359], [-76.494227, 3.462401], [-76.494, 3.46247], [-76.493799, 3.462533], [-76.493334, 3.462684], [-76.492938, 3.462809], [-76.492485, 3.462954], [-76.492376, 3.462989], [-76.492159, 3.463053], [-76.491594, 3.463232], [-76.490884, 3.463459], [-76.490385, 3.463619], [-76.490067, 3.46372], [-76.489642, 3.463854], [-76.488748, 3.464135], [-76.48873, 3.464141], [-76.488689, 3.464154], [-76.487309, 3.464592], [-76.48729, 3.464598], [-76.485894, 3.465048], [-76.485216, 3.465264], [-76.484584, 3.465464], [-76.484413, 3.465521], [-76.484397, 3.465527], [-76.484397, 3.465527], [-76.484377, 3.465533], [-76.483592, 3.465784], [-76.483195, 3.465919], [-76.482061, 3.466304], [-76.48166, 3.466431], [-76.480951, 3.466663], [-76.48047, 3.466822], [-76.480244, 3.466894], [-76.479772, 3.467044], [-76.479612, 3.46709], [-76.47587, 3.468267], [-76.475869, 3.468267], [-76.47486, 3.468562], [-76.474843, 3.468532], [-76.474828, 3.468505], [-76.474578, 3.468051], [-76.474491, 3.467894], [-76.474448, 3.467804], [-76.474359, 3.46762], [-76.474276, 3.467469], [-76.47426, 3.467435], [-76.474187, 3.467278], [-76.474182, 3.467268], [-76.47408, 3.467051], [-76.474026, 3.466925], [-76.473984, 3.466829], [-76.473925, 3.466626], [-76.473918, 3.4665], [-76.473913, 3.466411], [-76.473931, 3.466304], [-76.473949, 3.466201], [-76.47399, 3.466064], [-76.474006, 3.46604], [-76.474127, 3.46586], [-76.47424, 3.465681], [-76.474356, 3.46548], [-76.474365, 3.465462], [-76.474374, 3.465453], [-76.474374, 3.465434], [-76.474383, 3.465425], [-76.474383, 3.465407], [-76.474392, 3.465398], [-76.474392, 3.465389], [-76.474401, 3.46538], [-76.474401, 3.465362], [-76.47441, 3.465353], [-76.47441, 3.465344], [-76.474419, 3.465335], [-76.474419, 3.465326], [-76.474429, 3.465317], [-76.474429, 3.465299], [-76.474437, 3.46529], [-76.474437, 3.465281], [-76.474446, 3.465272], [-76.474446, 3.465254], [-76.474464, 3.465236], [-76.474464, 3.465226], [-76.474474, 3.465217], [-76.474474, 3.465199], [-76.474483, 3.46519], [-76.474483, 3.465181], [-76.474492, 3.465172]]]]}, "geometry_name": "the_geom", "properties": {"gid": 7, "id_comuna": 7, "nombre": "Comuna 7", "no_arboles": 12169, "area_m2": 527928.911, "cobarb_ha": 52.793, "arb_habita": 0.171, "arb_eep": 0, "m2_eep": 0, "ha_eep": 0, "arb_eep_ro": 277, "m2_eep_ron": 8467.228, "ha_eep_ron": 0.847, "arb_eec_ep": 259, "m2_eec_ep": 22497.058, "ha_eec_ep": 2.25, "arb_eec_eq": 1763, "m2_eec_eq": 58636.145, "ha_eec_eq": 5.864, "arb_muerto": 1, "arb_regula": 9744, "arbol_sano": 2300, "arbol_seco": 124}}, {"type": "Feature", "id": "emc_amb_sos_car_censo_arboreo_comuna.fid--215d4958_1a10e591eea_-d1", "geometry": {"type": "MultiPolygon", "coordinates": [[[[-76.508878, 3.453887], [-76.506504, 3.453528], [-76.505514, 3.453383], [-76.505256, 3.453357], [-76.505154, 3.453347], [-76.504749, 3.453338], [-76.504542, 3.453329], [-76.504326, 3.453319], [-76.504011, 3.453283], [-76.503552, 3.453202], [-76.501878, 3.452894], [-76.501716, 3.452867], [-76.501662, 3.452867], [-76.50154, 3.452856], [-76.501464, 3.452849], [-76.500897, 3.452795], [-76.50051, 3.452786], [-76.499799, 3.452767], [-76.499592, 3.452767], [-76.499376, 3.452758], [-76.499178, 3.452758], [-76.499028, 3.452756], [-76.498617, 3.452751], [-76.498558, 3.45275], [-76.498494, 3.452749], [-76.498424, 3.452743], [-76.498113, 3.452718], [-76.497711, 3.452686], [-76.497621, 3.452677], [-76.497399, 3.452661], [-76.497225, 3.45265], [-76.496776, 3.452613], [-76.496711, 3.452607], [-76.496587, 3.452595], [-76.496515, 3.452595], [-76.496506, 3.452595], [-76.496358, 3.452586], [-76.496219, 3.452584], [-76.49621, 3.452586], [-76.496201, 3.452586], [-76.496192, 3.452586], [-76.496183, 3.452585], [-76.496174, 3.452585], [-76.496165, 3.452585], [-76.496156, 3.452584], [-76.496147, 3.452584], [-76.496138, 3.452584], [-76.496129, 3.452583], [-76.49612, 3.452583], [-76.496111, 3.452583], [-76.496102, 3.452583], [-76.496093, 3.452582], [-76.496084, 3.452582], [-76.496075, 3.452582], [-76.496066, 3.452582], [-76.496057, 3.452581], [-76.496048, 3.452581], [-76.496039, 3.452581], [-76.49603, 3.452581], [-76.496021, 3.45258], [-76.496012, 3.45258], [-76.496003, 3.45258], [-76.495994, 3.45258], [-76.495985, 3.452579], [-76.495976, 3.452579], [-76.495967, 3.452579], [-76.495958, 3.452579], [-76.495949, 3.452579], [-76.49594, 3.452579], [-76.495931, 3.452578], [-76.495922, 3.452578], [-76.495913, 3.452578], [-76.495904, 3.452578], [-76.495895, 3.452578], [-76.495886, 3.452578], [-76.495877, 3.452577], [-76.495868, 3.452577], [-76.495859, 3.452577], [-76.49585, 3.452577], [-76.495841, 3.452577], [-76.495832, 3.452577], [-76.495823, 3.452577], [-76.495814, 3.452577], [-76.495805, 3.452577], [-76.495796, 3.452577], [-76.495787, 3.452577], [-76.495778, 3.452576], [-76.495769, 3.452576], [-76.49576, 3.452576], [-76.495751, 3.452576], [-76.495742, 3.452576], [-76.495733, 3.452576], [-76.495724, 3.452576], [-76.495715, 3.452576], [-76.495706, 3.452576], [-76.495697, 3.452576], [-76.495688, 3.452576], [-76.495679, 3.452576], [-76.49567, 3.452576], [-76.495665, 3.452576], [-76.495661, 3.452576], [-76.495652, 3.452576], [-76.495643, 3.452576], [-76.495634, 3.452576], [-76.495625, 3.452576], [-76.495616, 3.452576], [-76.495607, 3.452576], [-76.495598, 3.452577], [-76.495589, 3.452577], [-76.49558, 3.452577], [-76.495571, 3.452577], [-76.495562, 3.452577], [-76.495553, 3.452577], [-76.495544, 3.452577], [-76.495535, 3.452577], [-76.495526, 3.452577], [-76.495517, 3.452577], [-76.495508, 3.452577], [-76.495499, 3.452578], [-76.495486, 3.452578], [-76.495125, 3.45259], [-76.494914, 3.452599], [-76.49457, 3.452616], [-76.494267, 3.452637], [-76.493828, 3.452658], [-76.493363, 3.452683], [-76.492992, 3.45271], [-76.492789, 3.452721], [-76.492755, 3.452726], [-76.49269, 3.45274], [-76.492231, 3.452776], [-76.491853, 3.452794], [-76.491691, 3.452803], [-76.491529, 3.452812], [-76.491367, 3.452821], [-76.491205, 3.452812], [-76.491115, 3.452812], [-76.49098, 3.452794], [-76.490765, 3.452761], [-76.49008, 3.452658], [-76.490065, 3.452658], [-76.490064, 3.452658], [-76.490008, 3.452658], [-76.489811, 3.452647], [-76.489375, 3.452587], [-76.488593, 3.452476], [-76.488201, 3.452402], [-76.487914, 3.452365], [-76.487522, 3.45235], [-76.487013, 3.45232], [-76.486659, 3.452305], [-76.486416, 3.452297], [-76.486393, 3.452296], [-76.486749, 3.451531], [-76.486767, 3.451497], [-76.48723, 3.450642], [-76.487288, 3.450536], [-76.487648, 3.449898], [-76.487729, 3.449755], [-76.48871, 3.448018], [-76.48888, 3.44772], [-76.489274, 3.447111], [-76.489373, 3.446958], [-76.489433, 3.446862], [-76.489608, 3.446579], [-76.489735, 3.446382], [-76.489792, 3.446248], [-76.489804, 3.446221], [-76.489939, 3.445929], [-76.490122, 3.445529], [-76.490372, 3.444981], [-76.490398, 3.444926], [-76.490859, 3.443921], [-76.49086, 3.443921], [-76.49087, 3.443917], [-76.491041, 3.443865], [-76.491155, 3.443816], [-76.492552, 3.443328], [-76.493249, 3.443085], [-76.493216, 3.442947], [-76.493171, 3.442791], [-76.493142, 3.442718], [-76.493029, 3.44238], [-76.493016, 3.44231], [-76.493016, 3.44231], [-76.49341, 3.442177], [-76.49347, 3.442156], [-76.493511, 3.442142], [-76.494413, 3.44183], [-76.495648, 3.441389], [-76.495652, 3.441388], [-76.495555, 3.44112], [-76.495491, 3.440945], [-76.495312, 3.440451], [-76.49603, 3.440199], [-76.496168, 3.440148], [-76.497488, 3.439684], [-76.497499, 3.43968], [-76.497745, 3.440397], [-76.49774, 3.440442], [-76.497727, 3.440557], [-76.497722, 3.440595], [-76.497714, 3.440673], [-76.497704, 3.440785], [-76.497694, 3.440856], [-76.497673, 3.441044], [-76.497639, 3.44129], [-76.497623, 3.441407], [-76.497602, 3.44156], [-76.497581, 3.441717], [-76.497568, 3.441871], [-76.497568, 3.441897], [-76.497561, 3.441964], [-76.497549, 3.442115], [-76.497541, 3.442183], [-76.497525, 3.442332], [-76.497521, 3.44237], [-76.497478, 3.44281], [-76.497469, 3.442865], [-76.497994, 3.442942], [-76.498145, 3.442962], [-76.498146, 3.442962], [-76.498147, 3.442945], [-76.498153, 3.44291], [-76.498153, 3.442861], [-76.498157, 3.442811], [-76.498159, 3.442783], [-76.498162, 3.442783], [-76.498789, 3.442861], [-76.499188, 3.44291], [-76.499359, 3.442937], [-76.499467, 3.442946], [-76.499728, 3.442973], [-76.500322, 3.443046], [-76.500457, 3.443064], [-76.500646, 3.443091], [-76.500934, 3.443127], [-76.501024, 3.443136], [-76.501411, 3.443191], [-76.501528, 3.4432], [-76.501897, 3.443245], [-76.502023, 3.443263], [-76.502554, 3.443335], [-76.502685, 3.443353], [-76.50268, 3.443339], [-76.502679, 3.443335], [-76.502599, 3.443081], [-76.502494, 3.442774], [-76.502313, 3.442285], [-76.502141, 3.441766], [-76.50209, 3.44162], [-76.50196, 3.441246], [-76.501772, 3.440725], [-76.501658, 3.440383], [-76.501587, 3.440162], [-76.501587, 3.440162], [-76.501625, 3.440149], [-76.502681, 3.439791], [-76.502861, 3.439719], [-76.504923, 3.439004], [-76.505004, 3.438976], [-76.505434, 3.438826], [-76.505929, 3.438654], [-76.506982, 3.438282], [-76.507485, 3.43811], [-76.507891, 3.437982], [-76.508117, 3.43791], [-76.508257, 3.437871], [-76.50835, 3.437844], [-76.50836, 3.437842], [-76.508412, 3.437827], [-76.508376, 3.437677], [-76.508354, 3.437589], [-76.508332, 3.43753], [-76.508233, 3.437141], [-76.508197, 3.437024], [-76.508128, 3.436746], [-76.508098, 3.436626], [-76.508083, 3.436566], [-76.508071, 3.436517], [-76.507936, 3.43602], [-76.507927, 3.435966], [-76.509695, 3.435506], [-76.509546, 3.434888], [-76.511259, 3.434422], [-76.511263, 3.434421], [-76.511392, 3.434555], [-76.511509, 3.434673], [-76.511617, 3.434781], [-76.511833, 3.434998], [-76.511941, 3.435125], [-76.512094, 3.435333], [-76.51213, 3.435369], [-76.512238, 3.435514], [-76.512445, 3.435875], [-76.513012, 3.436617], [-76.513014, 3.436617], [-76.513211, 3.436569], [-76.513273, 3.436554], [-76.51366, 3.436472], [-76.513867, 3.436436], [-76.51402, 3.436418], [-76.514281, 3.436373], [-76.514866, 3.436292], [-76.515621, 3.436192], [-76.515855, 3.436156], [-76.516026, 3.436129], [-76.516539, 3.436057], [-76.516791, 3.43602], [-76.517997, 3.435858], [-76.519077, 3.435713], [-76.519311, 3.435677], [-76.519381, 3.435668], [-76.51938, 3.435675], [-76.519358, 3.435901], [-76.519082, 3.438392], [-76.518849, 3.440527], [-76.518653, 3.442322], [-76.518589, 3.443004], [-76.518493, 3.44374], [-76.518403, 3.444556], [-76.518392, 3.444726], [-76.518381, 3.444897], [-76.518078, 3.447665], [-76.517973, 3.448755], [-76.517941, 3.449077], [-76.51798, 3.450205], [-76.518127, 3.451343], [-76.518185, 3.451676], [-76.518341, 3.452245], [-76.518488, 3.45275], [-76.518556, 3.452989], [-76.518668, 3.453378], [-76.518995, 3.454388], [-76.519052, 3.454637], [-76.518993, 3.454533], [-76.518972, 3.454478], [-76.518946, 3.454404], [-76.518919, 3.454333], [-76.518896, 3.454277], [-76.518866, 3.454227], [-76.51883, 3.454158], [-76.51882, 3.454144], [-76.518815, 3.454137], [-76.51881, 3.454129], [-76.518805, 3.454122], [-76.5188, 3.454115], [-76.518794, 3.454107], [-76.518789, 3.4541], [-76.518783, 3.454093], [-76.518778, 3.454086], [-76.518772, 3.454079], [-76.518767, 3.454072], [-76.518761, 3.454065], [-76.518758, 3.454062], [-76.518744, 3.454043], [-76.518702, 3.453993], [-76.518634, 3.45393], [-76.518594, 3.453896], [-76.518577, 3.453883], [-76.518525, 3.453847], [-76.5185, 3.453833], [-76.518499, 3.453832], [-76.518492, 3.453827], [-76.518484, 3.453822], [-76.518476, 3.453818], [-76.518469, 3.453813], [-76.518456, 3.453806], [-76.518449, 3.453801], [-76.518441, 3.453796], [-76.518433, 3.453792], [-76.518425, 3.453788], [-76.518417, 3.453783], [-76.518409, 3.453779], [-76.518401, 3.453775], [-76.518393, 3.453771], [-76.518385, 3.453767], [-76.518377, 3.453763], [-76.518369, 3.453759], [-76.518361, 3.453755], [-76.518353, 3.453752], [-76.518344, 3.453748], [-76.518336, 3.453744], [-76.518328, 3.453741], [-76.518319, 3.453738], [-76.518311, 3.453734], [-76.518303, 3.453731], [-76.518294, 3.453728], [-76.518286, 3.453725], [-76.518277, 3.453722], [-76.518242, 3.453709], [-76.5182, 3.453698], [-76.518186, 3.453695], [-76.518182, 3.453694], [-76.518175, 3.453692], [-76.518173, 3.453692], [-76.518165, 3.45369], [-76.518156, 3.453688], [-76.518147, 3.453686], [-76.518138, 3.453685], [-76.518136, 3.453684], [-76.518102, 3.453677], [-76.518036, 3.453667], [-76.517986, 3.453665], [-76.517979, 3.453665], [-76.51797, 3.453664], [-76.517961, 3.453664], [-76.517952, 3.453664], [-76.517943, 3.453663], [-76.517934, 3.453663], [-76.517925, 3.453663], [-76.517916, 3.453663], [-76.517907, 3.453663], [-76.517898, 3.453663], [-76.517889, 3.453664], [-76.51788, 3.453664], [-76.517871, 3.453664], [-76.517862, 3.453665], [-76.517853, 3.453665], [-76.517844, 3.453666], [-76.517835, 3.453667], [-76.517826, 3.453668], [-76.517818, 3.453669], [-76.517809, 3.45367], [-76.5178, 3.453671], [-76.517791, 3.453672], [-76.517782, 3.453673], [-76.517773, 3.453675], [-76.517764, 3.453676], [-76.517755, 3.453677], [-76.517746, 3.453679], [-76.517737, 3.453681], [-76.517729, 3.453683], [-76.51772, 3.453684], [-76.517711, 3.453686], [-76.517702, 3.453688], [-76.517693, 3.45369], [-76.517685, 3.453692], [-76.517676, 3.453695], [-76.517668, 3.453697], [-76.517667, 3.453697], [-76.517641, 3.453704], [-76.517604, 3.453716], [-76.517598, 3.453717], [-76.517589, 3.45372], [-76.517581, 3.453723], [-76.517572, 3.453726], [-76.517564, 3.453729], [-76.517555, 3.453732], [-76.517553, 3.453733], [-76.517549, 3.453734], [-76.517499, 3.453752], [-76.517478, 3.453763], [-76.517472, 3.453766], [-76.517464, 3.45377], [-76.517456, 3.453774], [-76.517448, 3.453778], [-76.51744, 3.453782], [-76.517432, 3.453786], [-76.517424, 3.45379], [-76.517416, 3.453794], [-76.517408, 3.453799], [-76.5174, 3.453803], [-76.517392, 3.453808], [-76.517384, 3.453812], [-76.517377, 3.453817], [-76.517369, 3.453821], [-76.517361, 3.453826], [-76.517354, 3.453831], [-76.517346, 3.453836], [-76.517339, 3.453841], [-76.517331, 3.453846], [-76.517324, 3.453851], [-76.517316, 3.453856], [-76.517309, 3.453861], [-76.517302, 3.453867], [-76.517294, 3.453872], [-76.517287, 3.453878], [-76.51728, 3.453883], [-76.517273, 3.453889], [-76.517266, 3.453894], [-76.517259, 3.4539], [-76.517252, 3.453906], [-76.517245, 3.453912], [-76.517238, 3.453917], [-76.517232, 3.453923], [-76.517225, 3.453929], [-76.517215, 3.453939], [-76.517208, 3.453945], [-76.517202, 3.453951], [-76.517195, 3.453958], [-76.517189, 3.453964], [-76.517183, 3.45397], [-76.517176, 3.453977], [-76.51717, 3.453983], [-76.517164, 3.45399], [-76.517158, 3.453997], [-76.517151, 3.454003], [-76.517145, 3.45401], [-76.517139, 3.454017], [-76.517133, 3.454023], [-76.517127, 3.45403], [-76.517125, 3.454033], [-76.517122, 3.454037], [-76.517116, 3.454044], [-76.517112, 3.454049], [-76.51711, 3.454051], [-76.517104, 3.454058], [-76.517099, 3.454065], [-76.517093, 3.454072], [-76.517087, 3.454079], [-76.517082, 3.454086], [-76.517076, 3.454093], [-76.517071, 3.454101], [-76.517066, 3.454108], [-76.51706, 3.454115], [-76.517055, 3.454122], [-76.51705, 3.45413], [-76.517045, 3.454137], [-76.51704, 3.454145], [-76.517035, 3.454152], [-76.51703, 3.45416], [-76.517025, 3.454167], [-76.51702, 3.454175], [-76.517015, 3.454183], [-76.51701, 3.45419], [-76.517005, 3.454198], [-76.517001, 3.454206], [-76.516996, 3.454213], [-76.516992, 3.454221], [-76.516987, 3.454229], [-76.516983, 3.454237], [-76.516978, 3.454245], [-76.516974, 3.454253], [-76.516971, 3.454259], [-76.51697, 3.454261], [-76.516966, 3.454269], [-76.516961, 3.454277], [-76.516957, 3.454285], [-76.516953, 3.454293], [-76.516949, 3.454301], [-76.516945, 3.454309], [-76.516941, 3.454317], [-76.516793, 3.454584], [-76.5166, 3.454938], [-76.516581, 3.454972], [-76.516545, 3.455026], [-76.516467, 3.455142], [-76.51646, 3.455153], [-76.516455, 3.45516], [-76.516455, 3.45516], [-76.516397, 3.45523], [-76.51638, 3.455248], [-76.516369, 3.45526], [-76.516363, 3.455266], [-76.516357, 3.455273], [-76.51635, 3.455279], [-76.516344, 3.455285], [-76.516337, 3.455292], [-76.516331, 3.455298], [-76.516324, 3.455304], [-76.516318, 3.45531], [-76.516311, 3.455316], [-76.516304, 3.455322], [-76.516298, 3.455328], [-76.516291, 3.455334], [-76.516284, 3.45534], [-76.516277, 3.455346], [-76.51627, 3.455352], [-76.516263, 3.455357], [-76.516256, 3.455363], [-76.516249, 3.455368], [-76.516242, 3.455374], [-76.516234, 3.455379], [-76.516227, 3.455385], [-76.51622, 3.45539], [-76.516213, 3.455395], [-76.516205, 3.4554], [-76.516198, 3.455406], [-76.51619, 3.455411], [-76.516183, 3.455416], [-76.516175, 3.45542], [-76.516168, 3.455425], [-76.51616, 3.45543], [-76.516152, 3.455435], [-76.516146, 3.455439], [-76.516141, 3.455442], [-76.516133, 3.455446], [-76.516125, 3.45545], [-76.516117, 3.455455], [-76.516109, 3.455459], [-76.516101, 3.455463], [-76.516093, 3.455467], [-76.516085, 3.45547], [-76.516076, 3.455474], [-76.516068, 3.455478], [-76.515886, 3.455555], [-76.515822, 3.455577], [-76.51574, 3.455603], [-76.515614, 3.455639], [-76.515564, 3.455654], [-76.51541, 3.455703], [-76.515244, 3.455757], [-76.5151, 3.455803], [-76.514634, 3.455946], [-76.514167, 3.456095], [-76.513701, 3.456244], [-76.513234, 3.456389], [-76.512768, 3.456539], [-76.512629, 3.456584], [-76.512612, 3.456589], [-76.512302, 3.456689], [-76.511835, 3.45684], [-76.511356, 3.456993], [-76.51095, 3.45712], [-76.510716, 3.457195], [-76.510657, 3.457214], [-76.510638, 3.45722], [-76.510324, 3.457321], [-76.51032, 3.457322], [-76.510306, 3.457265], [-76.510286, 3.457184], [-76.51028, 3.457161], [-76.50999, 3.456108], [-76.509951, 3.455965], [-76.509924, 3.45587], [-76.509879, 3.455692], [-76.509817, 3.455446], [-76.509771, 3.455265], [-76.509736, 3.455091], [-76.509732, 3.455048], [-76.50971, 3.454944], [-76.509693, 3.454864], [-76.509689, 3.454848], [-76.509689, 3.454848], [-76.509635, 3.454622], [-76.509598, 3.454412], [-76.509546, 3.454116], [-76.509536, 3.454045], [-76.509527, 3.453985], [-76.509492, 3.45398], [-76.508878, 3.453887]]]]}, "geometry_name": "the_geom", "properties": {"gid": 8, "id_comuna": 8, "nombre": "Comuna 8", "no_arboles": 14318, "area_m2": 448193.358, "cobarb_ha": 44.819, "arb_habita": 0.14, "arb_eep": 0, "m2_eep": 0, "ha_eep": 0, "arb_eep_ro": 0, "m2_eep_ron": 0, "ha_eep_ron": 0, "arb_eec_ep": 92, "m2_eec_ep": 5031.757, "ha_eec_ep": 0.503, "arb_eec_eq": 0, "m2_eec_eq": 0, "ha_eec_eq": 0, "arb_muerto": 2, "arb_regula": 10855, "arbol_sano": 3306, "arbol_seco": 155}}, {"type": "Feature", "id": "emc_amb_sos_car_censo_arboreo_comuna.fid--215d4958_1a10e591eea_-d0", "geometry": {"type": "MultiPolygon", "coordinates": [[[[-76.518589, 3.443004], [-76.518653, 3.442322], [-76.518849, 3.440527], [-76.519082, 3.438392], [-76.519358, 3.435901], [-76.51938, 3.435675], [-76.519381, 3.435668], [-76.519527, 3.43565], [-76.520103, 3.435569], [-76.520364, 3.435532], [-76.520994, 3.435442], [-76.521063, 3.435432], [-76.521516, 3.43537], [-76.521822, 3.435315], [-76.522164, 3.435243], [-76.522236, 3.435225], [-76.522308, 3.435207], [-76.522605, 3.435108], [-76.522848, 3.435017], [-76.523091, 3.434909], [-76.523325, 3.4348], [-76.523622, 3.434637], [-76.523775, 3.434538], [-76.523973, 3.434411], [-76.524144, 3.434285], [-76.524234, 3.434222], [-76.525089, 3.433625], [-76.525356, 3.433439], [-76.525584, 3.433281], [-76.525935, 3.433037], [-76.526259, 3.432811], [-76.526556, 3.432603], [-76.526862, 3.432386], [-76.527204, 3.432151], [-76.527438, 3.431987], [-76.528086, 3.432105], [-76.528716, 3.432096], [-76.528829, 3.432088], [-76.528842, 3.432087], [-76.528932, 3.432087], [-76.529094, 3.432087], [-76.529247, 3.432087], [-76.529409, 3.432078], [-76.529553, 3.432078], [-76.529643, 3.432078], [-76.529796, 3.432078], [-76.529814, 3.432142], [-76.529841, 3.432296], [-76.529859, 3.432341], [-76.529861, 3.432342], [-76.531037, 3.432721], [-76.531226, 3.432775], [-76.531676, 3.432911], [-76.531991, 3.433019], [-76.532369, 3.433137], [-76.532513, 3.433182], [-76.532866, 3.433287], [-76.53308, 3.433354], [-76.533247, 3.433407], [-76.533647, 3.433535], [-76.5338, 3.433589], [-76.534277, 3.433743], [-76.534331, 3.433807], [-76.534334, 3.43381], [-76.534376, 3.43386], [-76.534493, 3.433978], [-76.534652, 3.434138], [-76.534844, 3.434331], [-76.5349, 3.434376], [-76.535276, 3.434683], [-76.535393, 3.434801], [-76.53551, 3.4349], [-76.535807, 3.435181], [-76.535987, 3.435344], [-76.536302, 3.435651], [-76.536527, 3.43585], [-76.53704, 3.436329], [-76.537121, 3.436402], [-76.537274, 3.436555], [-76.537688, 3.436935], [-76.537814, 3.437044], [-76.538604, 3.437781], [-76.537778, 3.438749], [-76.537515, 3.439058], [-76.536894, 3.439785], [-76.53605, 3.440554], [-76.535413, 3.440938], [-76.535031, 3.441114], [-76.534712, 3.441274], [-76.534329, 3.441466], [-76.534258, 3.4415], [-76.534257, 3.441501], [-76.534162, 3.441546], [-76.533724, 3.441763], [-76.53327, 3.441987], [-76.533188, 3.442018], [-76.533142, 3.442035], [-76.532975, 3.442091], [-76.532609, 3.442203], [-76.532258, 3.442315], [-76.532011, 3.442387], [-76.531876, 3.442419], [-76.531748, 3.442451], [-76.531374, 3.442547], [-76.531151, 3.442579], [-76.530912, 3.442603], [-76.53087, 3.442609], [-76.530868, 3.442609], [-76.5308, 3.442619], [-76.529741, 3.442683], [-76.529683, 3.442686], [-76.529597, 3.442691], [-76.528817, 3.442699], [-76.528554, 3.442675], [-76.527757, 3.442651], [-76.527128, 3.442603], [-76.5261, 3.442555], [-76.526005, 3.442555], [-76.526005, 3.442575], [-76.526005, 3.442803], [-76.526005, 3.442812], [-76.526006, 3.442821], [-76.526006, 3.44283], [-76.526007, 3.442839], [-76.526008, 3.442848], [-76.526009, 3.442857], [-76.52601, 3.442866], [-76.526011, 3.442875], [-76.526012, 3.442884], [-76.526013, 3.442893], [-76.526014, 3.442902], [-76.526016, 3.442911], [-76.526017, 3.44292], [-76.526019, 3.442929], [-76.52602, 3.442938], [-76.526022, 3.442947], [-76.526024, 3.442956], [-76.526026, 3.442965], [-76.526027, 3.442973], [-76.526029, 3.442982], [-76.526031, 3.442991], [-76.526034, 3.443], [-76.526036, 3.443009], [-76.526038, 3.443017], [-76.526041, 3.443026], [-76.526043, 3.443035], [-76.526046, 3.443043], [-76.526048, 3.443052], [-76.526051, 3.443061], [-76.526054, 3.443069], [-76.526056, 3.443078], [-76.526059, 3.443086], [-76.526062, 3.443095], [-76.526065, 3.443103], [-76.526069, 3.443112], [-76.526072, 3.44312], [-76.526075, 3.443129], [-76.526078, 3.443137], [-76.526082, 3.443145], [-76.526085, 3.443154], [-76.526089, 3.443162], [-76.526093, 3.44317], [-76.526096, 3.443179], [-76.5261, 3.443187], [-76.526104, 3.443195], [-76.526108, 3.443203], [-76.526164, 3.443355], [-76.526459, 3.44422], [-76.52661, 3.444644], [-76.52665, 3.444812], [-76.526653, 3.444823], [-76.526655, 3.444832], [-76.526658, 3.444841], [-76.52666, 3.444849], [-76.526663, 3.444858], [-76.526665, 3.444867], [-76.526667, 3.444875], [-76.52667, 3.444884], [-76.526672, 3.444893], [-76.526675, 3.444902], [-76.526677, 3.44491], [-76.526679, 3.444919], [-76.526682, 3.444928], [-76.526684, 3.444936], [-76.526687, 3.444945], [-76.526689, 3.444954], [-76.526691, 3.444963], [-76.526694, 3.444971], [-76.526696, 3.44498], [-76.526698, 3.444989], [-76.526701, 3.444997], [-76.526703, 3.445006], [-76.526705, 3.445015], [-76.526708, 3.445024], [-76.52671, 3.445032], [-76.526713, 3.445041], [-76.526715, 3.44505], [-76.526717, 3.445059], [-76.52672, 3.445067], [-76.526722, 3.445076], [-76.526724, 3.445085], [-76.526727, 3.445094], [-76.526729, 3.445102], [-76.526731, 3.445111], [-76.526734, 3.44512], [-76.526736, 3.445128], [-76.526738, 3.445137], [-76.526741, 3.445146], [-76.526743, 3.445155], [-76.526745, 3.445163], [-76.526747, 3.445172], [-76.52675, 3.445181], [-76.526752, 3.44519], [-76.526754, 3.445198], [-76.526757, 3.445207], [-76.526759, 3.445216], [-76.526761, 3.445225], [-76.526763, 3.445233], [-76.526766, 3.445242], [-76.526768, 3.445251], [-76.52677, 3.44526], [-76.526773, 3.445268], [-76.526775, 3.445277], [-76.526777, 3.445286], [-76.526779, 3.445295], [-76.526782, 3.445303], [-76.526784, 3.445312], [-76.526786, 3.445321], [-76.526788, 3.44533], [-76.526791, 3.445338], [-76.526793, 3.445347], [-76.526795, 3.445356], [-76.526797, 3.445365], [-76.526799, 3.445373], [-76.526802, 3.445382], [-76.526804, 3.445391], [-76.526806, 3.4454], [-76.526808, 3.445409], [-76.526811, 3.445417], [-76.526813, 3.445426], [-76.526815, 3.445435], [-76.526817, 3.445444], [-76.526819, 3.445452], [-76.526822, 3.445461], [-76.526824, 3.44547], [-76.526826, 3.445479], [-76.526828, 3.445487], [-76.52683, 3.445496], [-76.526832, 3.445505], [-76.526835, 3.445514], [-76.526837, 3.445523], [-76.526839, 3.445531], [-76.526841, 3.44554], [-76.526843, 3.445549], [-76.526845, 3.445558], [-76.526848, 3.445566], [-76.52685, 3.445575], [-76.526852, 3.445584], [-76.526854, 3.445593], [-76.526856, 3.445602], [-76.526858, 3.44561], [-76.526861, 3.445619], [-76.526863, 3.445628], [-76.526865, 3.445637], [-76.526893, 3.445857], [-76.526904, 3.445909], [-76.526928, 3.446021], [-76.527008, 3.446377], [-76.527159, 3.44687], [-76.527223, 3.447114], [-76.527438, 3.447722], [-76.527586, 3.448106], [-76.527793, 3.448783], [-76.527809, 3.448827], [-76.528213, 3.449951], [-76.528254, 3.450118], [-76.527534, 3.450351], [-76.52655, 3.450661], [-76.526004, 3.45086], [-76.524891, 3.45124], [-76.524136, 3.451459], [-76.523162, 3.451789], [-76.52309, 3.451815], [-76.522467, 3.452038], [-76.522079, 3.452158], [-76.521642, 3.452268], [-76.520818, 3.452457], [-76.519795, 3.452697], [-76.518707, 3.452953], [-76.518556, 3.452989], [-76.518488, 3.45275], [-76.518341, 3.452245], [-76.518185, 3.451676], [-76.518127, 3.451343], [-76.51798, 3.450205], [-76.517941, 3.449077], [-76.517973, 3.448755], [-76.518078, 3.447665], [-76.518381, 3.444897], [-76.518392, 3.444726], [-76.518403, 3.444556], [-76.518493, 3.44374], [-76.518589, 3.443004]]]]}, "geometry_name": "the_geom", "properties": {"gid": 9, "id_comuna": 9, "nombre": "Comuna 9", "no_arboles": 5335, "area_m2": 124127.209, "cobarb_ha": 12.413, "arb_habita": 0.119, "arb_eep": 0, "m2_eep": 0, "ha_eep": 0, "arb_eep_ro": 0, "m2_eep_ron": 0, "ha_eep_ron": 0, "arb_eec_ep": 90, "m2_eec_ep": 2564.584, "ha_eec_ep": 0.256, "arb_eec_eq": 0, "m2_eec_eq": 0, "ha_eec_eq": 0, "arb_muerto": 0, "arb_regula": 3474, "arbol_sano": 1775, "arbol_seco": 86}}, {"type": "Feature", "id": "emc_amb_sos_car_censo_arboreo_comuna.fid--215d4958_1a10e591eea_-cf", "geometry": {"type": "MultiPolygon", "coordinates": [[[[-76.520149, 3.42904], [-76.520502, 3.425643], [-76.520507, 3.425605], [-76.520636, 3.424653], [-76.520654, 3.424523], [-76.520908, 3.42238], [-76.520909, 3.422379], [-76.521064, 3.42107], [-76.521243, 3.419565], [-76.521254, 3.419253], [-76.521258, 3.419124], [-76.52141, 3.417048], [-76.521456, 3.416274], [-76.521567, 3.414398], [-76.521568, 3.414388], [-76.521606, 3.413743], [-76.521827, 3.411654], [-76.521832, 3.411609], [-76.522019, 3.409969], [-76.522302, 3.407486], [-76.522548, 3.405587], [-76.522558, 3.405512], [-76.524281, 3.405671], [-76.52456, 3.405708], [-76.524992, 3.405789], [-76.525352, 3.405916], [-76.526135, 3.40616], [-76.526809, 3.406377], [-76.526923, 3.406417], [-76.526955, 3.406428], [-76.527014, 3.406449], [-76.527059, 3.406465], [-76.527763, 3.406712], [-76.528492, 3.406965], [-76.528596, 3.407004], [-76.529203, 3.407236], [-76.530166, 3.407544], [-76.530297, 3.407576], [-76.530427, 3.407607], [-76.530934, 3.407765], [-76.531615, 3.407978], [-76.531665, 3.407994], [-76.531921, 3.408077], [-76.532542, 3.408267], [-76.533109, 3.408448], [-76.533487, 3.408566], [-76.534251, 3.408828], [-76.53444, 3.408884], [-76.534647, 3.408946], [-76.535403, 3.409199], [-76.53642, 3.409525], [-76.536487, 3.409549], [-76.536951, 3.409715], [-76.537428, 3.409877], [-76.537842, 3.410013], [-76.538373, 3.410185], [-76.538718, 3.410282], [-76.538717, 3.410285], [-76.538463, 3.411062], [-76.53822, 3.411822], [-76.53795, 3.412636], [-76.53777, 3.413196], [-76.53741, 3.414291], [-76.537239, 3.414815], [-76.537077, 3.415303], [-76.536922, 3.415787], [-76.536753, 3.416316], [-76.536595, 3.4168], [-76.536474, 3.41717], [-76.536222, 3.417944], [-76.535844, 3.419093], [-76.535457, 3.42025], [-76.535291, 3.420762], [-76.535284, 3.420784], [-76.535124, 3.421281], [-76.534789, 3.422321], [-76.534344, 3.423704], [-76.534339, 3.423719], [-76.534035, 3.424663], [-76.534013, 3.424657], [-76.533567, 3.424527], [-76.533342, 3.424446], [-76.533279, 3.424428], [-76.533072, 3.425079], [-76.533045, 3.425133], [-76.532784, 3.425052], [-76.532631, 3.424998], [-76.532397, 3.424925], [-76.532109, 3.424826], [-76.531794, 3.424726], [-76.531623, 3.424672], [-76.531569, 3.424654], [-76.53156, 3.424699], [-76.531487, 3.424913], [-76.531425, 3.425097], [-76.531389, 3.425233], [-76.531254, 3.425631], [-76.531218, 3.42573], [-76.531164, 3.425902], [-76.531101, 3.426074], [-76.531029, 3.426309], [-76.530957, 3.426544], [-76.530858, 3.426833], [-76.530822, 3.426942], [-76.530741, 3.427195], [-76.530669, 3.427421], [-76.530642, 3.427475], [-76.530588, 3.427457], [-76.530255, 3.427358], [-76.530201, 3.427331], [-76.530183, 3.427394], [-76.529967, 3.428045], [-76.529814, 3.428497], [-76.529769, 3.42866], [-76.529805, 3.428678], [-76.529967, 3.428732], [-76.530075, 3.428769], [-76.530165, 3.428805], [-76.530192, 3.428814], [-76.53021, 3.428832], [-76.530237, 3.42885], [-76.530291, 3.428922], [-76.530237, 3.428968], [-76.530003, 3.429121], [-76.529607, 3.429393], [-76.529481, 3.429483], [-76.529382, 3.429555], [-76.529157, 3.429709], [-76.529049, 3.429781], [-76.52895, 3.429854], [-76.52931, 3.43036], [-76.529363, 3.430441], [-76.529454, 3.430577], [-76.529315, 3.430674], [-76.529262, 3.430712], [-76.529235, 3.43073], [-76.529123, 3.430809], [-76.527788, 3.431742], [-76.527515, 3.431933], [-76.527438, 3.431987], [-76.527204, 3.432151], [-76.526862, 3.432386], [-76.526556, 3.432603], [-76.526259, 3.432811], [-76.525935, 3.433037], [-76.525584, 3.433281], [-76.525356, 3.433439], [-76.525089, 3.433625], [-76.524234, 3.434222], [-76.524144, 3.434285], [-76.523973, 3.434411], [-76.523775, 3.434538], [-76.523622, 3.434637], [-76.523325, 3.4348], [-76.523091, 3.434909], [-76.522848, 3.435017], [-76.522605, 3.435108], [-76.522308, 3.435207], [-76.522236, 3.435225], [-76.522164, 3.435243], [-76.521822, 3.435315], [-76.521516, 3.43537], [-76.521063, 3.435432], [-76.520994, 3.435442], [-76.520364, 3.435532], [-76.520103, 3.435569], [-76.519527, 3.43565], [-76.519381, 3.435668], [-76.519381, 3.435666], [-76.519406, 3.435403], [-76.519442, 3.435098], [-76.519749, 3.432494], [-76.519757, 3.432451], [-76.519759, 3.43244], [-76.519768, 3.432389], [-76.520111, 3.429193], [-76.520128, 3.429126], [-76.520129, 3.429122], [-76.520149, 3.42904]]]]}, "geometry_name": "the_geom", "properties": {"gid": 10, "id_comuna": 10, "nombre": "Comuna 10", "no_arboles": 13178, "area_m2": 468611.699, "cobarb_ha": 46.861, "arb_habita": 0.119, "arb_eep": 67, "m2_eep": 3940.162, "ha_eep": 0.394, "arb_eep_ro": 539, "m2_eep_ron": 22525.326, "ha_eep_ron": 2.253, "arb_eec_ep": 390, "m2_eec_ep": 26379.606, "ha_eec_ep": 2.638, "arb_eec_eq": 0, "m2_eec_eq": 0, "ha_eec_eq": 0, "arb_muerto": 0, "arb_regula": 11132, "arbol_sano": 1921, "arbol_seco": 125}}, {"type": "Feature", "id": "emc_amb_sos_car_censo_arboreo_comuna.fid--215d4958_1a10e591eea_-ce", "geometry": {"type": "MultiPolygon", "coordinates": [[[[-76.50745, 3.427477], [-76.507399, 3.427297], [-76.507154, 3.427428], [-76.507055, 3.427474], [-76.506083, 3.427872], [-76.505993, 3.427926], [-76.50593, 3.427989], [-76.505912, 3.427962], [-76.505822, 3.427808], [-76.505741, 3.427654], [-76.505692, 3.4276], [-76.505642, 3.427546], [-76.505624, 3.427528], [-76.505525, 3.427428], [-76.505354, 3.427247], [-76.505165, 3.427058], [-76.504976, 3.426857], [-76.504975, 3.426856], [-76.504825, 3.426687], [-76.504581, 3.426413], [-76.504021, 3.425805], [-76.503767, 3.42553], [-76.50368, 3.425435], [-76.503417, 3.425141], [-76.503416, 3.42514], [-76.5034, 3.425125], [-76.503218, 3.424956], [-76.50315, 3.424895], [-76.502898, 3.424726], [-76.502812, 3.42465], [-76.50273, 3.424564], [-76.503487, 3.423845], [-76.503742, 3.4236], [-76.504583, 3.422795], [-76.504789, 3.422593], [-76.506011, 3.421393], [-76.506452, 3.420974], [-76.506477, 3.42095], [-76.506516, 3.420913], [-76.506536, 3.420895], [-76.506545, 3.420886], [-76.506546, 3.420885], [-76.506661, 3.420776], [-76.506853, 3.420588], [-76.506967, 3.420476], [-76.507267, 3.420183], [-76.50727, 3.42018], [-76.507949, 3.419514], [-76.507961, 3.419502], [-76.508008, 3.419457], [-76.508015, 3.41945], [-76.508128, 3.419342], [-76.508874, 3.418661], [-76.509504, 3.418028], [-76.510126, 3.417451], [-76.511553, 3.416088], [-76.511661, 3.415985], [-76.512594, 3.415087], [-76.513821, 3.413916], [-76.514013, 3.413733], [-76.515068, 3.412716], [-76.515102, 3.412684], [-76.516186, 3.411658], [-76.517825, 3.41008], [-76.518222, 3.409703], [-76.518339, 3.409592], [-76.518391, 3.409543], [-76.519444, 3.408557], [-76.520783, 3.407219], [-76.521583, 3.406366], [-76.521651, 3.406161], [-76.521708, 3.405952], [-76.521779, 3.405457], [-76.521801, 3.405213], [-76.52183, 3.404912], [-76.521858, 3.404718], [-76.52188, 3.404553], [-76.521951, 3.404251], [-76.522015, 3.403986], [-76.522051, 3.403828], [-76.522087, 3.403677], [-76.522106, 3.403583], [-76.522163, 3.403713], [-76.522306, 3.403961], [-76.522345, 3.404348], [-76.52235, 3.404564], [-76.522443, 3.404907], [-76.522607, 3.405137], [-76.522588, 3.405294], [-76.522588, 3.405293], [-76.522587, 3.405302], [-76.522585, 3.405314], [-76.522558, 3.405512], [-76.522548, 3.405587], [-76.522302, 3.407486], [-76.522019, 3.409969], [-76.521832, 3.411609], [-76.521827, 3.411654], [-76.521606, 3.413743], [-76.521568, 3.414388], [-76.521567, 3.414398], [-76.521456, 3.416274], [-76.52141, 3.417048], [-76.521258, 3.419124], [-76.521254, 3.419253], [-76.521243, 3.419565], [-76.521064, 3.42107], [-76.520909, 3.422379], [-76.520908, 3.42238], [-76.520654, 3.424523], [-76.520636, 3.424653], [-76.520507, 3.425605], [-76.520502, 3.425643], [-76.520149, 3.42904], [-76.520129, 3.429122], [-76.520128, 3.429126], [-76.520111, 3.429193], [-76.519768, 3.432389], [-76.519759, 3.43244], [-76.519757, 3.432451], [-76.519749, 3.432494], [-76.519442, 3.435098], [-76.519406, 3.435403], [-76.519381, 3.435666], [-76.519381, 3.435668], [-76.519311, 3.435677], [-76.519077, 3.435713], [-76.517997, 3.435858], [-76.516791, 3.43602], [-76.516539, 3.436057], [-76.516026, 3.436129], [-76.515855, 3.436156], [-76.515621, 3.436192], [-76.514866, 3.436292], [-76.514281, 3.436373], [-76.51402, 3.436418], [-76.513867, 3.436436], [-76.51366, 3.436472], [-76.513273, 3.436554], [-76.513211, 3.436569], [-76.513014, 3.436617], [-76.513012, 3.436617], [-76.512445, 3.435875], [-76.512238, 3.435514], [-76.51213, 3.435369], [-76.512094, 3.435333], [-76.511941, 3.435125], [-76.511833, 3.434998], [-76.511617, 3.434781], [-76.511509, 3.434673], [-76.511392, 3.434555], [-76.511263, 3.434421], [-76.51087, 3.434011], [-76.510862, 3.434002], [-76.511725, 3.432927], [-76.511653, 3.432873], [-76.511455, 3.432728], [-76.511392, 3.432692], [-76.510879, 3.432403], [-76.510807, 3.432366], [-76.510699, 3.43233], [-76.510186, 3.432186], [-76.509952, 3.432104], [-76.509808, 3.43205], [-76.509736, 3.432032], [-76.509738, 3.432029], [-76.509781, 3.431941], [-76.509799, 3.431887], [-76.509844, 3.431806], [-76.509871, 3.43177], [-76.509898, 3.431706], [-76.510051, 3.431426], [-76.510078, 3.431363], [-76.510395, 3.430769], [-76.510406, 3.43075], [-76.510339, 3.430712], [-76.510231, 3.43063], [-76.510132, 3.430558], [-76.510051, 3.430494], [-76.50988, 3.430368], [-76.509808, 3.430314], [-76.509674, 3.430187], [-76.509494, 3.430024], [-76.509287, 3.429852], [-76.509161, 3.429744], [-76.508945, 3.429527], [-76.508792, 3.429364], [-76.508747, 3.42931], [-76.508702, 3.429255], [-76.508531, 3.429056], [-76.508518, 3.429041], [-76.508412, 3.428911], [-76.507955, 3.428351], [-76.507838, 3.428215], [-76.507793, 3.42817], [-76.507703, 3.428075], [-76.507588, 3.427846], [-76.50745, 3.427477]]]]}, "geometry_name": "the_geom", "properties": {"gid": 11, "id_comuna": 11, "nombre": "Comuna 11", "no_arboles": 12530, "area_m2": 395865.223, "cobarb_ha": 39.587, "arb_habita": 0.117, "arb_eep": 0, "m2_eep": 0, "ha_eep": 0, "arb_eep_ro": 0, "m2_eep_ron": 0, "ha_eep_ron": 0, "arb_eec_ep": 478, "m2_eec_ep": 19992.898, "ha_eec_ep": 1.999, "arb_eec_eq": 0, "m2_eec_eq": 0, "ha_eec_eq": 0, "arb_muerto": 0, "arb_regula": 9173, "arbol_sano": 3245, "arbol_seco": 112}}, {"type": "Feature", "id": "emc_amb_sos_car_censo_arboreo_comuna.fid--215d4958_1a10e591eea_-cd", "geometry": {"type": "MultiPolygon", "coordinates": [[[[-76.492841, 3.43998], [-76.493329, 3.43901], [-76.493579, 3.438535], [-76.494806, 3.436008], [-76.4953, 3.435061], [-76.495751, 3.434197], [-76.49588, 3.433952], [-76.496704, 3.432386], [-76.497223, 3.431392], [-76.497942, 3.430052], [-76.498112, 3.429734], [-76.498575, 3.428901], [-76.498671, 3.42874], [-76.49878, 3.428559], [-76.499007, 3.428181], [-76.499109, 3.428011], [-76.499376, 3.427723], [-76.499743, 3.427378], [-76.499761, 3.427361], [-76.500197, 3.426946], [-76.500947, 3.426232], [-76.501597, 3.425615], [-76.501812, 3.425423], [-76.502211, 3.425055], [-76.502431, 3.424847], [-76.502602, 3.424686], [-76.502706, 3.424587], [-76.50273, 3.424564], [-76.502812, 3.42465], [-76.502898, 3.424726], [-76.50315, 3.424895], [-76.503218, 3.424956], [-76.5034, 3.425125], [-76.503416, 3.42514], [-76.503417, 3.425141], [-76.50368, 3.425435], [-76.503767, 3.42553], [-76.504021, 3.425805], [-76.504581, 3.426413], [-76.504825, 3.426687], [-76.504975, 3.426856], [-76.504976, 3.426857], [-76.505165, 3.427058], [-76.505354, 3.427247], [-76.505525, 3.427428], [-76.505624, 3.427528], [-76.505642, 3.427546], [-76.505692, 3.4276], [-76.505741, 3.427654], [-76.505822, 3.427808], [-76.505912, 3.427962], [-76.50593, 3.427989], [-76.505993, 3.427926], [-76.506083, 3.427872], [-76.507055, 3.427474], [-76.507154, 3.427428], [-76.507399, 3.427297], [-76.50745, 3.427477], [-76.507588, 3.427846], [-76.507703, 3.428075], [-76.507793, 3.42817], [-76.507838, 3.428215], [-76.507955, 3.428351], [-76.508412, 3.428911], [-76.508518, 3.429041], [-76.508531, 3.429056], [-76.508702, 3.429255], [-76.508747, 3.42931], [-76.508792, 3.429364], [-76.508945, 3.429527], [-76.509161, 3.429744], [-76.509287, 3.429852], [-76.509494, 3.430024], [-76.509674, 3.430187], [-76.509808, 3.430314], [-76.50988, 3.430368], [-76.510051, 3.430494], [-76.510132, 3.430558], [-76.510231, 3.43063], [-76.510339, 3.430712], [-76.510406, 3.43075], [-76.510395, 3.430769], [-76.510078, 3.431363], [-76.510051, 3.431426], [-76.509898, 3.431706], [-76.509871, 3.43177], [-76.509844, 3.431806], [-76.509799, 3.431887], [-76.509781, 3.431941], [-76.509738, 3.432029], [-76.509736, 3.432032], [-76.509808, 3.43205], [-76.509952, 3.432104], [-76.510186, 3.432186], [-76.510699, 3.43233], [-76.510807, 3.432366], [-76.510879, 3.432403], [-76.511392, 3.432692], [-76.511455, 3.432728], [-76.511653, 3.432873], [-76.511725, 3.432927], [-76.510862, 3.434002], [-76.51087, 3.434011], [-76.511263, 3.434421], [-76.511259, 3.434422], [-76.509546, 3.434888], [-76.509695, 3.435506], [-76.507927, 3.435966], [-76.507936, 3.43602], [-76.508071, 3.436517], [-76.508083, 3.436566], [-76.508098, 3.436626], [-76.508128, 3.436746], [-76.508197, 3.437024], [-76.508233, 3.437141], [-76.508332, 3.43753], [-76.508354, 3.437589], [-76.508376, 3.437677], [-76.508412, 3.437827], [-76.50836, 3.437842], [-76.50835, 3.437844], [-76.508257, 3.437871], [-76.508117, 3.43791], [-76.507891, 3.437982], [-76.507485, 3.43811], [-76.506982, 3.438282], [-76.505929, 3.438654], [-76.505434, 3.438826], [-76.505004, 3.438976], [-76.504923, 3.439004], [-76.502861, 3.439719], [-76.502681, 3.439791], [-76.501625, 3.440149], [-76.501587, 3.440162], [-76.501587, 3.440162], [-76.501658, 3.440383], [-76.501772, 3.440725], [-76.50196, 3.441246], [-76.50209, 3.44162], [-76.502141, 3.441766], [-76.502313, 3.442285], [-76.502494, 3.442774], [-76.502599, 3.443081], [-76.502679, 3.443335], [-76.50268, 3.443339], [-76.502685, 3.443353], [-76.502554, 3.443335], [-76.502023, 3.443263], [-76.501897, 3.443245], [-76.501528, 3.4432], [-76.501411, 3.443191], [-76.501024, 3.443136], [-76.500934, 3.443127], [-76.500646, 3.443091], [-76.500457, 3.443064], [-76.500322, 3.443046], [-76.499728, 3.442973], [-76.499467, 3.442946], [-76.499359, 3.442937], [-76.499188, 3.44291], [-76.498789, 3.442861], [-76.498162, 3.442783], [-76.498159, 3.442783], [-76.498157, 3.442811], [-76.498153, 3.442861], [-76.498153, 3.44291], [-76.498147, 3.442945], [-76.498146, 3.442962], [-76.498145, 3.442962], [-76.497994, 3.442942], [-76.497469, 3.442865], [-76.497478, 3.44281], [-76.497521, 3.44237], [-76.497525, 3.442332], [-76.497541, 3.442183], [-76.497549, 3.442115], [-76.497561, 3.441964], [-76.497568, 3.441897], [-76.497568, 3.441871], [-76.497581, 3.441717], [-76.497602, 3.44156], [-76.497623, 3.441407], [-76.497639, 3.44129], [-76.497673, 3.441044], [-76.497694, 3.440856], [-76.497704, 3.440785], [-76.497714, 3.440673], [-76.497722, 3.440595], [-76.497727, 3.440557], [-76.49774, 3.440442], [-76.497745, 3.440397], [-76.497499, 3.43968], [-76.497488, 3.439684], [-76.496168, 3.440148], [-76.49603, 3.440199], [-76.495312, 3.440451], [-76.495491, 3.440945], [-76.495555, 3.44112], [-76.495652, 3.441388], [-76.495648, 3.441389], [-76.494413, 3.44183], [-76.493511, 3.442142], [-76.49347, 3.442156], [-76.49341, 3.442177], [-76.493016, 3.44231], [-76.493016, 3.44231], [-76.493029, 3.44238], [-76.493142, 3.442718], [-76.493171, 3.442791], [-76.493216, 3.442947], [-76.493249, 3.443085], [-76.492552, 3.443328], [-76.491155, 3.443816], [-76.491041, 3.443865], [-76.49087, 3.443917], [-76.49086, 3.443921], [-76.490859, 3.443921], [-76.490817, 3.443934], [-76.490969, 3.44362], [-76.491673, 3.442255], [-76.491971, 3.441668], [-76.492412, 3.440818], [-76.492841, 3.43998]]]]}, "geometry_name": "the_geom", "properties": {"gid": 12, "id_comuna": 12, "nombre": "Comuna 12", "no_arboles": 6684, "area_m2": 176541.326, "cobarb_ha": 17.654, "arb_habita": 0.1, "arb_eep": 0, "m2_eep": 0, "ha_eep": 0, "arb_eep_ro": 0, "m2_eep_ron": 0, "ha_eep_ron": 0, "arb_eec_ep": 151, "m2_eec_ep": 5128.383, "ha_eec_ep": 0.513, "arb_eec_eq": 0, "m2_eec_eq": 0, "ha_eec_eq": 0, "arb_muerto": 83, "arb_regula": 5125, "arbol_sano": 1471, "arbol_seco": 5}}, {"type": "Feature", "id": "emc_amb_sos_car_censo_arboreo_comuna.fid--215d4958_1a10e591eea_-cc", "geometry": {"type": "MultiPolygon", "coordinates": [[[[-76.486929, 3.443325], [-76.486858, 3.443284], [-76.486616, 3.443368], [-76.486526, 3.4434], [-76.486247, 3.443497], [-76.486212, 3.443509], [-76.486211, 3.443509], [-76.485977, 3.443595], [-76.485906, 3.443621], [-76.485683, 3.443703], [-76.485595, 3.443736], [-76.485412, 3.443803], [-76.485321, 3.443836], [-76.485262, 3.443858], [-76.485137, 3.443904], [-76.485071, 3.443928], [-76.485036, 3.443941], [-76.485034, 3.443942], [-76.484947, 3.443971], [-76.484868, 3.443998], [-76.484824, 3.444012], [-76.484781, 3.444027], [-76.484696, 3.444056], [-76.484635, 3.444076], [-76.484625, 3.44408], [-76.484549, 3.444105], [-76.484446, 3.44414], [-76.484441, 3.444142], [-76.484406, 3.444153], [-76.484328, 3.44418], [-76.484168, 3.444234], [-76.484126, 3.444248], [-76.484108, 3.444254], [-76.484108, 3.444223], [-76.48411, 3.444179], [-76.484116, 3.444069], [-76.484126, 3.444024], [-76.484126, 3.444024], [-76.484138, 3.443969], [-76.484152, 3.443836], [-76.484149, 3.443715], [-76.48413, 3.443449], [-76.484125, 3.442888], [-76.484087, 3.441366], [-76.484068, 3.441104], [-76.484065, 3.440617], [-76.484059, 3.44053], [-76.484057, 3.440503], [-76.48405, 3.440385], [-76.484032, 3.440208], [-76.484034, 3.440179], [-76.484046, 3.440016], [-76.484043, 3.439507], [-76.484017, 3.43905], [-76.48401, 3.438309], [-76.48401, 3.437649], [-76.48397, 3.437037], [-76.48397, 3.436661], [-76.48397, 3.436274], [-76.48394, 3.435499], [-76.48393, 3.43509], [-76.48391, 3.434714], [-76.483909, 3.434618], [-76.483902, 3.433957], [-76.483887, 3.432985], [-76.483864, 3.432097], [-76.483856, 3.431757], [-76.483839, 3.43104], [-76.483834, 3.430831], [-76.483811, 3.429843], [-76.483788, 3.428716], [-76.483796, 3.428137], [-76.48388, 3.42789], [-76.48408, 3.427473], [-76.484118, 3.427388], [-76.484295, 3.426994], [-76.484579, 3.426331], [-76.484609, 3.426263], [-76.484702, 3.426045], [-76.484902, 3.425535], [-76.485294, 3.424663], [-76.485509, 3.424131], [-76.485614, 3.42388], [-76.485771, 3.423505], [-76.485893, 3.423243], [-76.486015, 3.422971], [-76.486087, 3.422804], [-76.486206, 3.422527], [-76.48638, 3.422121], [-76.486587, 3.421623], [-76.486934, 3.420787], [-76.487119, 3.420374], [-76.487391, 3.419742], [-76.487485, 3.419562], [-76.48755, 3.419501], [-76.487624, 3.419443], [-76.487717, 3.419407], [-76.487923, 3.419327], [-76.488056, 3.419428], [-76.488083, 3.419432], [-76.488334, 3.41947], [-76.488424, 3.419482], [-76.488555, 3.419487], [-76.488708, 3.419476], [-76.488883, 3.419443], [-76.489075, 3.419346], [-76.489283, 3.419227], [-76.489553, 3.419061], [-76.489752, 3.41894], [-76.489786, 3.418918], [-76.489888, 3.418856], [-76.489972, 3.418807], [-76.490074, 3.418736], [-76.490238, 3.418643], [-76.49038, 3.418585], [-76.490499, 3.418538], [-76.490636, 3.418489], [-76.490791, 3.418467], [-76.490942, 3.418427], [-76.491048, 3.418391], [-76.491278, 3.418311], [-76.491543, 3.418218], [-76.49188, 3.418045], [-76.49219, 3.417845], [-76.492384, 3.417669], [-76.492526, 3.417527], [-76.492654, 3.417402], [-76.492796, 3.417251], [-76.492898, 3.417073], [-76.493022, 3.416935], [-76.493032, 3.416926], [-76.493037, 3.416922], [-76.493039, 3.41692], [-76.493046, 3.416914], [-76.493053, 3.416908], [-76.49306, 3.416902], [-76.493067, 3.416896], [-76.493074, 3.41689], [-76.493075, 3.416889], [-76.493081, 3.416885], [-76.493088, 3.416879], [-76.493095, 3.416873], [-76.493102, 3.416868], [-76.493109, 3.416862], [-76.493116, 3.416857], [-76.493123, 3.416851], [-76.49313, 3.416846], [-76.493138, 3.416841], [-76.493145, 3.416835], [-76.493152, 3.41683], [-76.49316, 3.416825], [-76.493167, 3.41682], [-76.493174, 3.416815], [-76.493182, 3.41681], [-76.493189, 3.416805], [-76.493197, 3.4168], [-76.493205, 3.416795], [-76.493212, 3.41679], [-76.49322, 3.416785], [-76.493227, 3.41678], [-76.493235, 3.416776], [-76.493243, 3.416771], [-76.493251, 3.416766], [-76.493258, 3.416762], [-76.493266, 3.416757], [-76.493274, 3.416753], [-76.493288, 3.416746], [-76.493296, 3.416742], [-76.493304, 3.416738], [-76.493312, 3.416734], [-76.49332, 3.416731], [-76.493328, 3.416727], [-76.493337, 3.416723], [-76.493345, 3.41672], [-76.493353, 3.416717], [-76.493362, 3.416713], [-76.49337, 3.41671], [-76.493378, 3.416707], [-76.493387, 3.416704], [-76.493395, 3.416701], [-76.493404, 3.416698], [-76.493412, 3.416695], [-76.493421, 3.416692], [-76.49343, 3.416689], [-76.493438, 3.416687], [-76.493447, 3.416684], [-76.493455, 3.416682], [-76.493471, 3.416679], [-76.49348, 3.416678], [-76.493489, 3.416677], [-76.493497, 3.416676], [-76.493506, 3.416675], [-76.493515, 3.416675], [-76.493524, 3.416674], [-76.493533, 3.416674], [-76.493542, 3.416673], [-76.493551, 3.416673], [-76.49356, 3.416673], [-76.493569, 3.416673], [-76.493578, 3.416673], [-76.493587, 3.416673], [-76.493596, 3.416673], [-76.493605, 3.416674], [-76.493614, 3.416674], [-76.493623, 3.416675], [-76.493632, 3.416676], [-76.493641, 3.416676], [-76.49365, 3.416677], [-76.493765, 3.416682], [-76.493938, 3.416691], [-76.494115, 3.416695], [-76.494305, 3.416682], [-76.494434, 3.416682], [-76.49445, 3.416682], [-76.494739, 3.416686], [-76.494756, 3.416686], [-76.494765, 3.416685], [-76.494774, 3.416685], [-76.494783, 3.416684], [-76.494792, 3.416684], [-76.494801, 3.416683], [-76.49481, 3.416682], [-76.494819, 3.416681], [-76.494828, 3.416681], [-76.494837, 3.41668], [-76.494846, 3.416678], [-76.494855, 3.416677], [-76.494864, 3.416676], [-76.494873, 3.416675], [-76.494882, 3.416673], [-76.494891, 3.416672], [-76.494899, 3.416671], [-76.494908, 3.416669], [-76.494917, 3.416667], [-76.494926, 3.416666], [-76.494935, 3.416664], [-76.494944, 3.416662], [-76.494952, 3.41666], [-76.494961, 3.416658], [-76.49497, 3.416656], [-76.494979, 3.416654], [-76.494987, 3.416652], [-76.494996, 3.416649], [-76.495005, 3.416647], [-76.495013, 3.416644], [-76.495022, 3.416642], [-76.495031, 3.416637], [-76.495038, 3.416632], [-76.495046, 3.416628], [-76.495046, 3.416628], [-76.495054, 3.416623], [-76.495062, 3.416618], [-76.495069, 3.416614], [-76.495077, 3.416609], [-76.495085, 3.416604], [-76.495092, 3.416599], [-76.4951, 3.416595], [-76.495107, 3.41659], [-76.495115, 3.416585], [-76.495123, 3.41658], [-76.49513, 3.416575], [-76.495138, 3.41657], [-76.495145, 3.416565], [-76.495153, 3.41656], [-76.49516, 3.416555], [-76.495168, 3.41655], [-76.495175, 3.416545], [-76.495183, 3.41654], [-76.49519, 3.416535], [-76.495197, 3.41653], [-76.495205, 3.416525], [-76.495212, 3.416519], [-76.49522, 3.416514], [-76.495227, 3.416509], [-76.495234, 3.416504], [-76.495241, 3.416498], [-76.495249, 3.416493], [-76.495256, 3.416488], [-76.495263, 3.416482], [-76.49527, 3.416477], [-76.495278, 3.416472], [-76.495285, 3.416466], [-76.495292, 3.416461], [-76.495299, 3.416455], [-76.495306, 3.41645], [-76.495313, 3.416444], [-76.49532, 3.416438], [-76.495422, 3.416358], [-76.496758, 3.415056], [-76.497175, 3.414649], [-76.497436, 3.414396], [-76.497499, 3.414333], [-76.497634, 3.414206], [-76.49766, 3.41418], [-76.497796, 3.414043], [-76.497976, 3.413872], [-76.498174, 3.413682], [-76.498462, 3.413419], [-76.498687, 3.413202], [-76.498885, 3.413004], [-76.499092, 3.412814], [-76.499425, 3.412497], [-76.499614, 3.412316], [-76.499893, 3.412045], [-76.500109, 3.411819], [-76.500343, 3.411602], [-76.500487, 3.411457], [-76.500565, 3.411549], [-76.500622, 3.411617], [-76.50064, 3.411638], [-76.501002, 3.412002], [-76.501207, 3.412208], [-76.501378, 3.412398], [-76.501489, 3.412524], [-76.501655, 3.412712], [-76.50171, 3.412775], [-76.501729, 3.412796], [-76.501774, 3.412842], [-76.501783, 3.41285], [-76.501888, 3.41296], [-76.502026, 3.413103], [-76.502086, 3.413162], [-76.502638, 3.4137], [-76.50289, 3.41399], [-76.503027, 3.414145], [-76.503258, 3.414406], [-76.503429, 3.414578], [-76.503582, 3.41474], [-76.50372, 3.414879], [-76.503771, 3.41493], [-76.503876, 3.415042], [-76.504041, 3.41522], [-76.504123, 3.415302], [-76.504464, 3.415645], [-76.504503, 3.415695], [-76.504552, 3.415759], [-76.504554, 3.415762], [-76.504446, 3.41588], [-76.504113, 3.416196], [-76.503915, 3.416395], [-76.503765, 3.416532], [-76.503726, 3.416567], [-76.503222, 3.417046], [-76.503222, 3.417046], [-76.503042, 3.417209], [-76.503082, 3.417241], [-76.503141, 3.41729], [-76.50333, 3.417489], [-76.503438, 3.417598], [-76.503537, 3.417703], [-76.503735, 3.417915], [-76.503996, 3.418195], [-76.504116, 3.418315], [-76.504158, 3.418358], [-76.504383, 3.418593], [-76.504419, 3.418638], [-76.504512, 3.418738], [-76.50495, 3.419208], [-76.505076, 3.419334], [-76.505372, 3.41964], [-76.505445, 3.419714], [-76.505526, 3.419802], [-76.505688, 3.419977], [-76.505742, 3.420031], [-76.506321, 3.420647], [-76.506475, 3.420811], [-76.506545, 3.420886], [-76.506536, 3.420895], [-76.506516, 3.420913], [-76.506477, 3.42095], [-76.506452, 3.420974], [-76.506011, 3.421393], [-76.504789, 3.422593], [-76.504583, 3.422795], [-76.503742, 3.4236], [-76.503487, 3.423845], [-76.50273, 3.424564], [-76.502706, 3.424587], [-76.502602, 3.424686], [-76.502431, 3.424847], [-76.502211, 3.425055], [-76.501812, 3.425423], [-76.501597, 3.425615], [-76.500947, 3.426232], [-76.500197, 3.426946], [-76.499761, 3.427361], [-76.499743, 3.427378], [-76.499376, 3.427723], [-76.499109, 3.428011], [-76.499007, 3.428181], [-76.49878, 3.428559], [-76.498671, 3.42874], [-76.498575, 3.428901], [-76.498112, 3.429734], [-76.497942, 3.430052], [-76.497223, 3.431392], [-76.496704, 3.432386], [-76.49588, 3.433952], [-76.495751, 3.434197], [-76.4953, 3.435061], [-76.494806, 3.436008], [-76.493579, 3.438535], [-76.493329, 3.43901], [-76.492841, 3.43998], [-76.492412, 3.440818], [-76.491971, 3.441668], [-76.491673, 3.442255], [-76.490969, 3.44362], [-76.490817, 3.443934], [-76.490509, 3.444053], [-76.49032, 3.44412], [-76.490129, 3.444192], [-76.48993, 3.444264], [-76.489655, 3.44435], [-76.489483, 3.444377], [-76.489366, 3.444374], [-76.489244, 3.444344], [-76.489045, 3.444242], [-76.488821, 3.444147], [-76.488616, 3.444051], [-76.488461, 3.443961], [-76.488327, 3.443901], [-76.488065, 3.443826], [-76.487916, 3.443772], [-76.487761, 3.443694], [-76.487633, 3.443626], [-76.487481, 3.443554], [-76.487365, 3.443512], [-76.487108, 3.443428], [-76.486929, 3.443325]]]]}, "geometry_name": "the_geom", "properties": {"gid": 13, "id_comuna": 13, "nombre": "Comuna 13", "no_arboles": 6699, "area_m2": 197359.315, "cobarb_ha": 19.736, "arb_habita": 0.038, "arb_eep": 242, "m2_eep": 8609.503, "ha_eep": 0.861, "arb_eep_ro": 246, "m2_eep_ron": 8670.293, "ha_eep_ron": 0.867, "arb_eec_ep": 223, "m2_eec_ep": 7897.1, "ha_eec_ep": 0.79, "arb_eec_eq": 0, "m2_eec_eq": 0, "ha_eec_eq": 0, "arb_muerto": 81, "arb_regula": 5715, "arbol_sano": 902, "arbol_seco": 1}}, {"type": "Feature", "id": "emc_amb_sos_car_censo_arboreo_comuna.fid--215d4958_1a10e591eea_-cb", "geometry": {"type": "MultiPolygon", "coordinates": [[[[-76.468952, 3.419255], [-76.46929, 3.418684], [-76.469926, 3.417546], [-76.470183, 3.417091], [-76.470462, 3.416617], [-76.470769, 3.416136], [-76.470969, 3.415791], [-76.471098, 3.415594], [-76.471294, 3.415228], [-76.471844, 3.41423], [-76.471894, 3.414132], [-76.472062, 3.413796], [-76.472534, 3.412956], [-76.473037, 3.412045], [-76.473126, 3.411871], [-76.473223, 3.411718], [-76.473223, 3.411717], [-76.473252, 3.411671], [-76.473311, 3.411567], [-76.473718, 3.411735], [-76.473909, 3.411836], [-76.47574, 3.411837], [-76.475921, 3.411846], [-76.476331, 3.411867], [-76.47867, 3.411915], [-76.479677, 3.411889], [-76.479886, 3.411884], [-76.480021, 3.411865], [-76.480021, 3.411869], [-76.480023, 3.41189], [-76.480029, 3.411939], [-76.480037, 3.41202], [-76.480048, 3.412121], [-76.480048, 3.412121], [-76.480049, 3.412125], [-76.48004, 3.41213], [-76.480033, 3.412136], [-76.480026, 3.412142], [-76.48002, 3.412148], [-76.480014, 3.412155], [-76.480007, 3.412161], [-76.480001, 3.412168], [-76.479995, 3.412175], [-76.479989, 3.412181], [-76.479983, 3.412188], [-76.479978, 3.412195], [-76.479972, 3.412202], [-76.479966, 3.412209], [-76.479961, 3.412217], [-76.479956, 3.412224], [-76.479951, 3.412231], [-76.479945, 3.412239], [-76.47994, 3.412246], [-76.479936, 3.412254], [-76.479931, 3.412261], [-76.479926, 3.412269], [-76.479922, 3.412277], [-76.479917, 3.412285], [-76.479913, 3.412293], [-76.479909, 3.412301], [-76.479904, 3.412309], [-76.4799, 3.412317], [-76.479897, 3.412325], [-76.479893, 3.412333], [-76.479889, 3.412342], [-76.479886, 3.41235], [-76.479882, 3.412358], [-76.479879, 3.412367], [-76.479876, 3.412375], [-76.479873, 3.412384], [-76.47987, 3.412392], [-76.479867, 3.412401], [-76.479865, 3.41241], [-76.479862, 3.412418], [-76.47981, 3.412568], [-76.479726, 3.412841], [-76.479687, 3.413127], [-76.479685, 3.413136], [-76.479683, 3.413145], [-76.479682, 3.413153], [-76.47968, 3.413162], [-76.479679, 3.413171], [-76.479679, 3.41318], [-76.479678, 3.413189], [-76.479677, 3.413199], [-76.479677, 3.413207], [-76.479677, 3.413208], [-76.479677, 3.413217], [-76.479678, 3.413226], [-76.479678, 3.413235], [-76.479679, 3.413244], [-76.47968, 3.413253], [-76.479681, 3.413262], [-76.479682, 3.413271], [-76.479684, 3.413279], [-76.479686, 3.413288], [-76.479688, 3.413297], [-76.47969, 3.413306], [-76.479693, 3.413315], [-76.479695, 3.413323], [-76.479698, 3.413332], [-76.479701, 3.41334], [-76.479705, 3.413349], [-76.479708, 3.413357], [-76.479712, 3.413365], [-76.479716, 3.413373], [-76.47972, 3.413381], [-76.479725, 3.413389], [-76.479731, 3.4134], [-76.479871, 3.413549], [-76.480015, 3.413699], [-76.480112, 3.413871], [-76.480318, 3.4141], [-76.480589, 3.414408], [-76.480895, 3.414672], [-76.480901, 3.414675], [-76.481083, 3.414788], [-76.481158, 3.414835], [-76.481253, 3.414877], [-76.481293, 3.414895], [-76.481311, 3.414903], [-76.481434, 3.414958], [-76.481547, 3.414982], [-76.481606, 3.414995], [-76.481618, 3.414997], [-76.481811, 3.415027], [-76.481964, 3.41505], [-76.481974, 3.415051], [-76.482218, 3.415068], [-76.482369, 3.415078], [-76.482415, 3.415081], [-76.482481, 3.415086], [-76.482596, 3.415102], [-76.482603, 3.415103], [-76.48267, 3.415115], [-76.482883, 3.415151], [-76.482859, 3.415343], [-76.482886, 3.41548], [-76.482927, 3.415594], [-76.48299, 3.41566], [-76.483064, 3.415714], [-76.48318, 3.415761], [-76.483285, 3.415806], [-76.483365, 3.41586], [-76.483463, 3.415959], [-76.483523, 3.416055], [-76.483582, 3.416174], [-76.483624, 3.416327], [-76.483627, 3.416491], [-76.483612, 3.416599], [-76.4836, 3.416656], [-76.483558, 3.416757], [-76.483532, 3.416844], [-76.483502, 3.41697], [-76.483472, 3.417164], [-76.483482, 3.417278], [-76.483484, 3.417299], [-76.483523, 3.417442], [-76.483535, 3.41747], [-76.483594, 3.417601], [-76.483689, 3.41773], [-76.483752, 3.41778], [-76.483847, 3.417843], [-76.483945, 3.417915], [-76.483998, 3.417971], [-76.484049, 3.418026], [-76.484151, 3.418118], [-76.484292, 3.418276], [-76.484344, 3.418334], [-76.484558, 3.418537], [-76.484728, 3.41869], [-76.484915, 3.418818], [-76.485049, 3.418917], [-76.485171, 3.41898], [-76.485279, 3.419019], [-76.485395, 3.419052], [-76.485531, 3.419061], [-76.485662, 3.419084], [-76.485808, 3.419087], [-76.486026, 3.419087], [-76.486328, 3.41907], [-76.486357, 3.418197], [-76.486681, 3.418369], [-76.487076, 3.418656], [-76.487314, 3.418848], [-76.487662, 3.41913], [-76.487923, 3.419327], [-76.487717, 3.419407], [-76.487624, 3.419443], [-76.48755, 3.419501], [-76.487485, 3.419562], [-76.487391, 3.419742], [-76.487119, 3.420374], [-76.486934, 3.420787], [-76.486587, 3.421623], [-76.48638, 3.422121], [-76.486206, 3.422527], [-76.486087, 3.422804], [-76.486015, 3.422971], [-76.485893, 3.423243], [-76.485771, 3.423505], [-76.485614, 3.42388], [-76.485509, 3.424131], [-76.485294, 3.424663], [-76.484902, 3.425535], [-76.484702, 3.426045], [-76.484609, 3.426263], [-76.484579, 3.426331], [-76.484295, 3.426994], [-76.484118, 3.427388], [-76.48408, 3.427473], [-76.48388, 3.42789], [-76.483796, 3.428137], [-76.483788, 3.428716], [-76.483811, 3.429843], [-76.483834, 3.430831], [-76.483839, 3.43104], [-76.483856, 3.431757], [-76.483864, 3.432097], [-76.483887, 3.432985], [-76.483902, 3.433957], [-76.483909, 3.434618], [-76.48391, 3.434714], [-76.48393, 3.43509], [-76.48394, 3.435499], [-76.48397, 3.436274], [-76.48397, 3.436661], [-76.48397, 3.437037], [-76.48401, 3.437649], [-76.48401, 3.438309], [-76.484017, 3.43905], [-76.484043, 3.439507], [-76.484046, 3.440016], [-76.484034, 3.440179], [-76.483955, 3.44018], [-76.483945, 3.440181], [-76.483913, 3.440201], [-76.483856, 3.440236], [-76.483631, 3.4403], [-76.483357, 3.44049], [-76.482992, 3.440771], [-76.482638, 3.44104], [-76.482455, 3.441229], [-76.482347, 3.441344], [-76.482258, 3.441481], [-76.48189, 3.441315], [-76.481684, 3.441212], [-76.481484, 3.441158], [-76.480151, 3.440332], [-76.477257, 3.438513], [-76.476996, 3.438328], [-76.476609, 3.438053], [-76.476365, 3.437873], [-76.475978, 3.437347], [-76.475496, 3.436719], [-76.475169, 3.436288], [-76.474544, 3.435468], [-76.473753, 3.434445], [-76.473638, 3.434282], [-76.473598, 3.434224], [-76.473485, 3.434081], [-76.473247, 3.433835], [-76.473107, 3.433681], [-76.472515, 3.432932], [-76.471931, 3.432172], [-76.471592, 3.431718], [-76.471534, 3.431659], [-76.471164, 3.431149], [-76.470634, 3.430473], [-76.470621, 3.430456], [-76.470271, 3.429989], [-76.470102, 3.429769], [-76.469439, 3.428881], [-76.468582, 3.427761], [-76.468118, 3.427186], [-76.467703, 3.426626], [-76.467103, 3.425858], [-76.466761, 3.425428], [-76.466596, 3.425126], [-76.466503, 3.424889], [-76.466461, 3.424717], [-76.466411, 3.424487], [-76.466404, 3.424229], [-76.466439, 3.423963], [-76.466482, 3.423762], [-76.466561, 3.423525], [-76.466775, 3.423066], [-76.467508, 3.421811], [-76.467886, 3.421164], [-76.46864, 3.419815], [-76.468952, 3.419255]]]]}, "geometry_name": "the_geom", "properties": {"gid": 14, "id_comuna": 14, "nombre": "Comuna 14", "no_arboles": 6206, "area_m2": 164178.762, "cobarb_ha": 16.418, "arb_habita": 0.036, "arb_eep": 1051, "m2_eep": 41764.851, "ha_eep": 4.176, "arb_eep_ro": 17, "m2_eep_ron": 372.483, "ha_eep_ron": 0.037, "arb_eec_ep": 169, "m2_eec_ep": 6880.206, "ha_eec_ep": 0.688, "arb_eec_eq": 0, "m2_eec_eq": 0, "ha_eec_eq": 0, "arb_muerto": 0, "arb_regula": 4127, "arbol_sano": 1995, "arbol_seco": 84}}, {"type": "Feature", "id": "emc_amb_sos_car_censo_arboreo_comuna.fid--215d4958_1a10e591eea_-ca", "geometry": {"type": "MultiPolygon", "coordinates": [[[[-76.486681, 3.418369], [-76.486357, 3.418197], [-76.486328, 3.41907], [-76.486026, 3.419087], [-76.485808, 3.419087], [-76.485662, 3.419084], [-76.485531, 3.419061], [-76.485395, 3.419052], [-76.485279, 3.419019], [-76.485171, 3.41898], [-76.485049, 3.418917], [-76.484915, 3.418818], [-76.484728, 3.41869], [-76.484558, 3.418537], [-76.484344, 3.418334], [-76.484292, 3.418276], [-76.484151, 3.418118], [-76.484049, 3.418026], [-76.483998, 3.417971], [-76.483945, 3.417915], [-76.483847, 3.417843], [-76.483752, 3.41778], [-76.483689, 3.41773], [-76.483594, 3.417601], [-76.483535, 3.41747], [-76.483523, 3.417442], [-76.483484, 3.417299], [-76.483482, 3.417278], [-76.483472, 3.417164], [-76.483502, 3.41697], [-76.483532, 3.416844], [-76.483558, 3.416757], [-76.4836, 3.416656], [-76.483612, 3.416599], [-76.483627, 3.416491], [-76.483624, 3.416327], [-76.483582, 3.416174], [-76.483523, 3.416055], [-76.483463, 3.415959], [-76.483365, 3.41586], [-76.483285, 3.415806], [-76.48318, 3.415761], [-76.483064, 3.415714], [-76.48299, 3.41566], [-76.482927, 3.415594], [-76.482886, 3.41548], [-76.482859, 3.415343], [-76.482883, 3.415151], [-76.482883, 3.415151], [-76.482884, 3.415149], [-76.482884, 3.415148], [-76.482885, 3.415145], [-76.482887, 3.415134], [-76.482888, 3.415129], [-76.482897, 3.415074], [-76.482913, 3.414988], [-76.482921, 3.414946], [-76.482922, 3.414928], [-76.482929, 3.414847], [-76.482933, 3.414803], [-76.482934, 3.41479], [-76.48294, 3.414721], [-76.482944, 3.414665], [-76.482944, 3.414659], [-76.482944, 3.414655], [-76.482945, 3.414646], [-76.482945, 3.414637], [-76.482946, 3.414628], [-76.482947, 3.414619], [-76.482948, 3.41461], [-76.482949, 3.414601], [-76.48295, 3.414592], [-76.482951, 3.414583], [-76.482953, 3.414575], [-76.482953, 3.414572], [-76.482954, 3.414566], [-76.482956, 3.414557], [-76.482957, 3.414548], [-76.482959, 3.414539], [-76.48296, 3.414538], [-76.482961, 3.41453], [-76.482963, 3.414521], [-76.482966, 3.414513], [-76.482968, 3.414504], [-76.48297, 3.414495], [-76.482973, 3.414487], [-76.482976, 3.414479], [-76.482976, 3.414478], [-76.482981, 3.414462], [-76.483018, 3.414389], [-76.483021, 3.414381], [-76.483024, 3.414375], [-76.483025, 3.414373], [-76.483028, 3.414364], [-76.483032, 3.414356], [-76.483036, 3.414348], [-76.483041, 3.41434], [-76.483045, 3.414332], [-76.48305, 3.414325], [-76.483055, 3.414317], [-76.483061, 3.41431], [-76.483066, 3.414303], [-76.483067, 3.414303], [-76.483072, 3.414296], [-76.483078, 3.41429], [-76.483085, 3.414283], [-76.483091, 3.414277], [-76.483098, 3.414271], [-76.483105, 3.414265], [-76.483114, 3.414257], [-76.483138, 3.414238], [-76.483201, 3.414187], [-76.483243, 3.41415], [-76.48325, 3.414145], [-76.483258, 3.41414], [-76.483265, 3.414135], [-76.483272, 3.414129], [-76.48328, 3.414124], [-76.483287, 3.414118], [-76.483287, 3.414118], [-76.483294, 3.414113], [-76.483299, 3.414108], [-76.483301, 3.414107], [-76.483307, 3.414101], [-76.483314, 3.414095], [-76.483321, 3.414089], [-76.483327, 3.414082], [-76.483334, 3.414076], [-76.48334, 3.41407], [-76.483346, 3.414063], [-76.483352, 3.414057], [-76.483358, 3.41405], [-76.483364, 3.414043], [-76.48337, 3.414036], [-76.483376, 3.414029], [-76.48338, 3.414024], [-76.483381, 3.414022], [-76.483387, 3.414015], [-76.483392, 3.414008], [-76.483398, 3.414], [-76.483403, 3.413993], [-76.483408, 3.413985], [-76.483411, 3.41398], [-76.483413, 3.413978], [-76.483417, 3.41397], [-76.483424, 3.41396], [-76.483429, 3.413952], [-76.483433, 3.413944], [-76.483437, 3.413936], [-76.483441, 3.413928], [-76.483445, 3.41392], [-76.483449, 3.413912], [-76.483452, 3.413903], [-76.483454, 3.413897], [-76.483455, 3.413895], [-76.483458, 3.413886], [-76.48346, 3.413878], [-76.483463, 3.413869], [-76.483465, 3.41386], [-76.483465, 3.413855], [-76.483466, 3.413851], [-76.483468, 3.413842], [-76.483469, 3.413833], [-76.48347, 3.413824], [-76.48347, 3.413815], [-76.483471, 3.413806], [-76.483471, 3.413797], [-76.483471, 3.413795], [-76.483471, 3.413788], [-76.48347, 3.413779], [-76.48347, 3.41377], [-76.483469, 3.413761], [-76.483467, 3.413749], [-76.483448, 3.413697], [-76.483435, 3.413646], [-76.483435, 3.413642], [-76.483435, 3.413618], [-76.48346, 3.413601], [-76.483497, 3.413573], [-76.483535, 3.413542], [-76.483624, 3.413481], [-76.483656, 3.413459], [-76.483712, 3.413416], [-76.483713, 3.413416], [-76.483796, 3.413374], [-76.483923, 3.413316], [-76.484031, 3.413274], [-76.484154, 3.413224], [-76.484178, 3.413214], [-76.484379, 3.413132], [-76.484905, 3.412917], [-76.484953, 3.412897], [-76.484967, 3.412892], [-76.485412, 3.412714], [-76.485705, 3.412597], [-76.485902, 3.412518], [-76.486, 3.412477], [-76.486152, 3.412412], [-76.486589, 3.412225], [-76.486765, 3.41215], [-76.486798, 3.412125], [-76.486844, 3.41209], [-76.487116, 3.411924], [-76.487204, 3.41187], [-76.487463, 3.411711], [-76.487498, 3.41169], [-76.487636, 3.411604], [-76.487766, 3.411523], [-76.48778, 3.411515], [-76.488083, 3.411331], [-76.488304, 3.411197], [-76.488534, 3.411058], [-76.488663, 3.41098], [-76.488873, 3.410852], [-76.488993, 3.410779], [-76.489035, 3.410754], [-76.489066, 3.410736], [-76.489288, 3.410605], [-76.489346, 3.410559], [-76.489437, 3.410489], [-76.489567, 3.410358], [-76.489606, 3.410319], [-76.489674, 3.410269], [-76.489818, 3.410161], [-76.48992, 3.410105], [-76.490123, 3.409986], [-76.490178, 3.40995], [-76.490201, 3.409934], [-76.490412, 3.409796], [-76.490647, 3.409636], [-76.490707, 3.409595], [-76.490722, 3.409585], [-76.490786, 3.409537], [-76.491002, 3.409374], [-76.491101, 3.4093], [-76.491137, 3.409268], [-76.491292, 3.409133], [-76.491341, 3.40909], [-76.491414, 3.409027], [-76.491612, 3.408849], [-76.49167, 3.408774], [-76.491712, 3.408719], [-76.491847, 3.408544], [-76.491866, 3.408521], [-76.491987, 3.408369], [-76.492098, 3.408231], [-76.492192, 3.408112], [-76.492249, 3.408041], [-76.492311, 3.407946], [-76.492386, 3.407831], [-76.492524, 3.407618], [-76.492568, 3.40755], [-76.492641, 3.407437], [-76.492724, 3.407317], [-76.492805, 3.4072], [-76.492962, 3.406973], [-76.493028, 3.406878], [-76.493033, 3.406871], [-76.493177, 3.406712], [-76.493282, 3.406597], [-76.493315, 3.406561], [-76.49355, 3.406347], [-76.493624, 3.406279], [-76.493811, 3.40611], [-76.494019, 3.405956], [-76.494202, 3.405822], [-76.494253, 3.405799], [-76.494335, 3.405763], [-76.494562, 3.405662], [-76.494588, 3.405651], [-76.494652, 3.405612], [-76.494757, 3.405548], [-76.494875, 3.405474], [-76.49488, 3.40547], [-76.495002, 3.405397], [-76.495102, 3.405338], [-76.495168, 3.405294], [-76.495255, 3.405237], [-76.495425, 3.405124], [-76.495459, 3.405101], [-76.495543, 3.405047], [-76.495738, 3.404922], [-76.495738, 3.404922], [-76.495837, 3.40485], [-76.49589, 3.404812], [-76.495941, 3.404767], [-76.496038, 3.404681], [-76.496068, 3.404652], [-76.496151, 3.404568], [-76.496156, 3.404563], [-76.496256, 3.404462], [-76.496276, 3.404447], [-76.496416, 3.404342], [-76.4965, 3.404278], [-76.496512, 3.404268], [-76.496661, 3.404134], [-76.496705, 3.404094], [-76.496739, 3.404064], [-76.496914, 3.403911], [-76.496949, 3.40388], [-76.496974, 3.403858], [-76.497171, 3.403685], [-76.497221, 3.403641], [-76.497224, 3.403639], [-76.497397, 3.403486], [-76.497514, 3.403383], [-76.497616, 3.403293], [-76.497661, 3.403254], [-76.497735, 3.403189], [-76.49779, 3.403141], [-76.497945, 3.403035], [-76.498042, 3.402969], [-76.498055, 3.40296], [-76.498066, 3.402952], [-76.498074, 3.402947], [-76.498081, 3.402942], [-76.498088, 3.402937], [-76.498096, 3.402931], [-76.498103, 3.402926], [-76.49811, 3.402921], [-76.498118, 3.402916], [-76.498125, 3.40291], [-76.498132, 3.402905], [-76.49814, 3.4029], [-76.498147, 3.402895], [-76.498154, 3.402889], [-76.498162, 3.402884], [-76.498169, 3.402879], [-76.498176, 3.402874], [-76.498183, 3.402868], [-76.498191, 3.402863], [-76.498198, 3.402858], [-76.498205, 3.402852], [-76.498213, 3.402847], [-76.49822, 3.402842], [-76.498227, 3.402836], [-76.498234, 3.402831], [-76.498242, 3.402826], [-76.498249, 3.40282], [-76.498251, 3.402819], [-76.498256, 3.402815], [-76.498264, 3.40281], [-76.498271, 3.402804], [-76.498278, 3.402799], [-76.498285, 3.402794], [-76.498293, 3.402788], [-76.4983, 3.402783], [-76.498307, 3.402777], [-76.498314, 3.402772], [-76.498321, 3.402767], [-76.498329, 3.402761], [-76.498336, 3.402756], [-76.498343, 3.402751], [-76.49835, 3.402745], [-76.498358, 3.40274], [-76.498365, 3.402734], [-76.498369, 3.402731], [-76.498372, 3.402729], [-76.498379, 3.402723], [-76.498386, 3.402718], [-76.498394, 3.402713], [-76.498401, 3.402707], [-76.498408, 3.402702], [-76.498415, 3.402696], [-76.498422, 3.402691], [-76.498429, 3.402685], [-76.498437, 3.40268], [-76.498444, 3.402674], [-76.498451, 3.402669], [-76.498458, 3.402663], [-76.498465, 3.402658], [-76.498472, 3.402652], [-76.49848, 3.402647], [-76.498487, 3.402641], [-76.498494, 3.402636], [-76.498501, 3.402631], [-76.498508, 3.402625], [-76.498515, 3.402619], [-76.498522, 3.402614], [-76.49853, 3.402608], [-76.498533, 3.402606], [-76.498537, 3.402603], [-76.498544, 3.402597], [-76.498551, 3.402592], [-76.498558, 3.402586], [-76.498565, 3.402581], [-76.498572, 3.402575], [-76.498579, 3.40257], [-76.498586, 3.402564], [-76.498593, 3.402558], [-76.498601, 3.402553], [-76.498608, 3.402547], [-76.498615, 3.402542], [-76.498622, 3.402536], [-76.498629, 3.402531], [-76.498636, 3.402525], [-76.498643, 3.402519], [-76.498647, 3.402516], [-76.49865, 3.402514], [-76.498657, 3.402508], [-76.498664, 3.402503], [-76.498671, 3.402497], [-76.498678, 3.402491], [-76.498685, 3.402486], [-76.498692, 3.40248], [-76.498699, 3.402474], [-76.498706, 3.402469], [-76.498713, 3.402463], [-76.498721, 3.402457], [-76.498728, 3.402452], [-76.498734, 3.402446], [-76.498742, 3.40244], [-76.498749, 3.402435], [-76.498756, 3.402429], [-76.498763, 3.402423], [-76.49877, 3.402418], [-76.498777, 3.402412], [-76.498784, 3.402406], [-76.498791, 3.402401], [-76.498797, 3.402395], [-76.4988, 3.402393], [-76.498802, 3.402391], [-76.498805, 3.402389], [-76.498811, 3.402384], [-76.498818, 3.402378], [-76.498825, 3.402372], [-76.498832, 3.402366], [-76.498839, 3.402361], [-76.498846, 3.402355], [-76.498853, 3.402349], [-76.498863, 3.402338], [-76.498869, 3.402331], [-76.498875, 3.402325], [-76.498881, 3.402318], [-76.498885, 3.402314], [-76.498887, 3.402311], [-76.498893, 3.402304], [-76.498899, 3.402298], [-76.498905, 3.402291], [-76.498911, 3.402284], [-76.498917, 3.402277], [-76.49892, 3.402274], [-76.498923, 3.40227], [-76.498928, 3.402264], [-76.498934, 3.402257], [-76.49894, 3.40225], [-76.498946, 3.402243], [-76.498952, 3.402236], [-76.498958, 3.402229], [-76.498964, 3.402222], [-76.498969, 3.402215], [-76.498975, 3.402208], [-76.498981, 3.402201], [-76.498987, 3.402194], [-76.498992, 3.402188], [-76.498992, 3.402187], [-76.498998, 3.402181], [-76.499004, 3.402174], [-76.499006, 3.402171], [-76.499009, 3.402167], [-76.499015, 3.402159], [-76.499021, 3.402152], [-76.499026, 3.402145], [-76.499032, 3.402138], [-76.499038, 3.402131], [-76.499043, 3.402124], [-76.499049, 3.402117], [-76.499054, 3.40211], [-76.49906, 3.402103], [-76.499066, 3.402096], [-76.499071, 3.402089], [-76.499077, 3.402082], [-76.499082, 3.402074], [-76.499084, 3.402072], [-76.499088, 3.402067], [-76.499093, 3.40206], [-76.499099, 3.402053], [-76.499104, 3.402046], [-76.499106, 3.402043], [-76.49911, 3.402039], [-76.499115, 3.402031], [-76.49912, 3.402024], [-76.499126, 3.402017], [-76.499131, 3.40201], [-76.499137, 3.402002], [-76.499142, 3.401995], [-76.499147, 3.401988], [-76.499153, 3.401981], [-76.499158, 3.401973], [-76.499163, 3.401966], [-76.499169, 3.401959], [-76.499172, 3.401954], [-76.499174, 3.401951], [-76.499179, 3.401944], [-76.499184, 3.401937], [-76.49919, 3.401929], [-76.499192, 3.401927], [-76.499195, 3.401922], [-76.4992, 3.401915], [-76.499205, 3.401907], [-76.49921, 3.4019], [-76.499216, 3.401892], [-76.499221, 3.401885], [-76.499226, 3.401878], [-76.499231, 3.40187], [-76.499236, 3.401863], [-76.499241, 3.401855], [-76.499246, 3.401848], [-76.499246, 3.401848], [-76.499251, 3.40184], [-76.499256, 3.401833], [-76.499261, 3.401825], [-76.499263, 3.401822], [-76.499266, 3.401818], [-76.499271, 3.40181], [-76.499276, 3.401803], [-76.499281, 3.401795], [-76.499286, 3.401788], [-76.499291, 3.40178], [-76.499296, 3.401773], [-76.499301, 3.401765], [-76.499306, 3.401757], [-76.499311, 3.40175], [-76.499316, 3.401742], [-76.499321, 3.401735], [-76.499326, 3.401727], [-76.499329, 3.401721], [-76.49933, 3.401719], [-76.499335, 3.401712], [-76.49934, 3.401704], [-76.499343, 3.401699], [-76.499345, 3.401696], [-76.49935, 3.401689], [-76.499354, 3.401681], [-76.499359, 3.401673], [-76.499364, 3.401666], [-76.499369, 3.401658], [-76.4994, 3.401603], [-76.499414, 3.401577], [-76.499459, 3.401498], [-76.499469, 3.401479], [-76.499482, 3.401454], [-76.499532, 3.401357], [-76.499538, 3.401347], [-76.499546, 3.401334], [-76.499606, 3.401227], [-76.49961, 3.401218], [-76.499618, 3.401204], [-76.499674, 3.401097], [-76.499684, 3.401078], [-76.49969, 3.401067], [-76.499736, 3.400982], [-76.499749, 3.400957], [-76.499796, 3.400872], [-76.499798, 3.400867], [-76.499806, 3.40085], [-76.499853, 3.40075], [-76.499854, 3.400748], [-76.499864, 3.400727], [-76.499901, 3.400656], [-76.499927, 3.400605], [-76.499969, 3.400524], [-76.499978, 3.400506], [-76.499992, 3.400479], [-76.500035, 3.400393], [-76.500045, 3.400373], [-76.500104, 3.400257], [-76.500113, 3.400239], [-76.500145, 3.400176], [-76.500171, 3.400127], [-76.50018, 3.40011], [-76.500233, 3.400011], [-76.500241, 3.399996], [-76.500248, 3.399983], [-76.500304, 3.399873], [-76.500308, 3.399867], [-76.500316, 3.399852], [-76.50038, 3.399735], [-76.500388, 3.399719], [-76.500417, 3.399667], [-76.500453, 3.399598], [-76.50046, 3.399584], [-76.500524, 3.399461], [-76.500531, 3.399448], [-76.500533, 3.399444], [-76.50059, 3.399338], [-76.500597, 3.399326], [-76.500613, 3.399297], [-76.500654, 3.399213], [-76.500665, 3.399192], [-76.500688, 3.399145], [-76.50072, 3.399089], [-76.500732, 3.399067], [-76.500781, 3.39898], [-76.500792, 3.398958], [-76.500799, 3.398943], [-76.500859, 3.398824], [-76.500866, 3.398808], [-76.500893, 3.398755], [-76.500932, 3.39868], [-76.500941, 3.398664], [-76.500986, 3.398577], [-76.501003, 3.398545], [-76.501007, 3.398536], [-76.501038, 3.398477], [-76.501052, 3.39845], [-76.501102, 3.398352], [-76.501112, 3.398335], [-76.501117, 3.398324], [-76.501178, 3.398209], [-76.501186, 3.398194], [-76.501187, 3.398193], [-76.501245, 3.398078], [-76.501254, 3.398061], [-76.501277, 3.398016], [-76.50132, 3.397935], [-76.501326, 3.397924], [-76.501385, 3.397812], [-76.501392, 3.397798], [-76.501399, 3.397785], [-76.501461, 3.397664], [-76.501462, 3.397661], [-76.501468, 3.397651], [-76.50153, 3.39753], [-76.501537, 3.397516], [-76.501544, 3.397503], [-76.5016, 3.397395], [-76.501608, 3.397379], [-76.501613, 3.397368], [-76.501667, 3.397272], [-76.501677, 3.397255], [-76.501704, 3.397206], [-76.501733, 3.39715], [-76.501742, 3.397133], [-76.501784, 3.397052], [-76.501805, 3.397016], [-76.501812, 3.397004], [-76.501876, 3.396894], [-76.501881, 3.396885], [-76.501885, 3.396877], [-76.501943, 3.396763], [-76.501953, 3.396744], [-76.502, 3.396651], [-76.502012, 3.396628], [-76.502012, 3.396627], [-76.502066, 3.396523], [-76.502077, 3.396502], [-76.502109, 3.396439], [-76.50213, 3.396399], [-76.50214, 3.396379], [-76.502196, 3.396271], [-76.502198, 3.396268], [-76.502206, 3.396252], [-76.502262, 3.396146], [-76.502263, 3.396145], [-76.50227, 3.39613], [-76.502325, 3.396018], [-76.502333, 3.396], [-76.502351, 3.395964], [-76.502384, 3.395894], [-76.502389, 3.395884], [-76.502433, 3.395789], [-76.502443, 3.395771], [-76.50245, 3.395757], [-76.502509, 3.395646], [-76.502521, 3.395624], [-76.502536, 3.395596], [-76.502577, 3.395525], [-76.502589, 3.395502], [-76.502601, 3.395481], [-76.502647, 3.395399], [-76.502656, 3.395382], [-76.502683, 3.395334], [-76.502711, 3.395279], [-76.50272, 3.395261], [-76.502726, 3.395251], [-76.502759, 3.395187], [-76.502783, 3.395139], [-76.50281, 3.395087], [-76.502852, 3.395011], [-76.502901, 3.394922], [-76.502912, 3.394898], [-76.503, 3.394708], [-76.50301, 3.394686], [-76.503036, 3.394628], [-76.503123, 3.394437], [-76.503144, 3.394394], [-76.503179, 3.394321], [-76.50322, 3.394238], [-76.503272, 3.394149], [-76.503279, 3.394138], [-76.503337, 3.394054], [-76.503388, 3.39398], [-76.503496, 3.393835], [-76.503515, 3.393807], [-76.50355, 3.393759], [-76.503636, 3.39364], [-76.503746, 3.393497], [-76.503777, 3.393457], [-76.503783, 3.393449], [-76.503953, 3.393198], [-76.503993, 3.393144], [-76.504015, 3.393115], [-76.504153, 3.392929], [-76.504239, 3.392801], [-76.504266, 3.39276], [-76.504313, 3.392691], [-76.504501, 3.392435], [-76.504505, 3.392429], [-76.504523, 3.3924], [-76.5046, 3.392275], [-76.504695, 3.392141], [-76.504734, 3.39209], [-76.504738, 3.392084], [-76.504762, 3.392053], [-76.504777, 3.392034], [-76.504854, 3.391954], [-76.504932, 3.391881], [-76.505011, 3.391801], [-76.505055, 3.391757], [-76.505071, 3.391742], [-76.50513, 3.391686], [-76.505208, 3.391614], [-76.505312, 3.391518], [-76.505372, 3.391463], [-76.505411, 3.391428], [-76.505684, 3.391177], [-76.505738, 3.391128], [-76.505945, 3.390938], [-76.506052, 3.390839], [-76.50606, 3.39083], [-76.50609, 3.390803], [-76.506286, 3.39062], [-76.506393, 3.390524], [-76.50648, 3.390446], [-76.506709, 3.390241], [-76.506753, 3.390199], [-76.506767, 3.390187], [-76.50686, 3.3901], [-76.506877, 3.390085], [-76.507028, 3.389911], [-76.507151, 3.389816], [-76.507278, 3.389718], [-76.507366, 3.389641], [-76.507528, 3.389498], [-76.507541, 3.389487], [-76.507797, 3.389265], [-76.507868, 3.389203], [-76.507882, 3.389191], [-76.508052, 3.389047], [-76.508121, 3.388997], [-76.508175, 3.388936], [-76.508229, 3.38885], [-76.508274, 3.388796], [-76.508356, 3.388757], [-76.50855, 3.3887], [-76.508652, 3.388678], [-76.508811, 3.388644], [-76.508855, 3.388634], [-76.509128, 3.38857], [-76.509143, 3.388571], [-76.509152, 3.38857], [-76.50916, 3.388568], [-76.509169, 3.388566], [-76.509178, 3.388563], [-76.509186, 3.38856], [-76.509194, 3.388556], [-76.509202, 3.388551], [-76.509209, 3.388546], [-76.509216, 3.38854], [-76.509224, 3.388528], [-76.509229, 3.388521], [-76.509235, 3.388514], [-76.509241, 3.388508], [-76.509248, 3.388502], [-76.509255, 3.388496], [-76.509365, 3.388466], [-76.50941, 3.388458], [-76.50942, 3.388455], [-76.509509, 3.388438], [-76.50954, 3.388431], [-76.509621, 3.388412], [-76.509867, 3.388353], [-76.509918, 3.388341], [-76.510009, 3.388319], [-76.510015, 3.388374], [-76.510407, 3.389509], [-76.510423, 3.389555], [-76.510459, 3.389661], [-76.510624, 3.390071], [-76.510911, 3.390551], [-76.510933, 3.390581], [-76.511176, 3.390909], [-76.511441, 3.391267], [-76.512574, 3.392739], [-76.512704, 3.392908], [-76.513215, 3.393585], [-76.51334, 3.39375], [-76.513687, 3.394209], [-76.514576, 3.395387], [-76.515357, 3.396347], [-76.515572, 3.396563], [-76.515618, 3.396609], [-76.515801, 3.396765], [-76.516183, 3.397092], [-76.515318, 3.397902], [-76.515152, 3.398052], [-76.515147, 3.398056], [-76.514617, 3.398545], [-76.513663, 3.399413], [-76.513555, 3.399512], [-76.513339, 3.399711], [-76.512259, 3.400715], [-76.511638, 3.401284], [-76.511161, 3.401718], [-76.511111, 3.401764], [-76.510878, 3.401977], [-76.51051, 3.402314], [-76.510351, 3.40246], [-76.509532, 3.40321], [-76.509217, 3.4035], [-76.508623, 3.404051], [-76.508173, 3.404467], [-76.507759, 3.404838], [-76.507688, 3.404903], [-76.507648, 3.404939], [-76.50757, 3.40501], [-76.507519, 3.405057], [-76.506895, 3.405634], [-76.506247, 3.406231], [-76.505761, 3.406674], [-76.505482, 3.406927], [-76.504933, 3.407433], [-76.504294, 3.408003], [-76.504082, 3.408197], [-76.503889, 3.408374], [-76.503358, 3.40888], [-76.502829, 3.409341], [-76.502818, 3.40935], [-76.502485, 3.409649], [-76.502269, 3.409857], [-76.502267, 3.409858], [-76.501799, 3.410302], [-76.501614, 3.410483], [-76.501459, 3.410634], [-76.500955, 3.411096], [-76.500703, 3.411267], [-76.500568, 3.411376], [-76.500492, 3.411453], [-76.500487, 3.411457], [-76.500343, 3.411602], [-76.500109, 3.411819], [-76.499893, 3.412045], [-76.499614, 3.412316], [-76.499425, 3.412497], [-76.499092, 3.412814], [-76.498885, 3.413004], [-76.498687, 3.413202], [-76.498462, 3.413419], [-76.498174, 3.413682], [-76.497976, 3.413872], [-76.497796, 3.414043], [-76.49766, 3.41418], [-76.497634, 3.414206], [-76.497499, 3.414333], [-76.497436, 3.414396], [-76.497175, 3.414649], [-76.496758, 3.415056], [-76.495422, 3.416358], [-76.49532, 3.416438], [-76.495313, 3.416444], [-76.495306, 3.41645], [-76.495299, 3.416455], [-76.495292, 3.416461], [-76.495285, 3.416466], [-76.495278, 3.416472], [-76.49527, 3.416477], [-76.495263, 3.416482], [-76.495256, 3.416488], [-76.495249, 3.416493], [-76.495241, 3.416498], [-76.495234, 3.416504], [-76.495227, 3.416509], [-76.49522, 3.416514], [-76.495212, 3.416519], [-76.495205, 3.416525], [-76.495197, 3.41653], [-76.49519, 3.416535], [-76.495183, 3.41654], [-76.495175, 3.416545], [-76.495168, 3.41655], [-76.49516, 3.416555], [-76.495153, 3.41656], [-76.495145, 3.416565], [-76.495138, 3.41657], [-76.49513, 3.416575], [-76.495123, 3.41658], [-76.495115, 3.416585], [-76.495107, 3.41659], [-76.4951, 3.416595], [-76.495092, 3.416599], [-76.495085, 3.416604], [-76.495077, 3.416609], [-76.495069, 3.416614], [-76.495062, 3.416618], [-76.495054, 3.416623], [-76.495046, 3.416628], [-76.495046, 3.416628], [-76.495038, 3.416632], [-76.495031, 3.416637], [-76.495022, 3.416642], [-76.495013, 3.416644], [-76.495005, 3.416647], [-76.494996, 3.416649], [-76.494987, 3.416652], [-76.494979, 3.416654], [-76.49497, 3.416656], [-76.494961, 3.416658], [-76.494952, 3.41666], [-76.494944, 3.416662], [-76.494935, 3.416664], [-76.494926, 3.416666], [-76.494917, 3.416667], [-76.494908, 3.416669], [-76.494899, 3.416671], [-76.494891, 3.416672], [-76.494882, 3.416673], [-76.494873, 3.416675], [-76.494864, 3.416676], [-76.494855, 3.416677], [-76.494846, 3.416678], [-76.494837, 3.41668], [-76.494828, 3.416681], [-76.494819, 3.416681], [-76.49481, 3.416682], [-76.494801, 3.416683], [-76.494792, 3.416684], [-76.494783, 3.416684], [-76.494774, 3.416685], [-76.494765, 3.416685], [-76.494756, 3.416686], [-76.494739, 3.416686], [-76.49445, 3.416682], [-76.494434, 3.416682], [-76.494305, 3.416682], [-76.494115, 3.416695], [-76.493938, 3.416691], [-76.493765, 3.416682], [-76.49365, 3.416677], [-76.493641, 3.416676], [-76.493632, 3.416676], [-76.493623, 3.416675], [-76.493614, 3.416674], [-76.493605, 3.416674], [-76.493596, 3.416673], [-76.493587, 3.416673], [-76.493578, 3.416673], [-76.493569, 3.416673], [-76.49356, 3.416673], [-76.493551, 3.416673], [-76.493542, 3.416673], [-76.493533, 3.416674], [-76.493524, 3.416674], [-76.493515, 3.416675], [-76.493506, 3.416675], [-76.493497, 3.416676], [-76.493489, 3.416677], [-76.49348, 3.416678], [-76.493471, 3.416679], [-76.493455, 3.416682], [-76.493447, 3.416684], [-76.493438, 3.416687], [-76.49343, 3.416689], [-76.493421, 3.416692], [-76.493412, 3.416695], [-76.493404, 3.416698], [-76.493395, 3.416701], [-76.493387, 3.416704], [-76.493378, 3.416707], [-76.49337, 3.41671], [-76.493362, 3.416713], [-76.493353, 3.416717], [-76.493345, 3.41672], [-76.493337, 3.416723], [-76.493328, 3.416727], [-76.49332, 3.416731], [-76.493312, 3.416734], [-76.493304, 3.416738], [-76.493296, 3.416742], [-76.493288, 3.416746], [-76.493274, 3.416753], [-76.493266, 3.416757], [-76.493258, 3.416762], [-76.493251, 3.416766], [-76.493243, 3.416771], [-76.493235, 3.416776], [-76.493227, 3.41678], [-76.49322, 3.416785], [-76.493212, 3.41679], [-76.493205, 3.416795], [-76.493197, 3.4168], [-76.493189, 3.416805], [-76.493182, 3.41681], [-76.493174, 3.416815], [-76.493167, 3.41682], [-76.49316, 3.416825], [-76.493152, 3.41683], [-76.493145, 3.416835], [-76.493138, 3.416841], [-76.49313, 3.416846], [-76.493123, 3.416851], [-76.493116, 3.416857], [-76.493109, 3.416862], [-76.493102, 3.416868], [-76.493095, 3.416873], [-76.493088, 3.416879], [-76.493081, 3.416885], [-76.493075, 3.416889], [-76.493074, 3.41689], [-76.493067, 3.416896], [-76.49306, 3.416902], [-76.493053, 3.416908], [-76.493046, 3.416914], [-76.493039, 3.41692], [-76.493037, 3.416922], [-76.493032, 3.416926], [-76.493022, 3.416935], [-76.492898, 3.417073], [-76.492796, 3.417251], [-76.492654, 3.417402], [-76.492526, 3.417527], [-76.492384, 3.417669], [-76.49219, 3.417845], [-76.49188, 3.418045], [-76.491543, 3.418218], [-76.491278, 3.418311], [-76.491048, 3.418391], [-76.490942, 3.418427], [-76.490791, 3.418467], [-76.490636, 3.418489], [-76.490499, 3.418538], [-76.49038, 3.418585], [-76.490238, 3.418643], [-76.490074, 3.418736], [-76.489972, 3.418807], [-76.489888, 3.418856], [-76.489786, 3.418918], [-76.489752, 3.41894], [-76.489553, 3.419061], [-76.489283, 3.419227], [-76.489075, 3.419346], [-76.488883, 3.419443], [-76.488708, 3.419476], [-76.488555, 3.419487], [-76.488424, 3.419482], [-76.488334, 3.41947], [-76.488083, 3.419432], [-76.488056, 3.419428], [-76.487923, 3.419327], [-76.487662, 3.41913], [-76.487314, 3.418848], [-76.487076, 3.418656], [-76.486681, 3.418369]]]]}, "geometry_name": "the_geom", "properties": {"gid": 15, "id_comuna": 15, "nombre": "Comuna 15", "no_arboles": 10803, "area_m2": 265763.73, "cobarb_ha": 26.576, "arb_habita": 0.068, "arb_eep": 612, "m2_eep": 21397.643, "ha_eep": 2.14, "arb_eep_ro": 49, "m2_eep_ron": 1803.863, "ha_eep_ron": 0.18, "arb_eec_ep": 579, "m2_eec_ep": 17117.881, "ha_eec_ep": 1.712, "arb_eec_eq": 0, "m2_eec_eq": 0, "ha_eec_eq": 0, "arb_muerto": 0, "arb_regula": 7755, "arbol_sano": 2953, "arbol_seco": 95}}, {"type": "Feature", "id": "emc_amb_sos_car_censo_arboreo_comuna.fid--215d4958_1a10e591eea_-c9", "geometry": {"type": "MultiPolygon", "coordinates": [[[[-76.511176, 3.390909], [-76.510933, 3.390581], [-76.510911, 3.390551], [-76.510624, 3.390071], [-76.510459, 3.389661], [-76.510423, 3.389555], [-76.510407, 3.389509], [-76.510015, 3.388374], [-76.510009, 3.388319], [-76.510043, 3.388317], [-76.510076, 3.388315], [-76.510112, 3.388354], [-76.510179, 3.388348], [-76.510217, 3.388352], [-76.510253, 3.388371], [-76.510295, 3.388394], [-76.51035, 3.388417], [-76.510377, 3.388432], [-76.510427, 3.388436], [-76.510476, 3.388436], [-76.510528, 3.388438], [-76.510576, 3.388432], [-76.510619, 3.388424], [-76.510644, 3.388409], [-76.510688, 3.388373], [-76.510713, 3.388339], [-76.51073, 3.388331], [-76.510757, 3.388318], [-76.510793, 3.388301], [-76.510856, 3.388286], [-76.510904, 3.388286], [-76.510953, 3.388289], [-76.510999, 3.388297], [-76.511043, 3.388297], [-76.511114, 3.388293], [-76.511159, 3.388286], [-76.511196, 3.388259], [-76.511228, 3.38824], [-76.511268, 3.3882], [-76.511304, 3.388164], [-76.51135, 3.388143], [-76.511379, 3.388139], [-76.511413, 3.388136], [-76.511455, 3.388151], [-76.511507, 3.388164], [-76.511558, 3.388179], [-76.511634, 3.388217], [-76.511692, 3.388244], [-76.51176, 3.38828], [-76.511786, 3.388295], [-76.511806, 3.388305], [-76.51185, 3.388335], [-76.511913, 3.388362], [-76.511963, 3.388384], [-76.512014, 3.388396], [-76.512047, 3.388403], [-76.512087, 3.388405], [-76.512127, 3.388398], [-76.512155, 3.388394], [-76.512167, 3.388381], [-76.512186, 3.388362], [-76.51222, 3.38835], [-76.512237, 3.388354], [-76.512268, 3.388367], [-76.512295, 3.388386], [-76.512325, 3.388413], [-76.512356, 3.388436], [-76.512373, 3.388449], [-76.512409, 3.388468], [-76.51243, 3.388487], [-76.512455, 3.388512], [-76.512476, 3.388542], [-76.512487, 3.388563], [-76.512504, 3.388584], [-76.512541, 3.388624], [-76.5126, 3.388669], [-76.512632, 3.38869], [-76.512684, 3.388724], [-76.512739, 3.388753], [-76.512783, 3.388774], [-76.512842, 3.3888], [-76.512941, 3.388848], [-76.513004, 3.388876], [-76.513041, 3.388886], [-76.513144, 3.38892], [-76.513214, 3.38895], [-76.513216, 3.388951], [-76.51329, 3.388981], [-76.513466, 3.38905], [-76.513606, 3.389131], [-76.513678, 3.389179], [-76.513733, 3.389216], [-76.51374, 3.389221], [-76.513778, 3.389257], [-76.513932, 3.389402], [-76.514142, 3.389517], [-76.514206, 3.389511], [-76.514283, 3.389515], [-76.514379, 3.389529], [-76.514466, 3.389549], [-76.514542, 3.38958], [-76.51462, 3.389628], [-76.514708, 3.389678], [-76.514798, 3.389693], [-76.514856, 3.38967], [-76.514899, 3.389627], [-76.514946, 3.389543], [-76.514988, 3.389406], [-76.515037, 3.38928], [-76.515095, 3.389181], [-76.515175, 3.389115], [-76.515243, 3.389095], [-76.515269, 3.389088], [-76.515334, 3.389079], [-76.515441, 3.389067], [-76.515526, 3.389072], [-76.515572, 3.389098], [-76.515612, 3.389144], [-76.515681, 3.389186], [-76.515754, 3.389204], [-76.515839, 3.389191], [-76.51593, 3.389167], [-76.515999, 3.389166], [-76.516117, 3.389185], [-76.516291, 3.389284], [-76.516327, 3.389308], [-76.516357, 3.389327], [-76.516444, 3.389407], [-76.516563, 3.389501], [-76.516649, 3.38954], [-76.516797, 3.389578], [-76.516857, 3.389581], [-76.517004, 3.389582], [-76.517208, 3.389581], [-76.517294, 3.389599], [-76.517354, 3.389611], [-76.51742, 3.389631], [-76.517473, 3.389657], [-76.517537, 3.389703], [-76.517599, 3.389727], [-76.517689, 3.389737], [-76.517813, 3.389769], [-76.517914, 3.389795], [-76.518135, 3.389849], [-76.518203, 3.389877], [-76.518217, 3.389886], [-76.518224, 3.389891], [-76.518231, 3.389897], [-76.518238, 3.389903], [-76.518244, 3.389909], [-76.51825, 3.389916], [-76.518256, 3.389923], [-76.518262, 3.389929], [-76.518268, 3.389936], [-76.518273, 3.389944], [-76.518279, 3.389951], [-76.518329, 3.390014], [-76.518413, 3.390144], [-76.518454, 3.390178], [-76.518464, 3.390185], [-76.518471, 3.39019], [-76.518478, 3.390196], [-76.518485, 3.390202], [-76.518491, 3.390209], [-76.518497, 3.390216], [-76.518503, 3.390223], [-76.51851, 3.390229], [-76.518517, 3.390235], [-76.518524, 3.39024], [-76.518532, 3.390245], [-76.51854, 3.390249], [-76.518553, 3.390253], [-76.518562, 3.390254], [-76.518571, 3.390256], [-76.51858, 3.390257], [-76.518589, 3.390258], [-76.518598, 3.390258], [-76.518607, 3.390258], [-76.518624, 3.390258], [-76.51864, 3.390243], [-76.518658, 3.390234], [-76.518676, 3.390216], [-76.518694, 3.390216], [-76.518712, 3.390216], [-76.51873, 3.390216], [-76.518766, 3.390225], [-76.518811, 3.390234], [-76.518838, 3.390234], [-76.518874, 3.390243], [-76.51891, 3.390252], [-76.518946, 3.39027], [-76.518964, 3.390279], [-76.518991, 3.390279], [-76.519018, 3.390279], [-76.519045, 3.390261], [-76.519054, 3.390234], [-76.519081, 3.390198], [-76.519099, 3.390153], [-76.519135, 3.390116], [-76.51918, 3.390089], [-76.519225, 3.390062], [-76.519279, 3.390044], [-76.519342, 3.390026], [-76.519405, 3.389999], [-76.51945, 3.38999], [-76.519504, 3.389981], [-76.519549, 3.389981], [-76.519603, 3.389999], [-76.519665, 3.390017], [-76.51971, 3.390035], [-76.519755, 3.390053], [-76.5198, 3.390071], [-76.519845, 3.390071], [-76.519908, 3.39008], [-76.519935, 3.390089], [-76.51998, 3.390107], [-76.520007, 3.390126], [-76.520043, 3.390144], [-76.520079, 3.390171], [-76.520124, 3.390207], [-76.52016, 3.390243], [-76.520205, 3.390288], [-76.52025, 3.390343], [-76.520304, 3.390406], [-76.520349, 3.390451], [-76.520385, 3.390496], [-76.52043, 3.390523], [-76.520475, 3.390569], [-76.52052, 3.390614], [-76.520547, 3.390632], [-76.520583, 3.390659], [-76.52061, 3.390677], [-76.520655, 3.390686], [-76.5207, 3.390677], [-76.520763, 3.390668], [-76.520862, 3.39065], [-76.520934, 3.390632], [-76.520988, 3.390614], [-76.521051, 3.390596], [-76.521159, 3.390551], [-76.521231, 3.390533], [-76.521294, 3.390514], [-76.521339, 3.390496], [-76.521411, 3.390469], [-76.521465, 3.390451], [-76.52151, 3.390424], [-76.521546, 3.390406], [-76.521582, 3.39037], [-76.521627, 3.390343], [-76.521672, 3.390316], [-76.521717, 3.390288], [-76.521753, 3.39027], [-76.521807, 3.390261], [-76.521852, 3.390252], [-76.521897, 3.390252], [-76.521933, 3.390261], [-76.521969, 3.39027], [-76.522005, 3.390279], [-76.522041, 3.390279], [-76.522077, 3.39027], [-76.522095, 3.390252], [-76.522122, 3.390234], [-76.52214, 3.390198], [-76.522167, 3.390153], [-76.522194, 3.390108], [-76.522212, 3.390071], [-76.522248, 3.390053], [-76.522275, 3.390026], [-76.522302, 3.389999], [-76.522329, 3.38999], [-76.522356, 3.389963], [-76.522392, 3.389936], [-76.522419, 3.389927], [-76.522446, 3.389918], [-76.522482, 3.389909], [-76.522509, 3.3899], [-76.522527, 3.389882], [-76.522545, 3.389854], [-76.522572, 3.389827], [-76.522617, 3.389791], [-76.522671, 3.389746], [-76.522734, 3.389692], [-76.522797, 3.389655], [-76.522851, 3.389619], [-76.522923, 3.389583], [-76.522977, 3.389556], [-76.523031, 3.389529], [-76.523067, 3.389511], [-76.523112, 3.389484], [-76.523148, 3.389447], [-76.523175, 3.38942], [-76.523211, 3.389375], [-76.523229, 3.38933], [-76.523247, 3.389285], [-76.523247, 3.389239], [-76.523247, 3.389203], [-76.523238, 3.389158], [-76.523229, 3.389122], [-76.523211, 3.389086], [-76.523193, 3.389068], [-76.523166, 3.38905], [-76.523148, 3.389041], [-76.52313, 3.389013], [-76.523121, 3.388986], [-76.52313, 3.388941], [-76.523139, 3.388914], [-76.523166, 3.388878], [-76.523184, 3.388851], [-76.523202, 3.388823], [-76.52322, 3.388787], [-76.523247, 3.388751], [-76.523256, 3.388724], [-76.523265, 3.388688], [-76.523274, 3.388652], [-76.523283, 3.388615], [-76.523292, 3.388579], [-76.52331, 3.388561], [-76.523337, 3.388543], [-76.523373, 3.388534], [-76.523427, 3.388543], [-76.523472, 3.388543], [-76.523517, 3.388552], [-76.52358, 3.388561], [-76.523634, 3.388561], [-76.52367, 3.38857], [-76.523706, 3.38857], [-76.523742, 3.38857], [-76.523769, 3.388552], [-76.523796, 3.388543], [-76.523823, 3.388516], [-76.52385, 3.388498], [-76.523868, 3.388471], [-76.523886, 3.388453], [-76.523895, 3.388417], [-76.523895, 3.38838], [-76.523886, 3.388353], [-76.523868, 3.388326], [-76.523841, 3.38829], [-76.523814, 3.388254], [-76.523769, 3.388218], [-76.523733, 3.388181], [-76.523706, 3.388154], [-76.52367, 3.388136], [-76.523625, 3.388109], [-76.523589, 3.388082], [-76.523571, 3.388064], [-76.523553, 3.388037], [-76.523553, 3.388019], [-76.523544, 3.387992], [-76.523544, 3.387973], [-76.523535, 3.387937], [-76.523526, 3.38791], [-76.523508, 3.387838], [-76.52349, 3.387811], [-76.52349, 3.38781], [-76.523472, 3.387784], [-76.523454, 3.387774], [-76.523436, 3.387747], [-76.523418, 3.387738], [-76.5234, 3.387702], [-76.523364, 3.387657], [-76.523346, 3.387639], [-76.523346, 3.387612], [-76.523355, 3.387585], [-76.523373, 3.387576], [-76.5234, 3.387557], [-76.523427, 3.387539], [-76.523463, 3.38753], [-76.52349, 3.387521], [-76.523517, 3.387512], [-76.523535, 3.387512], [-76.523562, 3.387512], [-76.523589, 3.387512], [-76.523616, 3.387512], [-76.523652, 3.387503], [-76.523688, 3.387512], [-76.523724, 3.387512], [-76.523778, 3.387512], [-76.523814, 3.387512], [-76.52385, 3.387512], [-76.523877, 3.387503], [-76.523904, 3.387476], [-76.523931, 3.387458], [-76.523949, 3.387449], [-76.523976, 3.387413], [-76.524012, 3.387377], [-76.524039, 3.387359], [-76.524093, 3.387331], [-76.524138, 3.387313], [-76.524192, 3.387286], [-76.524237, 3.387277], [-76.524264, 3.387277], [-76.524309, 3.387268], [-76.524336, 3.387268], [-76.524354, 3.387277], [-76.524399, 3.387277], [-76.524426, 3.387286], [-76.524462, 3.387286], [-76.524498, 3.387268], [-76.524534, 3.387259], [-76.524561, 3.38725], [-76.524573, 3.387246], [-76.524573, 3.387246], [-76.524401, 3.388783], [-76.524244, 3.390282], [-76.524013, 3.39239], [-76.524011, 3.392406], [-76.524001, 3.392496], [-76.52377, 3.394571], [-76.523734, 3.395351], [-76.523697, 3.396203], [-76.523694, 3.39628], [-76.52369, 3.396371], [-76.523667, 3.396898], [-76.523653, 3.397071], [-76.52354, 3.398504], [-76.523534, 3.398577], [-76.523509, 3.398885], [-76.523261, 3.400042], [-76.523247, 3.400142], [-76.52303, 3.40176], [-76.523007, 3.401856], [-76.522997, 3.401894], [-76.522951, 3.40206], [-76.522881, 3.402214], [-76.522797, 3.402349], [-76.522688, 3.402486], [-76.522565, 3.402622], [-76.522465, 3.402734], [-76.522428, 3.402797], [-76.522363, 3.40289], [-76.522338, 3.402934], [-76.522287, 3.403027], [-76.522243, 3.403125], [-76.522196, 3.403244], [-76.522171, 3.403349], [-76.522136, 3.40347], [-76.522106, 3.403583], [-76.522087, 3.403677], [-76.522051, 3.403828], [-76.522015, 3.403986], [-76.521951, 3.404251], [-76.52188, 3.404553], [-76.521858, 3.404718], [-76.52183, 3.404912], [-76.521801, 3.405213], [-76.521779, 3.405457], [-76.521708, 3.405952], [-76.521651, 3.406161], [-76.521583, 3.406366], [-76.520783, 3.407219], [-76.519444, 3.408557], [-76.518391, 3.409543], [-76.518339, 3.409592], [-76.518222, 3.409703], [-76.517825, 3.41008], [-76.516186, 3.411658], [-76.515102, 3.412684], [-76.515068, 3.412716], [-76.514013, 3.413733], [-76.513821, 3.413916], [-76.512594, 3.415087], [-76.511661, 3.415985], [-76.511553, 3.416088], [-76.510126, 3.417451], [-76.509504, 3.418028], [-76.508874, 3.418661], [-76.508128, 3.419342], [-76.508015, 3.41945], [-76.508008, 3.419457], [-76.507961, 3.419502], [-76.507949, 3.419514], [-76.50727, 3.42018], [-76.507267, 3.420183], [-76.506967, 3.420476], [-76.506853, 3.420588], [-76.506661, 3.420776], [-76.506546, 3.420885], [-76.506545, 3.420886], [-76.506475, 3.420811], [-76.506321, 3.420647], [-76.505742, 3.420031], [-76.505688, 3.419977], [-76.505526, 3.419802], [-76.505445, 3.419714], [-76.505372, 3.41964], [-76.505076, 3.419334], [-76.50495, 3.419208], [-76.504512, 3.418738], [-76.504419, 3.418638], [-76.504383, 3.418593], [-76.504158, 3.418358], [-76.504116, 3.418315], [-76.503996, 3.418195], [-76.503735, 3.417915], [-76.503537, 3.417703], [-76.503438, 3.417598], [-76.50333, 3.417489], [-76.503141, 3.41729], [-76.503082, 3.417241], [-76.503042, 3.417209], [-76.503222, 3.417046], [-76.503222, 3.417046], [-76.503726, 3.416567], [-76.503765, 3.416532], [-76.503915, 3.416395], [-76.504113, 3.416196], [-76.504446, 3.41588], [-76.504554, 3.415762], [-76.504552, 3.415759], [-76.504503, 3.415695], [-76.504464, 3.415645], [-76.504123, 3.415302], [-76.504041, 3.41522], [-76.503876, 3.415042], [-76.503771, 3.41493], [-76.50372, 3.414879], [-76.503582, 3.41474], [-76.503429, 3.414578], [-76.503258, 3.414406], [-76.503027, 3.414145], [-76.50289, 3.41399], [-76.502638, 3.4137], [-76.502086, 3.413162], [-76.502026, 3.413103], [-76.501888, 3.41296], [-76.501783, 3.41285], [-76.501774, 3.412842], [-76.501729, 3.412796], [-76.50171, 3.412775], [-76.501655, 3.412712], [-76.501489, 3.412524], [-76.501378, 3.412398], [-76.501207, 3.412208], [-76.501002, 3.412002], [-76.50064, 3.411638], [-76.500622, 3.411617], [-76.500565, 3.411549], [-76.500487, 3.411457], [-76.500492, 3.411453], [-76.500568, 3.411376], [-76.500703, 3.411267], [-76.500955, 3.411096], [-76.501459, 3.410634], [-76.501614, 3.410483], [-76.501799, 3.410302], [-76.502267, 3.409858], [-76.502269, 3.409857], [-76.502485, 3.409649], [-76.502818, 3.40935], [-76.502829, 3.409341], [-76.503358, 3.40888], [-76.503889, 3.408374], [-76.504082, 3.408197], [-76.504294, 3.408003], [-76.504933, 3.407433], [-76.505482, 3.406927], [-76.505761, 3.406674], [-76.506247, 3.406231], [-76.506895, 3.405634], [-76.507519, 3.405057], [-76.50757, 3.40501], [-76.507648, 3.404939], [-76.507688, 3.404903], [-76.507759, 3.404838], [-76.508173, 3.404467], [-76.508623, 3.404051], [-76.509217, 3.4035], [-76.509532, 3.40321], [-76.510351, 3.40246], [-76.51051, 3.402314], [-76.510878, 3.401977], [-76.511111, 3.401764], [-76.511161, 3.401718], [-76.511638, 3.401284], [-76.512259, 3.400715], [-76.513339, 3.399711], [-76.513555, 3.399512], [-76.513663, 3.399413], [-76.514617, 3.398545], [-76.515147, 3.398056], [-76.515152, 3.398052], [-76.515318, 3.397902], [-76.516183, 3.397092], [-76.515801, 3.396765], [-76.515618, 3.396609], [-76.515572, 3.396563], [-76.515357, 3.396347], [-76.514576, 3.395387], [-76.513687, 3.394209], [-76.51334, 3.39375], [-76.513215, 3.393585], [-76.512704, 3.392908], [-76.512574, 3.392739], [-76.511441, 3.391267], [-76.511176, 3.390909]]]]}, "geometry_name": "the_geom", "properties": {"gid": 16, "id_comuna": 16, "nombre": "Comuna 16", "no_arboles": 8746, "area_m2": 288375.536, "cobarb_ha": 28.838, "arb_habita": 0.082, "arb_eep": 2, "m2_eep": 342.434, "ha_eep": 0.034, "arb_eep_ro": 66, "m2_eep_ron": 2819.981, "ha_eep_ron": 0.282, "arb_eec_ep": 683, "m2_eec_ep": 28952.156, "ha_eec_ep": 2.895, "arb_eec_eq": 0, "m2_eec_eq": 0, "ha_eec_eq": 0, "arb_muerto": 0, "arb_regula": 5500, "arbol_sano": 3156, "arbol_seco": 90}}, {"type": "Feature", "id": "emc_amb_sos_car_censo_arboreo_comuna.fid--215d4958_1a10e591eea_-c8", "geometry": {"type": "MultiPolygon", "coordinates": [[[[-76.522587, 3.405302], [-76.522588, 3.405293], [-76.522588, 3.405294], [-76.522607, 3.405137], [-76.522443, 3.404907], [-76.52235, 3.404564], [-76.522345, 3.404348], [-76.522306, 3.403961], [-76.522163, 3.403713], [-76.522106, 3.403583], [-76.522136, 3.40347], [-76.522171, 3.403349], [-76.522196, 3.403244], [-76.522243, 3.403125], [-76.522287, 3.403027], [-76.522338, 3.402934], [-76.522363, 3.40289], [-76.522428, 3.402797], [-76.522465, 3.402734], [-76.522565, 3.402622], [-76.522688, 3.402486], [-76.522797, 3.402349], [-76.522881, 3.402214], [-76.522951, 3.40206], [-76.522997, 3.401894], [-76.523007, 3.401856], [-76.52303, 3.40176], [-76.523247, 3.400142], [-76.523261, 3.400042], [-76.523509, 3.398885], [-76.523534, 3.398577], [-76.52354, 3.398504], [-76.523653, 3.397071], [-76.523667, 3.396898], [-76.52369, 3.396371], [-76.523694, 3.39628], [-76.523697, 3.396203], [-76.523734, 3.395351], [-76.52377, 3.394571], [-76.524001, 3.392496], [-76.524011, 3.392406], [-76.524013, 3.39239], [-76.524244, 3.390282], [-76.524401, 3.388783], [-76.524573, 3.387246], [-76.524573, 3.387246], [-76.524561, 3.38725], [-76.524534, 3.387259], [-76.524498, 3.387268], [-76.524462, 3.387286], [-76.524426, 3.387286], [-76.524399, 3.387277], [-76.524354, 3.387277], [-76.524336, 3.387268], [-76.524309, 3.387268], [-76.524264, 3.387277], [-76.524237, 3.387277], [-76.524192, 3.387286], [-76.524138, 3.387313], [-76.524093, 3.387331], [-76.524039, 3.387359], [-76.524012, 3.387377], [-76.523976, 3.387413], [-76.523949, 3.387449], [-76.523931, 3.387458], [-76.523904, 3.387476], [-76.523877, 3.387503], [-76.52385, 3.387512], [-76.523814, 3.387512], [-76.523778, 3.387512], [-76.523724, 3.387512], [-76.523688, 3.387512], [-76.523652, 3.387503], [-76.523616, 3.387512], [-76.523589, 3.387512], [-76.523562, 3.387512], [-76.523535, 3.387512], [-76.523517, 3.387512], [-76.52349, 3.387521], [-76.523463, 3.38753], [-76.523427, 3.387539], [-76.5234, 3.387557], [-76.523373, 3.387576], [-76.523355, 3.387585], [-76.523346, 3.387612], [-76.523346, 3.387639], [-76.523364, 3.387657], [-76.5234, 3.387702], [-76.523418, 3.387738], [-76.523436, 3.387747], [-76.523454, 3.387774], [-76.523472, 3.387784], [-76.52349, 3.38781], [-76.52349, 3.387811], [-76.523508, 3.387838], [-76.523526, 3.38791], [-76.523535, 3.387937], [-76.523544, 3.387973], [-76.523544, 3.387992], [-76.523553, 3.388019], [-76.523553, 3.388037], [-76.523571, 3.388064], [-76.523589, 3.388082], [-76.523625, 3.388109], [-76.52367, 3.388136], [-76.523706, 3.388154], [-76.523733, 3.388181], [-76.523769, 3.388218], [-76.523814, 3.388254], [-76.523841, 3.38829], [-76.523868, 3.388326], [-76.523886, 3.388353], [-76.523895, 3.38838], [-76.523895, 3.388417], [-76.523886, 3.388453], [-76.523868, 3.388471], [-76.52385, 3.388498], [-76.523823, 3.388516], [-76.523796, 3.388543], [-76.523769, 3.388552], [-76.523742, 3.38857], [-76.523706, 3.38857], [-76.52367, 3.38857], [-76.523634, 3.388561], [-76.52358, 3.388561], [-76.523517, 3.388552], [-76.523472, 3.388543], [-76.523427, 3.388543], [-76.523373, 3.388534], [-76.523337, 3.388543], [-76.52331, 3.388561], [-76.523292, 3.388579], [-76.523283, 3.388615], [-76.523274, 3.388652], [-76.523265, 3.388688], [-76.523256, 3.388724], [-76.523247, 3.388751], [-76.52322, 3.388787], [-76.523202, 3.388823], [-76.523184, 3.388851], [-76.523166, 3.388878], [-76.523139, 3.388914], [-76.52313, 3.388941], [-76.523121, 3.388986], [-76.52313, 3.389013], [-76.523148, 3.389041], [-76.523166, 3.38905], [-76.523193, 3.389068], [-76.523211, 3.389086], [-76.523229, 3.389122], [-76.523238, 3.389158], [-76.523247, 3.389203], [-76.523247, 3.389239], [-76.523247, 3.389285], [-76.523229, 3.38933], [-76.523211, 3.389375], [-76.523175, 3.38942], [-76.523148, 3.389447], [-76.523112, 3.389484], [-76.523067, 3.389511], [-76.523031, 3.389529], [-76.522977, 3.389556], [-76.522923, 3.389583], [-76.522851, 3.389619], [-76.522797, 3.389655], [-76.522734, 3.389692], [-76.522671, 3.389746], [-76.522617, 3.389791], [-76.522572, 3.389827], [-76.522545, 3.389854], [-76.522527, 3.389882], [-76.522509, 3.3899], [-76.522482, 3.389909], [-76.522446, 3.389918], [-76.522419, 3.389927], [-76.522392, 3.389936], [-76.522356, 3.389963], [-76.522329, 3.38999], [-76.522302, 3.389999], [-76.522275, 3.390026], [-76.522248, 3.390053], [-76.522212, 3.390071], [-76.522194, 3.390108], [-76.522167, 3.390153], [-76.52214, 3.390198], [-76.522122, 3.390234], [-76.522095, 3.390252], [-76.522077, 3.39027], [-76.522041, 3.390279], [-76.522005, 3.390279], [-76.521969, 3.39027], [-76.521933, 3.390261], [-76.521897, 3.390252], [-76.521852, 3.390252], [-76.521807, 3.390261], [-76.521753, 3.39027], [-76.521717, 3.390288], [-76.521672, 3.390316], [-76.521627, 3.390343], [-76.521582, 3.39037], [-76.521546, 3.390406], [-76.52151, 3.390424], [-76.521465, 3.390451], [-76.521411, 3.390469], [-76.521339, 3.390496], [-76.521294, 3.390514], [-76.521231, 3.390533], [-76.521159, 3.390551], [-76.521051, 3.390596], [-76.520988, 3.390614], [-76.520934, 3.390632], [-76.520862, 3.39065], [-76.520763, 3.390668], [-76.5207, 3.390677], [-76.520655, 3.390686], [-76.52061, 3.390677], [-76.520583, 3.390659], [-76.520547, 3.390632], [-76.52052, 3.390614], [-76.520475, 3.390569], [-76.52043, 3.390523], [-76.520385, 3.390496], [-76.520349, 3.390451], [-76.520304, 3.390406], [-76.52025, 3.390343], [-76.520205, 3.390288], [-76.52016, 3.390243], [-76.520124, 3.390207], [-76.520079, 3.390171], [-76.520043, 3.390144], [-76.520007, 3.390126], [-76.51998, 3.390107], [-76.519935, 3.390089], [-76.519908, 3.39008], [-76.519845, 3.390071], [-76.5198, 3.390071], [-76.519755, 3.390053], [-76.51971, 3.390035], [-76.519665, 3.390017], [-76.519603, 3.389999], [-76.519549, 3.389981], [-76.519504, 3.389981], [-76.51945, 3.38999], [-76.519405, 3.389999], [-76.519342, 3.390026], [-76.519279, 3.390044], [-76.519225, 3.390062], [-76.51918, 3.390089], [-76.519135, 3.390116], [-76.519099, 3.390153], [-76.519081, 3.390198], [-76.519054, 3.390234], [-76.519045, 3.390261], [-76.519018, 3.390279], [-76.518991, 3.390279], [-76.518964, 3.390279], [-76.518946, 3.39027], [-76.51891, 3.390252], [-76.518874, 3.390243], [-76.518838, 3.390234], [-76.518811, 3.390234], [-76.518766, 3.390225], [-76.51873, 3.390216], [-76.518712, 3.390216], [-76.518694, 3.390216], [-76.518676, 3.390216], [-76.518658, 3.390234], [-76.51864, 3.390243], [-76.518624, 3.390258], [-76.518607, 3.390258], [-76.518598, 3.390258], [-76.518589, 3.390258], [-76.51858, 3.390257], [-76.518571, 3.390256], [-76.518562, 3.390254], [-76.518553, 3.390253], [-76.51854, 3.390249], [-76.518532, 3.390245], [-76.518524, 3.39024], [-76.518517, 3.390235], [-76.51851, 3.390229], [-76.518503, 3.390223], [-76.518497, 3.390216], [-76.518491, 3.390209], [-76.518485, 3.390202], [-76.518478, 3.390196], [-76.518471, 3.39019], [-76.518464, 3.390185], [-76.518454, 3.390178], [-76.518413, 3.390144], [-76.518329, 3.390014], [-76.518279, 3.389951], [-76.518273, 3.389944], [-76.518268, 3.389936], [-76.518262, 3.389929], [-76.518256, 3.389923], [-76.51825, 3.389916], [-76.518244, 3.389909], [-76.518238, 3.389903], [-76.518231, 3.389897], [-76.518224, 3.389891], [-76.518217, 3.389886], [-76.518203, 3.389877], [-76.518135, 3.389849], [-76.517914, 3.389795], [-76.517813, 3.389769], [-76.517689, 3.389737], [-76.517599, 3.389727], [-76.517537, 3.389703], [-76.517473, 3.389657], [-76.51742, 3.389631], [-76.517354, 3.389611], [-76.517294, 3.389599], [-76.517208, 3.389581], [-76.517004, 3.389582], [-76.516857, 3.389581], [-76.516797, 3.389578], [-76.516649, 3.38954], [-76.516563, 3.389501], [-76.516444, 3.389407], [-76.516357, 3.389327], [-76.516327, 3.389308], [-76.516291, 3.389284], [-76.516117, 3.389185], [-76.515999, 3.389166], [-76.51593, 3.389167], [-76.515839, 3.389191], [-76.515754, 3.389204], [-76.515681, 3.389186], [-76.515612, 3.389144], [-76.515572, 3.389098], [-76.515526, 3.389072], [-76.515441, 3.389067], [-76.515334, 3.389079], [-76.515269, 3.389088], [-76.515243, 3.389095], [-76.515175, 3.389115], [-76.515095, 3.389181], [-76.515037, 3.38928], [-76.514988, 3.389406], [-76.514946, 3.389543], [-76.514899, 3.389627], [-76.514856, 3.38967], [-76.514798, 3.389693], [-76.514708, 3.389678], [-76.51462, 3.389628], [-76.514542, 3.38958], [-76.514466, 3.389549], [-76.514379, 3.389529], [-76.514283, 3.389515], [-76.514206, 3.389511], [-76.514142, 3.389517], [-76.513932, 3.389402], [-76.513778, 3.389257], [-76.51374, 3.389221], [-76.513733, 3.389216], [-76.513678, 3.389179], [-76.513606, 3.389131], [-76.513466, 3.38905], [-76.51329, 3.388981], [-76.513216, 3.388951], [-76.513214, 3.38895], [-76.513144, 3.38892], [-76.513041, 3.388886], [-76.513057, 3.388808], [-76.513114, 3.388645], [-76.513119, 3.388629], [-76.513294, 3.388125], [-76.51333, 3.388022], [-76.513351, 3.387961], [-76.513355, 3.387947], [-76.513504, 3.387508], [-76.513597, 3.387233], [-76.513674, 3.386996], [-76.51378, 3.38667], [-76.513918, 3.386282], [-76.513977, 3.38612], [-76.513985, 3.38591], [-76.51399, 3.385774], [-76.514, 3.385573], [-76.514016, 3.385241], [-76.514043, 3.384695], [-76.514045, 3.384641], [-76.514055, 3.384402], [-76.514065, 3.384162], [-76.514122, 3.383164], [-76.514138, 3.382876], [-76.514147, 3.382699], [-76.514213, 3.381419], [-76.514224, 3.381161], [-76.514225, 3.381132], [-76.514232, 3.380956], [-76.514232, 3.380947], [-76.514236, 3.380844], [-76.514238, 3.380809], [-76.514242, 3.380705], [-76.514243, 3.380685], [-76.514244, 3.380636], [-76.514247, 3.380563], [-76.514247, 3.380562], [-76.514249, 3.380511], [-76.51425, 3.380477], [-76.514251, 3.380472], [-76.514251, 3.380441], [-76.514252, 3.380432], [-76.514253, 3.38038], [-76.514254, 3.380366], [-76.514254, 3.380346], [-76.514257, 3.380265], [-76.514257, 3.380264], [-76.514257, 3.38024], [-76.514258, 3.38022], [-76.514258, 3.380205], [-76.514259, 3.380197], [-76.514259, 3.38018], [-76.51426, 3.380139], [-76.514261, 3.380122], [-76.514261, 3.380099], [-76.514262, 3.380096], [-76.514262, 3.380088], [-76.514262, 3.380077], [-76.514262, 3.380076], [-76.514262, 3.380071], [-76.514263, 3.380061], [-76.514263, 3.380051], [-76.514266, 3.379927], [-76.514265, 3.379793], [-76.514261, 3.379222], [-76.51426, 3.379176], [-76.514257, 3.378782], [-76.514256, 3.378664], [-76.514255, 3.378114], [-76.514254, 3.377726], [-76.514255, 3.377398], [-76.514255, 3.377303], [-76.514256, 3.376774], [-76.514257, 3.37653], [-76.514258, 3.375781], [-76.514258, 3.375689], [-76.514256, 3.374765], [-76.514259, 3.374243], [-76.514263, 3.373575], [-76.514263, 3.373156], [-76.514264, 3.372881], [-76.514265, 3.372402], [-76.514265, 3.37238], [-76.514255, 3.37179], [-76.514246, 3.371238], [-76.514249, 3.370918], [-76.514254, 3.370291], [-76.514257, 3.370052], [-76.514255, 3.368912], [-76.514255, 3.368559], [-76.514253, 3.367603], [-76.514253, 3.367284], [-76.514252, 3.36716], [-76.514251, 3.366334], [-76.514251, 3.365996], [-76.514249, 3.365059], [-76.514249, 3.36487], [-76.514249, 3.364656], [-76.514251, 3.36333], [-76.514251, 3.363326], [-76.514251, 3.362859], [-76.514275, 3.3629], [-76.514348, 3.363043], [-76.514412, 3.363109], [-76.514426, 3.363113], [-76.514444, 3.363118], [-76.514461, 3.363121], [-76.514479, 3.363124], [-76.514497, 3.363126], [-76.514506, 3.363127], [-76.514515, 3.363128], [-76.514533, 3.363129], [-76.514551, 3.363129], [-76.514569, 3.363128], [-76.514587, 3.363127], [-76.514605, 3.363124], [-76.514719, 3.363109], [-76.514869, 3.36305], [-76.515013, 3.362979], [-76.515023, 3.362974], [-76.515039, 3.362966], [-76.515055, 3.362958], [-76.515071, 3.362948], [-76.515086, 3.362939], [-76.515101, 3.362929], [-76.515115, 3.362918], [-76.51513, 3.362907], [-76.515144, 3.362896], [-76.515157, 3.362884], [-76.51517, 3.362872], [-76.515183, 3.362859], [-76.515195, 3.362846], [-76.515207, 3.362832], [-76.515219, 3.362818], [-76.51529, 3.362726], [-76.515336, 3.36266], [-76.515435, 3.362642], [-76.515453, 3.362649], [-76.515468, 3.362658], [-76.515483, 3.362668], [-76.515496, 3.362681], [-76.515507, 3.362695], [-76.515517, 3.36271], [-76.515524, 3.362727], [-76.515544, 3.362798], [-76.515546, 3.362809], [-76.515551, 3.362827], [-76.515559, 3.362843], [-76.515568, 3.362858], [-76.515579, 3.362873], [-76.515592, 3.362885], [-76.515606, 3.362896], [-76.515622, 3.362906], [-76.515638, 3.362913], [-76.515655, 3.362918], [-76.515663, 3.362932], [-76.515666, 3.36295], [-76.515665, 3.362968], [-76.515658, 3.362985], [-76.515647, 3.362999], [-76.515644, 3.363002], [-76.51564, 3.363004], [-76.515633, 3.36301], [-76.515565, 3.363042], [-76.515546, 3.36305], [-76.515543, 3.363052], [-76.515533, 3.363055], [-76.515531, 3.363056], [-76.515515, 3.363064], [-76.515507, 3.363069], [-76.5155, 3.363074], [-76.515486, 3.363085], [-76.515474, 3.363099], [-76.515463, 3.363114], [-76.515455, 3.363129], [-76.515455, 3.363188], [-76.515461, 3.363197], [-76.515473, 3.363211], [-76.515486, 3.363224], [-76.5155, 3.363235], [-76.515516, 3.363244], [-76.515532, 3.363252], [-76.515549, 3.363258], [-76.515566, 3.363262], [-76.515584, 3.363264], [-76.515602, 3.363265], [-76.515627, 3.363261], [-76.515645, 3.363263], [-76.515662, 3.363267], [-76.515679, 3.363274], [-76.515694, 3.363284], [-76.515707, 3.363296], [-76.515718, 3.363311], [-76.515726, 3.363327], [-76.515732, 3.363344], [-76.515733, 3.363363], [-76.515736, 3.363381], [-76.515739, 3.363398], [-76.515742, 3.363416], [-76.515746, 3.363434], [-76.51575, 3.363451], [-76.515755, 3.363469], [-76.51576, 3.363486], [-76.515766, 3.363503], [-76.515772, 3.36352], [-76.515779, 3.363537], [-76.515783, 3.363555], [-76.515785, 3.363571], [-76.515791, 3.36358], [-76.515798, 3.363588], [-76.515808, 3.363601], [-76.515817, 3.363614], [-76.515837, 3.363647], [-76.515845, 3.363654], [-76.515856, 3.363664], [-76.515883, 3.363699], [-76.515894, 3.36371], [-76.515901, 3.363718], [-76.51591, 3.363726], [-76.515921, 3.363737], [-76.515928, 3.363745], [-76.515939, 3.363756], [-76.515948, 3.36377], [-76.515974, 3.363797], [-76.515985, 3.363809], [-76.516036, 3.363848], [-76.516049, 3.363858], [-76.516076, 3.363885], [-76.516088, 3.363895], [-76.516144, 3.363953], [-76.516159, 3.36397], [-76.516207, 3.36404], [-76.516213, 3.364049], [-76.516224, 3.364068], [-76.516234, 3.364092], [-76.516241, 3.364101], [-76.516248, 3.364109], [-76.516262, 3.364133], [-76.516272, 3.364146], [-76.516284, 3.364163], [-76.516371, 3.364252], [-76.516379, 3.364258], [-76.516389, 3.364263], [-76.51642, 3.364273], [-76.516436, 3.364276], [-76.516678, 3.364285], [-76.516753, 3.364274], [-76.516768, 3.36427], [-76.516808, 3.364256], [-76.516818, 3.364251], [-76.516846, 3.364234], [-76.516858, 3.364223], [-76.516868, 3.36421], [-76.516873, 3.364201], [-76.51688, 3.364186], [-76.516893, 3.364163], [-76.516898, 3.364154], [-76.516899, 3.364146], [-76.516899, 3.364143], [-76.5169, 3.364088], [-76.516892, 3.364052], [-76.516876, 3.364012], [-76.516865, 3.363948], [-76.516862, 3.363917], [-76.516861, 3.36391], [-76.516859, 3.3639], [-76.516851, 3.36388], [-76.516835, 3.363851], [-76.516813, 3.363822], [-76.516794, 3.363802], [-76.516773, 3.363777], [-76.516737, 3.363744], [-76.51673, 3.363736], [-76.516701, 3.36369], [-76.516688, 3.363661], [-76.516686, 3.363651], [-76.516688, 3.363596], [-76.516691, 3.363586], [-76.516696, 3.363576], [-76.516702, 3.363567], [-76.516715, 3.363557], [-76.516729, 3.36355], [-76.51676, 3.363539], [-76.516811, 3.363526], [-76.516822, 3.363525], [-76.516908, 3.363528], [-76.51693, 3.363526], [-76.516971, 3.363516], [-76.516993, 3.363513], [-76.517051, 3.363504], [-76.517103, 3.363491], [-76.517143, 3.363476], [-76.517158, 3.363469], [-76.517181, 3.363454], [-76.517201, 3.363445], [-76.517202, 3.363445], [-76.51721, 3.363441], [-76.51722, 3.363436], [-76.51724, 3.36343], [-76.517348, 3.363437], [-76.517375, 3.363444], [-76.51739, 3.363451], [-76.517407, 3.363464], [-76.517414, 3.363472], [-76.517426, 3.36349], [-76.517432, 3.363511], [-76.517432, 3.363532], [-76.517427, 3.363586], [-76.517415, 3.363627], [-76.517411, 3.363687], [-76.517402, 3.363739], [-76.517393, 3.363753], [-76.51739, 3.363764], [-76.517387, 3.363813], [-76.517373, 3.363835], [-76.517369, 3.363845], [-76.517366, 3.363856], [-76.517365, 3.363871], [-76.517361, 3.363942], [-76.517365, 3.363952], [-76.517372, 3.36396], [-76.517418, 3.363998], [-76.517427, 3.364003], [-76.517452, 3.364013], [-76.517462, 3.364015], [-76.517548, 3.364021], [-76.517557, 3.364026], [-76.517575, 3.364046], [-76.517591, 3.364068], [-76.517605, 3.364084], [-76.517614, 3.364097], [-76.517627, 3.364121], [-76.517633, 3.364131], [-76.517645, 3.364146], [-76.51766, 3.364163], [-76.517674, 3.364187], [-76.517684, 3.3642], [-76.517693, 3.364213], [-76.51772, 3.364266], [-76.517749, 3.364305], [-76.517768, 3.364324], [-76.517788, 3.364343], [-76.517838, 3.364375], [-76.517847, 3.36438], [-76.517872, 3.364389], [-76.517883, 3.36439], [-76.517915, 3.36439], [-76.517925, 3.364386], [-76.517968, 3.364353], [-76.517979, 3.364342], [-76.517989, 3.364329], [-76.517999, 3.364317], [-76.518004, 3.364307], [-76.518009, 3.364297], [-76.518015, 3.364277], [-76.518022, 3.364263], [-76.518029, 3.364254], [-76.51804, 3.364242], [-76.51806, 3.364217], [-76.518066, 3.364208], [-76.518089, 3.36416], [-76.518094, 3.36415], [-76.518097, 3.364146], [-76.518103, 3.364136], [-76.518109, 3.364121], [-76.518151, 3.364011], [-76.51816, 3.363991], [-76.518165, 3.363982], [-76.518169, 3.363966], [-76.51818, 3.363941], [-76.518185, 3.363931], [-76.518198, 3.363915], [-76.518211, 3.36389], [-76.51822, 3.363871], [-76.518225, 3.363855], [-76.518241, 3.363805], [-76.518247, 3.363751], [-76.518252, 3.363735], [-76.518257, 3.36372], [-76.51827, 3.363691], [-76.518275, 3.363675], [-76.51828, 3.363638], [-76.518284, 3.363578], [-76.518288, 3.363562], [-76.518292, 3.363553], [-76.518307, 3.36353], [-76.518313, 3.363515], [-76.518317, 3.363494], [-76.518335, 3.363444], [-76.518344, 3.36343], [-76.518374, 3.363393], [-76.518382, 3.363386], [-76.518392, 3.36338], [-76.518407, 3.363374], [-76.518447, 3.363359], [-76.518461, 3.363351], [-76.518473, 3.363341], [-76.518508, 3.363324], [-76.518517, 3.363322], [-76.518558, 3.363309], [-76.518585, 3.363304], [-76.518615, 3.363296], [-76.518636, 3.36329], [-76.518687, 3.363271], [-76.518705, 3.363261], [-76.518715, 3.363257], [-76.51874, 3.363245], [-76.518754, 3.363238], [-76.518775, 3.363228], [-76.518845, 3.363191], [-76.518855, 3.363188], [-76.518865, 3.363183], [-76.518875, 3.363178], [-76.518888, 3.363171], [-76.518899, 3.363168], [-76.518908, 3.363162], [-76.518951, 3.36313], [-76.518969, 3.363118], [-76.518998, 3.363104], [-76.519034, 3.363081], [-76.51907, 3.363069], [-76.519095, 3.36306], [-76.51911, 3.363056], [-76.519121, 3.363054], [-76.519162, 3.36304], [-76.519191, 3.363029], [-76.519201, 3.363024], [-76.519215, 3.363015], [-76.519229, 3.363008], [-76.519242, 3.362998], [-76.519257, 3.362983], [-76.519267, 3.362976], [-76.51928, 3.362968], [-76.519291, 3.362956], [-76.519299, 3.36295], [-76.519309, 3.362946], [-76.51932, 3.362945], [-76.519363, 3.362949], [-76.519379, 3.362947], [-76.519393, 3.362939], [-76.519403, 3.362934], [-76.519404, 3.362934], [-76.51943, 3.362935], [-76.51944, 3.362938], [-76.519449, 3.362944], [-76.519456, 3.362952], [-76.519463, 3.362966], [-76.519467, 3.362976], [-76.519476, 3.36299], [-76.519494, 3.363023], [-76.519511, 3.363057], [-76.519511, 3.363095], [-76.519513, 3.363111], [-76.519518, 3.363126], [-76.519541, 3.363182], [-76.51955, 3.363212], [-76.519554, 3.363221], [-76.519595, 3.363279], [-76.519602, 3.363286], [-76.519653, 3.363326], [-76.519662, 3.363332], [-76.519672, 3.363336], [-76.519698, 3.363344], [-76.519714, 3.363348], [-76.51979, 3.363352], [-76.519837, 3.36335], [-76.519854, 3.363348], [-76.519912, 3.363346], [-76.519965, 3.363339], [-76.519998, 3.363338], [-76.520122, 3.363343], [-76.520174, 3.363352], [-76.520195, 3.36336], [-76.52021, 3.363363], [-76.520236, 3.363368], [-76.520278, 3.363394], [-76.520288, 3.363405], [-76.520297, 3.363418], [-76.520313, 3.363437], [-76.520327, 3.363454], [-76.520339, 3.363472], [-76.520353, 3.363485], [-76.520371, 3.363507], [-76.5204, 3.363542], [-76.520428, 3.363583], [-76.520469, 3.363627], [-76.520476, 3.363636], [-76.520485, 3.363649], [-76.520502, 3.363666], [-76.520536, 3.363698], [-76.520555, 3.363717], [-76.520592, 3.363748], [-76.520615, 3.363761], [-76.520628, 3.363772], [-76.520668, 3.363798], [-76.520778, 3.363856], [-76.520813, 3.363869], [-76.520823, 3.363873], [-76.520851, 3.36389], [-76.520871, 3.363899], [-76.520896, 3.363906], [-76.520906, 3.363911], [-76.520919, 3.36392], [-76.520928, 3.363925], [-76.520943, 3.36393], [-76.520964, 3.363937], [-76.520986, 3.36394], [-76.521126, 3.363949], [-76.521147, 3.363948], [-76.521173, 3.363941], [-76.521242, 3.363934], [-76.521341, 3.363909], [-76.521392, 3.363891], [-76.521423, 3.363883], [-76.521433, 3.363879], [-76.521447, 3.363873], [-76.521534, 3.363843], [-76.521551, 3.363829], [-76.521561, 3.363825], [-76.521576, 3.363819], [-76.52162, 3.3638], [-76.521658, 3.363779], [-76.521678, 3.363774], [-76.521747, 3.363741], [-76.521778, 3.363722], [-76.521814, 3.363707], [-76.52184, 3.3637], [-76.521858, 3.363694], [-76.521973, 3.363637], [-76.522003, 3.363617], [-76.522025, 3.363586], [-76.522057, 3.363569], [-76.522091, 3.36356], [-76.522093, 3.363559], [-76.52213, 3.363559], [-76.522166, 3.363551], [-76.522234, 3.363523], [-76.522305, 3.363501], [-76.522342, 3.363494], [-76.522379, 3.363497], [-76.522416, 3.363496], [-76.522452, 3.363488], [-76.522524, 3.363477], [-76.522672, 3.363468], [-76.522746, 3.363476], [-76.522781, 3.363471], [-76.522817, 3.363459], [-76.522891, 3.363449], [-76.522928, 3.363446], [-76.522964, 3.363436], [-76.522999, 3.363424], [-76.523031, 3.363406], [-76.523062, 3.363386], [-76.52309, 3.363362], [-76.523118, 3.363338], [-76.523171, 3.363284], [-76.5232, 3.363259], [-76.523223, 3.363228], [-76.523251, 3.363203], [-76.523324, 3.363119], [-76.523364, 3.363057], [-76.523424, 3.362979], [-76.523454, 3.362939], [-76.52351, 3.362843], [-76.523525, 3.36281], [-76.523534, 3.362774], [-76.523551, 3.36274], [-76.523576, 3.362713], [-76.523633, 3.362665], [-76.523709, 3.362583], [-76.523754, 3.362524], [-76.5238, 3.362467], [-76.52388, 3.362343], [-76.52393, 3.362286], [-76.523944, 3.362273], [-76.523956, 3.362258], [-76.523966, 3.362246], [-76.523972, 3.362238], [-76.523984, 3.362222], [-76.524004, 3.362196], [-76.524021, 3.362175], [-76.524041, 3.362148], [-76.524046, 3.362142], [-76.524051, 3.362135], [-76.524073, 3.362126], [-76.52409, 3.362119], [-76.524129, 3.362103], [-76.52414, 3.362103], [-76.524169, 3.362102], [-76.52421, 3.362101], [-76.52425, 3.3621], [-76.524293, 3.362099], [-76.524296, 3.362142], [-76.524309, 3.362305], [-76.524321, 3.362378], [-76.52433, 3.362449], [-76.524417, 3.362826], [-76.524442, 3.363028], [-76.524467, 3.36323], [-76.524531, 3.363529], [-76.524613, 3.3638], [-76.52463, 3.363859], [-76.524688, 3.363972], [-76.524806, 3.364201], [-76.524809, 3.364208], [-76.524811, 3.364211], [-76.525023, 3.364547], [-76.525173, 3.364741], [-76.525182, 3.364752], [-76.525191, 3.364763], [-76.525327, 3.364912], [-76.525435, 3.365032], [-76.525488, 3.365074], [-76.525701, 3.365246], [-76.525708, 3.365251], [-76.525729, 3.365266], [-76.525811, 3.365325], [-76.525966, 3.365436], [-76.526033, 3.365474], [-76.526117, 3.365522], [-76.526532, 3.36576], [-76.526939, 3.365975], [-76.52705, 3.366025], [-76.527757, 3.366343], [-76.528523, 3.366689], [-76.529204, 3.367048], [-76.529727, 3.367312], [-76.529809, 3.367354], [-76.530311, 3.367607], [-76.530912, 3.367926], [-76.531518, 3.368241], [-76.533842, 3.369434], [-76.535882, 3.370482], [-76.536667, 3.370781], [-76.537143, 3.371016], [-76.537506, 3.371195], [-76.537948, 3.371495], [-76.538579, 3.371839], [-76.539572, 3.372363], [-76.540329, 3.372746], [-76.540481, 3.372822], [-76.540937, 3.373057], [-76.541196, 3.373227], [-76.541414, 3.373416], [-76.541652, 3.373646], [-76.541816, 3.373876], [-76.54194, 3.37407], [-76.542035, 3.374245], [-76.542095, 3.374414], [-76.542104, 3.374439], [-76.542189, 3.374649], [-76.542288, 3.375068], [-76.542387, 3.375476], [-76.542433, 3.375666], [-76.542475, 3.375874], [-76.542631, 3.376655], [-76.542694, 3.376969], [-76.542928, 3.377909], [-76.543045, 3.378398], [-76.54309, 3.37856], [-76.543225, 3.379103], [-76.543349, 3.379586], [-76.543369, 3.379664], [-76.543414, 3.379863], [-76.543477, 3.380125], [-76.543621, 3.380695], [-76.543624, 3.380711], [-76.543801, 3.381509], [-76.543927, 3.382024], [-76.543972, 3.38225], [-76.544062, 3.38263], [-76.544134, 3.382947], [-76.544197, 3.383236], [-76.544314, 3.383769], [-76.54435, 3.383941], [-76.544403, 3.384303], [-76.544547, 3.38537], [-76.544637, 3.385931], [-76.54464, 3.385949], [-76.544665, 3.386121], [-76.544889, 3.387694], [-76.544969, 3.388233], [-76.545087, 3.389033], [-76.545177, 3.389666], [-76.545316, 3.390511], [-76.545381, 3.390909], [-76.545571, 3.39207], [-76.545609, 3.3923], [-76.54569, 3.392795], [-76.545771, 3.393319], [-76.545843, 3.393744], [-76.545924, 3.394278], [-76.545954, 3.394434], [-76.545996, 3.394649], [-76.54605, 3.395029], [-76.546113, 3.39539], [-76.546167, 3.39577], [-76.546253, 3.396257], [-76.546257, 3.396277], [-76.546257, 3.396279], [-76.546261, 3.396302], [-76.546365, 3.396955], [-76.546392, 3.397127], [-76.546401, 3.397317], [-76.54641, 3.397516], [-76.54641, 3.398302], [-76.54641, 3.399442], [-76.546417, 3.40035], [-76.54585, 3.40044], [-76.545824, 3.400444], [-76.545167, 3.400528], [-76.545052, 3.400542], [-76.543916, 3.400701], [-76.543057, 3.400804], [-76.542302, 3.400897], [-76.541764, 3.400952], [-76.541761, 3.400952], [-76.541746, 3.400999], [-76.541739, 3.401022], [-76.541731, 3.401045], [-76.541718, 3.401089], [-76.541718, 3.401089], [-76.541648, 3.401304], [-76.541577, 3.401522], [-76.541379, 3.402118], [-76.54119, 3.402697], [-76.541001, 3.403267], [-76.540686, 3.404244], [-76.540506, 3.404804], [-76.540371, 3.40522], [-76.540245, 3.405609], [-76.540202, 3.405745], [-76.540083, 3.406125], [-76.539785, 3.407024], [-76.539768, 3.407074], [-76.539588, 3.407635], [-76.539318, 3.40844], [-76.539061, 3.409232], [-76.539039, 3.409299], [-76.538718, 3.410282], [-76.538373, 3.410185], [-76.537842, 3.410013], [-76.537428, 3.409877], [-76.536951, 3.409715], [-76.536487, 3.409549], [-76.53642, 3.409525], [-76.535403, 3.409199], [-76.534647, 3.408946], [-76.53444, 3.408884], [-76.534251, 3.408828], [-76.533487, 3.408566], [-76.533109, 3.408448], [-76.532542, 3.408267], [-76.531921, 3.408077], [-76.531665, 3.407994], [-76.531615, 3.407978], [-76.530934, 3.407765], [-76.530427, 3.407607], [-76.530297, 3.407576], [-76.530166, 3.407544], [-76.529203, 3.407236], [-76.528596, 3.407004], [-76.528492, 3.406965], [-76.527763, 3.406712], [-76.527059, 3.406465], [-76.527014, 3.406449], [-76.526955, 3.406428], [-76.526923, 3.406417], [-76.526809, 3.406377], [-76.526135, 3.40616], [-76.525352, 3.405916], [-76.524992, 3.405789], [-76.52456, 3.405708], [-76.524281, 3.405671], [-76.522558, 3.405512], [-76.522585, 3.405314], [-76.522587, 3.405302]]]]}, "geometry_name": "the_geom", "properties": {"gid": 17, "id_comuna": 17, "nombre": "Comuna 17", "no_arboles": 51195, "area_m2": 2641994.173, "cobarb_ha": 264.199, "arb_habita": 0.367, "arb_eep": 4539, "m2_eep": 324052.107, "ha_eep": 32.405, "arb_eep_ro": 3075, "m2_eep_ron": 248655.176, "ha_eep_ron": 24.866, "arb_eec_ep": 2691, "m2_eec_ep": 157171.45, "ha_eec_ep": 15.717, "arb_eec_eq": 5867, "m2_eec_eq": 468616.425, "ha_eec_eq": 46.862, "arb_muerto": 0, "arb_regula": 39541, "arbol_sano": 11168, "arbol_seco": 486}}, {"type": "Feature", "id": "emc_amb_sos_car_censo_arboreo_comuna.fid--215d4958_1a10e591eea_-c7", "geometry": {"type": "MultiPolygon", "coordinates": [[[[-76.549038, 3.370557], [-76.54905, 3.370529], [-76.549051, 3.370467], [-76.549059, 3.370406], [-76.549064, 3.370361], [-76.549064, 3.370316], [-76.549067, 3.370292], [-76.549074, 3.370258], [-76.549076, 3.370247], [-76.549077, 3.370244], [-76.54908, 3.370231], [-76.549093, 3.370206], [-76.549101, 3.37018], [-76.549104, 3.370172], [-76.549107, 3.370161], [-76.549107, 3.37014], [-76.549116, 3.370106], [-76.549124, 3.370081], [-76.549124, 3.370049], [-76.549124, 3.370003], [-76.549111, 3.369965], [-76.549093, 3.369929], [-76.549082, 3.369899], [-76.549053, 3.369838], [-76.549027, 3.369813], [-76.549017, 3.369793], [-76.549011, 3.369781], [-76.548994, 3.369741], [-76.548985, 3.369697], [-76.548992, 3.369663], [-76.548994, 3.369648], [-76.549008, 3.369616], [-76.549019, 3.369591], [-76.549036, 3.369557], [-76.54905, 3.369498], [-76.549063, 3.369443], [-76.54909, 3.369386], [-76.549116, 3.36935], [-76.54913, 3.369327], [-76.549156, 3.369298], [-76.549177, 3.369272], [-76.549198, 3.369241], [-76.549231, 3.369196], [-76.549259, 3.369162], [-76.549296, 3.36908], [-76.549309, 3.369053], [-76.549322, 3.369004], [-76.54934, 3.368945], [-76.549353, 3.368898], [-76.549374, 3.368843], [-76.549389, 3.36878], [-76.549414, 3.368734], [-76.549433, 3.368691], [-76.54944, 3.368677], [-76.549452, 3.368651], [-76.549464, 3.368632], [-76.549473, 3.368607], [-76.549481, 3.368571], [-76.549485, 3.368548], [-76.54949, 3.368506], [-76.549492, 3.368472], [-76.549498, 3.368451], [-76.549504, 3.368417], [-76.549511, 3.3684], [-76.54953, 3.368373], [-76.549546, 3.368343], [-76.549578, 3.368292], [-76.549601, 3.36825], [-76.549618, 3.368229], [-76.549647, 3.368172], [-76.549664, 3.368144], [-76.549679, 3.368106], [-76.549693, 3.368079], [-76.549691, 3.368056], [-76.549681, 3.368022], [-76.549662, 3.36799], [-76.549664, 3.367965], [-76.54967, 3.367946], [-76.549691, 3.367925], [-76.549735, 3.367878], [-76.549748, 3.367861], [-76.549771, 3.367842], [-76.549809, 3.367821], [-76.549857, 3.3678], [-76.54991, 3.367785], [-76.549954, 3.367775], [-76.550032, 3.367745], [-76.550084, 3.367711], [-76.550118, 3.36768], [-76.550152, 3.36765], [-76.550175, 3.367623], [-76.550189, 3.367608], [-76.550244, 3.367549], [-76.550276, 3.367511], [-76.550318, 3.367473], [-76.550362, 3.367437], [-76.550395, 3.367416], [-76.550433, 3.367376], [-76.550477, 3.367355], [-76.550536, 3.367293], [-76.550549, 3.367264], [-76.550568, 3.367226], [-76.550574, 3.367196], [-76.550578, 3.367177], [-76.550582, 3.367156], [-76.550601, 3.367122], [-76.550629, 3.367063], [-76.550647, 3.367036], [-76.550666, 3.367008], [-76.550677, 3.366966], [-76.550685, 3.366945], [-76.550687, 3.366909], [-76.550694, 3.366862], [-76.550713, 3.366833], [-76.55074, 3.366805], [-76.550761, 3.366774], [-76.550771, 3.366757], [-76.550788, 3.366721], [-76.550792, 3.366675], [-76.550814, 3.366634], [-76.550832, 3.36659], [-76.550841, 3.366556], [-76.550843, 3.366535], [-76.550849, 3.366522], [-76.550864, 3.366499], [-76.550874, 3.366472], [-76.550887, 3.366432], [-76.550906, 3.366404], [-76.550933, 3.366377], [-76.550973, 3.366351], [-76.550992, 3.366341], [-76.551015, 3.36633], [-76.551064, 3.366328], [-76.551103, 3.366332], [-76.551146, 3.366334], [-76.551192, 3.366351], [-76.551227, 3.366358], [-76.551288, 3.366383], [-76.551391, 3.366421], [-76.55145, 3.366457], [-76.551503, 3.36648], [-76.551568, 3.366512], [-76.551605, 3.366537], [-76.551629, 3.366554], [-76.551683, 3.366594], [-76.551757, 3.366639], [-76.55181, 3.366664], [-76.551854, 3.366689], [-76.551873, 3.366708], [-76.55194, 3.366734], [-76.552018, 3.366763], [-76.552102, 3.366793], [-76.552131, 3.366808], [-76.552167, 3.366824], [-76.552188, 3.366839], [-76.552255, 3.366862], [-76.552318, 3.366871], [-76.552366, 3.366881], [-76.552444, 3.366898], [-76.552445, 3.366898], [-76.552518, 3.366909], [-76.552579, 3.366932], [-76.552659, 3.366955], [-76.55267, 3.366961], [-76.552715, 3.366985], [-76.552747, 3.366991], [-76.552783, 3.366991], [-76.552788, 3.366991], [-76.552837, 3.366991], [-76.552913, 3.36701], [-76.552959, 3.367035], [-76.552961, 3.367036], [-76.553041, 3.367063], [-76.553121, 3.367082], [-76.55315, 3.367105], [-76.553213, 3.367139], [-76.55326, 3.367171], [-76.553289, 3.367192], [-76.553356, 3.36723], [-76.553409, 3.367259], [-76.553438, 3.367268], [-76.553476, 3.367278], [-76.553516, 3.367278], [-76.55356, 3.367276], [-76.553592, 3.36727], [-76.553646, 3.367268], [-76.553686, 3.367268], [-76.553762, 3.367278], [-76.55381, 3.367295], [-76.553858, 3.367302], [-76.553917, 3.367304], [-76.553972, 3.367304], [-76.554022, 3.367325], [-76.554073, 3.367371], [-76.554109, 3.367401], [-76.554146, 3.367424], [-76.554178, 3.367452], [-76.554218, 3.367468], [-76.554298, 3.367496], [-76.554329, 3.367523], [-76.55435, 3.367542], [-76.554378, 3.367572], [-76.554422, 3.367602], [-76.554466, 3.367637], [-76.554491, 3.367671], [-76.55451, 3.367701], [-76.554535, 3.36776], [-76.554554, 3.3678], [-76.554588, 3.367851], [-76.554617, 3.367893], [-76.55464, 3.367916], [-76.554661, 3.367939], [-76.55468, 3.367958], [-76.554712, 3.367984], [-76.554743, 3.368011], [-76.554783, 3.36803], [-76.554796, 3.368034], [-76.554859, 3.368049], [-76.554899, 3.368066], [-76.554916, 3.36807], [-76.554937, 3.368077], [-76.554968, 3.368075], [-76.555027, 3.368066], [-76.555076, 3.368043], [-76.555079, 3.368041], [-76.55514, 3.368028], [-76.555185, 3.368005], [-76.555218, 3.367986], [-76.555241, 3.367961], [-76.555283, 3.367929], [-76.555311, 3.36791], [-76.555338, 3.367889], [-76.555372, 3.367857], [-76.555399, 3.367815], [-76.555422, 3.367783], [-76.555439, 3.367751], [-76.555458, 3.367716], [-76.555481, 3.367669], [-76.555493, 3.36764], [-76.555514, 3.367618], [-76.555546, 3.367591], [-76.555586, 3.367561], [-76.555624, 3.367534], [-76.555662, 3.367521], [-76.555693, 3.3675], [-76.555733, 3.367485], [-76.555779, 3.367479], [-76.555821, 3.367479], [-76.555859, 3.367479], [-76.555891, 3.367485], [-76.555941, 3.3675], [-76.555998, 3.367523], [-76.556033, 3.367544], [-76.556067, 3.367557], [-76.556107, 3.367576], [-76.556162, 3.367589], [-76.556227, 3.367599], [-76.556286, 3.367599], [-76.55634, 3.367604], [-76.556389, 3.367608], [-76.556422, 3.367612], [-76.556473, 3.367612], [-76.556477, 3.367612], [-76.556519, 3.36761], [-76.556597, 3.367604], [-76.556649, 3.367595], [-76.55667, 3.367595], [-76.556694, 3.367588], [-76.556708, 3.367585], [-76.556744, 3.367585], [-76.556762, 3.367586], [-76.556792, 3.367589], [-76.556828, 3.367599], [-76.556885, 3.367606], [-76.556931, 3.367597], [-76.556941, 3.367578], [-76.556967, 3.367563], [-76.557009, 3.36754], [-76.557046, 3.367536], [-76.557112, 3.367521], [-76.557187, 3.367515], [-76.557242, 3.367513], [-76.55729, 3.367511], [-76.557341, 3.36753], [-76.557374, 3.36754], [-76.557416, 3.367534], [-76.557441, 3.3675], [-76.557473, 3.367479], [-76.557512, 3.367463], [-76.557515, 3.367462], [-76.557544, 3.367456], [-76.557563, 3.367456], [-76.557578, 3.367456], [-76.557616, 3.367443], [-76.557658, 3.367422], [-76.557706, 3.367409], [-76.557748, 3.367413], [-76.55779, 3.367408], [-76.557826, 3.367403], [-76.557872, 3.367403], [-76.557954, 3.367397], [-76.558042, 3.367399], [-76.558082, 3.367418], [-76.558129, 3.36743], [-76.558177, 3.367449], [-76.558244, 3.367485], [-76.558303, 3.367555], [-76.558316, 3.367571], [-76.558339, 3.367599], [-76.558353, 3.367614], [-76.558383, 3.367644], [-76.558431, 3.367684], [-76.558448, 3.367707], [-76.558496, 3.367745], [-76.558534, 3.367779], [-76.558574, 3.36781], [-76.558625, 3.367846], [-76.558662, 3.367863], [-76.558715, 3.367878], [-76.55873, 3.367882], [-76.558807, 3.367899], [-76.558843, 3.367912], [-76.558881, 3.367931], [-76.558933, 3.367965], [-76.558968, 3.367995], [-76.558969, 3.367996], [-76.558988, 3.368013], [-76.559036, 3.368032], [-76.559081, 3.368041], [-76.559112, 3.368047], [-76.559152, 3.368066], [-76.559209, 3.368098], [-76.559261, 3.368174], [-76.55928, 3.36821], [-76.559287, 3.36825], [-76.559301, 3.368277], [-76.559314, 3.368326], [-76.559303, 3.368347], [-76.559284, 3.368421], [-76.559259, 3.368457], [-76.559238, 3.368518], [-76.559219, 3.368573], [-76.559207, 3.368638], [-76.559181, 3.36871], [-76.559167, 3.368748], [-76.559152, 3.368811], [-76.559152, 3.368885], [-76.559142, 3.368936], [-76.559137, 3.368974], [-76.559135, 3.369027], [-76.559133, 3.369078], [-76.559127, 3.369126], [-76.559133, 3.369168], [-76.559144, 3.369194], [-76.559163, 3.369219], [-76.559175, 3.369234], [-76.559184, 3.369244], [-76.559203, 3.36927], [-76.559215, 3.369304], [-76.559221, 3.369325], [-76.559221, 3.369361], [-76.559219, 3.369391], [-76.559217, 3.36942], [-76.559207, 3.369451], [-76.559211, 3.369498], [-76.55921, 3.369524], [-76.559209, 3.369551], [-76.559209, 3.369578], [-76.559209, 3.36962], [-76.559219, 3.369698], [-76.559228, 3.369732], [-76.55924, 3.36977], [-76.55927, 3.369806], [-76.559276, 3.369819], [-76.559322, 3.369855], [-76.559379, 3.369893], [-76.559394, 3.36991], [-76.559444, 3.369943], [-76.559511, 3.369962], [-76.55953, 3.369975], [-76.559574, 3.369981], [-76.559612, 3.369981], [-76.559625, 3.369981], [-76.559644, 3.369981], [-76.559669, 3.369984], [-76.559682, 3.369991], [-76.559694, 3.369998], [-76.559732, 3.370007], [-76.559757, 3.370024], [-76.559787, 3.370034], [-76.559808, 3.37003], [-76.559822, 3.370017], [-76.559827, 3.370003], [-76.55986, 3.369979], [-76.559885, 3.369977], [-76.559911, 3.369975], [-76.559953, 3.369967], [-76.559963, 3.369962], [-76.559978, 3.369958], [-76.559999, 3.369939], [-76.560022, 3.369922], [-76.560047, 3.369901], [-76.560068, 3.369878], [-76.560087, 3.369861], [-76.56011, 3.369827], [-76.560133, 3.369798], [-76.56015, 3.369772], [-76.560169, 3.369741], [-76.560178, 3.369707], [-76.560182, 3.369679], [-76.560194, 3.369663], [-76.560209, 3.36961], [-76.560211, 3.36957], [-76.560211, 3.369538], [-76.560215, 3.369513], [-76.560232, 3.3695], [-76.560249, 3.369496], [-76.560295, 3.369491], [-76.560316, 3.369489], [-76.560346, 3.369489], [-76.560375, 3.369494], [-76.560421, 3.369525], [-76.560455, 3.369548], [-76.560482, 3.36957], [-76.560499, 3.369591], [-76.5605, 3.369592], [-76.560543, 3.369641], [-76.56056, 3.369669], [-76.560592, 3.369713], [-76.560623, 3.369783], [-76.560642, 3.369817], [-76.560659, 3.369861], [-76.560674, 3.369901], [-76.560692, 3.369939], [-76.560724, 3.36999], [-76.560739, 3.370043], [-76.56077, 3.370087], [-76.560787, 3.370114], [-76.5608, 3.370123], [-76.560814, 3.37014], [-76.56084, 3.370163], [-76.560854, 3.370188], [-76.560871, 3.370214], [-76.56089, 3.370239], [-76.560907, 3.370258], [-76.560922, 3.370277], [-76.560936, 3.370292], [-76.560951, 3.3703], [-76.560968, 3.370313], [-76.560989, 3.370328], [-76.56101, 3.370347], [-76.561035, 3.370374], [-76.561054, 3.370388], [-76.561071, 3.3704], [-76.561104, 3.370419], [-76.56117, 3.370467], [-76.56122, 3.370509], [-76.561237, 3.370526], [-76.561279, 3.370558], [-76.56131, 3.37059], [-76.561346, 3.370609], [-76.561382, 3.370625], [-76.561482, 3.370675], [-76.56151, 3.370692], [-76.561557, 3.370709], [-76.561616, 3.370734], [-76.561664, 3.370754], [-76.561714, 3.370824], [-76.561734, 3.370844], [-76.561753, 3.370881], [-76.561759, 3.370917], [-76.56177, 3.370965], [-76.561765, 3.371069], [-76.561759, 3.371123], [-76.561722, 3.371265], [-76.561717, 3.371309], [-76.561717, 3.371337], [-76.561706, 3.371357], [-76.561686, 3.371474], [-76.561683, 3.371493], [-76.561672, 3.371601], [-76.561666, 3.371686], [-76.561668, 3.371738], [-76.561673, 3.37194], [-76.561677, 3.371959], [-76.561681, 3.371983], [-76.561689, 3.372009], [-76.561709, 3.372048], [-76.561718, 3.372098], [-76.56174, 3.372155], [-76.561766, 3.37222], [-76.561771, 3.372251], [-76.561778, 3.372296], [-76.561802, 3.372347], [-76.561832, 3.372402], [-76.561859, 3.37245], [-76.561866, 3.372495], [-76.561892, 3.372562], [-76.561902, 3.372603], [-76.561906, 3.372636], [-76.561911, 3.372691], [-76.56193, 3.37273], [-76.561932, 3.372761], [-76.561932, 3.372773], [-76.561932, 3.372774], [-76.561937, 3.372838], [-76.56194, 3.372929], [-76.56193, 3.372967], [-76.561906, 3.373037], [-76.561887, 3.373085], [-76.561847, 3.373147], [-76.561794, 3.373216], [-76.56173, 3.373257], [-76.561698, 3.373295], [-76.561694, 3.3733], [-76.561659, 3.37335], [-76.561616, 3.37341], [-76.561571, 3.373467], [-76.561525, 3.373534], [-76.561487, 3.373561], [-76.561442, 3.373599], [-76.561418, 3.37363], [-76.561397, 3.373666], [-76.561383, 3.373704], [-76.561355, 3.373755], [-76.561331, 3.373785], [-76.561327, 3.373817], [-76.561326, 3.373824], [-76.561325, 3.373859], [-76.561332, 3.373932], [-76.561341, 3.374046], [-76.561336, 3.374084], [-76.561304, 3.374196], [-76.561288, 3.37423], [-76.561282, 3.374268], [-76.56128, 3.374306], [-76.561282, 3.37434], [-76.561284, 3.374383], [-76.561314, 3.374496], [-76.561321, 3.374534], [-76.561328, 3.374764], [-76.561335, 3.374803], [-76.561335, 3.374841], [-76.561332, 3.374862], [-76.561326, 3.3749], [-76.561319, 3.374953], [-76.561317, 3.374993], [-76.56132, 3.37507], [-76.561337, 3.375183], [-76.561362, 3.375282], [-76.561374, 3.375332], [-76.56138, 3.37537], [-76.561381, 3.375409], [-76.561387, 3.375447], [-76.561404, 3.375522], [-76.561401, 3.37556], [-76.561396, 3.375572], [-76.561387, 3.375599], [-76.561379, 3.375636], [-76.561385, 3.375673], [-76.561402, 3.375726], [-76.561415, 3.375767], [-76.56142, 3.375782], [-76.561437, 3.37581], [-76.561449, 3.375829], [-76.561285, 3.375778], [-76.561121, 3.375727], [-76.560884, 3.375659], [-76.560855, 3.37565], [-76.56083, 3.375643], [-76.560645, 3.37559], [-76.560642, 3.375589], [-76.560589, 3.375573], [-76.560588, 3.375576], [-76.560532, 3.375735], [-76.560505, 3.375814], [-76.560501, 3.375823], [-76.5605, 3.375826], [-76.560469, 3.375915], [-76.560464, 3.375929], [-76.560455, 3.375955], [-76.560406, 3.376095], [-76.560381, 3.376168], [-76.560378, 3.376175], [-76.560367, 3.376208], [-76.560363, 3.376229], [-76.560342, 3.376328], [-76.56033, 3.376384], [-76.560325, 3.376408], [-76.560309, 3.376483], [-76.560291, 3.376566], [-76.560274, 3.376647], [-76.560263, 3.376701], [-76.560244, 3.376789], [-76.560222, 3.376892], [-76.560206, 3.376967], [-76.560194, 3.377024], [-76.560192, 3.377034], [-76.560188, 3.377054], [-76.560174, 3.377119], [-76.560172, 3.37713], [-76.560162, 3.377179], [-76.560154, 3.377212], [-76.560151, 3.37723], [-76.560148, 3.377243], [-76.560146, 3.377251], [-76.560141, 3.377277], [-76.56014, 3.377282], [-76.560126, 3.377349], [-76.560124, 3.377356], [-76.560117, 3.377391], [-76.560117, 3.377392], [-76.560157, 3.377438], [-76.56058, 3.377928], [-76.560707, 3.377976], [-76.560798, 3.378011], [-76.561007, 3.378059], [-76.561157, 3.378146], [-76.561299, 3.378321], [-76.561381, 3.378599], [-76.561394, 3.378706], [-76.561419, 3.378917], [-76.561444, 3.379126], [-76.561436, 3.379448], [-76.561436, 3.379451], [-76.561397, 3.379638], [-76.561337, 3.379833], [-76.561156, 3.379975], [-76.560883, 3.379991], [-76.560725, 3.38007], [-76.560587, 3.380102], [-76.560461, 3.380042], [-76.560386, 3.379935], [-76.560264, 3.379824], [-76.560106, 3.379729], [-76.559908, 3.379665], [-76.559711, 3.379638], [-76.55962, 3.379625], [-76.559605, 3.379626], [-76.559565, 3.379629], [-76.559563, 3.379629], [-76.559605, 3.379758], [-76.55962, 3.379803], [-76.559644, 3.379879], [-76.559658, 3.37992], [-76.559686, 3.380009], [-76.559701, 3.380054], [-76.559728, 3.380137], [-76.559736, 3.380163], [-76.559764, 3.380249], [-76.559777, 3.380289], [-76.559795, 3.380343], [-76.559817, 3.380414], [-76.559828, 3.380448], [-76.559847, 3.380504], [-76.559861, 3.380547], [-76.559878, 3.380602], [-76.559894, 3.38065], [-76.559909, 3.380695], [-76.559927, 3.380753], [-76.559929, 3.380758], [-76.559942, 3.380799], [-76.559959, 3.380851], [-76.559963, 3.380863], [-76.559978, 3.38091], [-76.559997, 3.38097], [-76.560013, 3.381018], [-76.560031, 3.381075], [-76.560037, 3.381093], [-76.560041, 3.381106], [-76.560043, 3.381107], [-76.560044, 3.381108], [-76.560045, 3.381108], [-76.560117, 3.381168], [-76.560152, 3.381198], [-76.560442, 3.381439], [-76.56094, 3.381853], [-76.561591, 3.382394], [-76.561122, 3.382954], [-76.561173, 3.38301], [-76.561295, 3.38308], [-76.561399, 3.383142], [-76.561489, 3.383263], [-76.561516, 3.383368], [-76.561532, 3.383474], [-76.561532, 3.383484], [-76.561532, 3.383484], [-76.561532, 3.383487], [-76.561532, 3.383489], [-76.561532, 3.383489], [-76.561532, 3.383492], [-76.561532, 3.383498], [-76.561532, 3.383498], [-76.561532, 3.383501], [-76.561532, 3.383507], [-76.561532, 3.383507], [-76.561532, 3.38351], [-76.561532, 3.383516], [-76.561532, 3.383516], [-76.561532, 3.38352], [-76.561532, 3.383526], [-76.561532, 3.383526], [-76.561532, 3.38353], [-76.561533, 3.383539], [-76.561533, 3.383539], [-76.561533, 3.383544], [-76.561533, 3.383544], [-76.561533, 3.383548], [-76.561534, 3.383557], [-76.561534, 3.383557], [-76.561534, 3.383562], [-76.561534, 3.383562], [-76.561534, 3.383566], [-76.561534, 3.383571], [-76.561534, 3.383571], [-76.561534, 3.383575], [-76.561534, 3.38358], [-76.561534, 3.38358], [-76.561534, 3.383584], [-76.561534, 3.383585], [-76.561534, 3.383587], [-76.561534, 3.383589], [-76.561534, 3.383593], [-76.561528, 3.383599], [-76.561519, 3.383599], [-76.56151, 3.383598], [-76.561501, 3.383596], [-76.561492, 3.383596], [-76.561483, 3.383598], [-76.561483, 3.383599], [-76.561482, 3.3836], [-76.561479, 3.383606], [-76.561478, 3.383615], [-76.561478, 3.383616], [-76.561478, 3.383617], [-76.561477, 3.383623], [-76.561477, 3.383624], [-76.561477, 3.383624], [-76.561477, 3.383626], [-76.561477, 3.383628], [-76.561477, 3.38363], [-76.561477, 3.38363], [-76.561477, 3.383632], [-76.561477, 3.383634], [-76.561477, 3.383634], [-76.561476, 3.383639], [-76.561476, 3.383643], [-76.561476, 3.383643], [-76.561476, 3.383645], [-76.561476, 3.383648], [-76.561476, 3.383648], [-76.561476, 3.383652], [-76.561476, 3.383653], [-76.561475, 3.383661], [-76.561475, 3.383661], [-76.561475, 3.383662], [-76.561473, 3.38367], [-76.561471, 3.383675], [-76.561471, 3.383678], [-76.561469, 3.383682], [-76.561468, 3.383685], [-76.561468, 3.383687], [-76.561465, 3.383695], [-76.561462, 3.383703], [-76.56146, 3.383706], [-76.561457, 3.383711], [-76.561453, 3.383719], [-76.561453, 3.383722], [-76.56145, 3.383728], [-76.561446, 3.383737], [-76.561446, 3.383738], [-76.561443, 3.383745], [-76.56144, 3.383753], [-76.56144, 3.383753], [-76.561437, 3.383762], [-76.561434, 3.38377], [-76.561431, 3.383779], [-76.561428, 3.383787], [-76.561426, 3.383796], [-76.561422, 3.383804], [-76.561421, 3.383807], [-76.561419, 3.383813], [-76.561417, 3.383822], [-76.561415, 3.383828], [-76.561414, 3.383831], [-76.561411, 3.383839], [-76.561408, 3.383848], [-76.561406, 3.383856], [-76.561403, 3.383865], [-76.561399, 3.383873], [-76.561397, 3.383882], [-76.561395, 3.383888], [-76.561392, 3.383896], [-76.561388, 3.383904], [-76.561363, 3.383954], [-76.561359, 3.383962], [-76.561359, 3.383963], [-76.561356, 3.383971], [-76.561356, 3.383971], [-76.561353, 3.383979], [-76.56135, 3.383988], [-76.561348, 3.383996], [-76.561347, 3.384], [-76.561346, 3.384005], [-76.561345, 3.384014], [-76.561344, 3.384023], [-76.561343, 3.384032], [-76.561343, 3.384038], [-76.561343, 3.384038], [-76.561343, 3.384041], [-76.561343, 3.384047], [-76.561343, 3.384047], [-76.561343, 3.38405], [-76.561343, 3.384051], [-76.561343, 3.384056], [-76.561343, 3.384056], [-76.561343, 3.384059], [-76.561343, 3.384065], [-76.561343, 3.384065], [-76.561343, 3.384069], [-76.561343, 3.384074], [-76.561343, 3.384074], [-76.561343, 3.384078], [-76.561343, 3.384083], [-76.561343, 3.384083], [-76.561343, 3.384087], [-76.561343, 3.384092], [-76.561343, 3.384092], [-76.561343, 3.384096], [-76.561343, 3.384101], [-76.561343, 3.384101], [-76.561343, 3.384105], [-76.561343, 3.384107], [-76.561343, 3.38411], [-76.561343, 3.384114], [-76.561341, 3.384123], [-76.561339, 3.384132], [-76.561336, 3.38414], [-76.561334, 3.384149], [-76.561332, 3.384157], [-76.561331, 3.384164], [-76.561331, 3.384166], [-76.561331, 3.384168], [-76.561332, 3.384172], [-76.561332, 3.384175], [-76.561334, 3.384184], [-76.561335, 3.384193], [-76.561336, 3.384202], [-76.561338, 3.384211], [-76.56134, 3.38422], [-76.561342, 3.384229], [-76.561343, 3.384233], [-76.561344, 3.384238], [-76.561345, 3.384247], [-76.561347, 3.384256], [-76.561349, 3.384265], [-76.561351, 3.384271], [-76.561351, 3.384273], [-76.561353, 3.384282], [-76.561354, 3.384291], [-76.561357, 3.384299], [-76.561361, 3.384308], [-76.561365, 3.384315], [-76.561372, 3.384322], [-76.561378, 3.384327], [-76.561379, 3.384328], [-76.561386, 3.384333], [-76.561392, 3.38434], [-76.561399, 3.384345], [-76.561407, 3.384353], [-76.561413, 3.384359], [-76.561418, 3.384361], [-76.561421, 3.384363], [-76.561429, 3.384367], [-76.561437, 3.384371], [-76.561446, 3.384373], [-76.561454, 3.384377], [-76.561462, 3.384381], [-76.561471, 3.384385], [-76.561479, 3.384389], [-76.561486, 3.384394], [-76.561492, 3.3844], [-76.561498, 3.384408], [-76.561503, 3.384415], [-76.561507, 3.384422], [-76.561509, 3.384424], [-76.561513, 3.384429], [-76.561518, 3.384437], [-76.561523, 3.384445], [-76.561527, 3.384453], [-76.561533, 3.38446], [-76.561537, 3.384467], [-76.561543, 3.384475], [-76.561545, 3.384478], [-76.561549, 3.384482], [-76.561556, 3.384487], [-76.561563, 3.384493], [-76.56157, 3.384498], [-76.561578, 3.384504], [-76.561586, 3.384507], [-76.561594, 3.384511], [-76.561603, 3.384513], [-76.561611, 3.384517], [-76.561618, 3.384522], [-76.561618, 3.384522], [-76.561624, 3.384529], [-76.561631, 3.384535], [-76.561644, 3.384542], [-76.561653, 3.384543], [-76.561662, 3.384543], [-76.561671, 3.384542], [-76.561687, 3.384541], [-76.561696, 3.384543], [-76.561704, 3.384547], [-76.561711, 3.384552], [-76.561716, 3.38456], [-76.561717, 3.384566], [-76.561717, 3.384569], [-76.561714, 3.384577], [-76.561708, 3.384584], [-76.5617, 3.384589], [-76.561691, 3.384589], [-76.561683, 3.384588], [-76.561674, 3.384587], [-76.561665, 3.384587], [-76.561656, 3.384589], [-76.561647, 3.38459], [-76.561638, 3.384592], [-76.561629, 3.384593], [-76.561621, 3.384596], [-76.561614, 3.384601], [-76.56161, 3.384609], [-76.561607, 3.384618], [-76.561603, 3.384626], [-76.561596, 3.384631], [-76.561587, 3.384631], [-76.561578, 3.384634], [-76.56157, 3.384639], [-76.561564, 3.384645], [-76.561562, 3.384651], [-76.561561, 3.384654], [-76.561566, 3.38466], [-76.561574, 3.384664], [-76.561582, 3.384668], [-76.56159, 3.384673], [-76.561595, 3.384679], [-76.561596, 3.38468], [-76.561592, 3.384688], [-76.561584, 3.384692], [-76.561576, 3.384695], [-76.561568, 3.3847], [-76.561562, 3.384706], [-76.561562, 3.384712], [-76.561561, 3.384715], [-76.561564, 3.384721], [-76.561565, 3.384723], [-76.561561, 3.38473], [-76.561553, 3.384735], [-76.561547, 3.384741], [-76.561544, 3.38475], [-76.561543, 3.384759], [-76.561542, 3.384768], [-76.561539, 3.384777], [-76.561535, 3.384786], [-76.561533, 3.384794], [-76.561529, 3.384802], [-76.561525, 3.38481], [-76.561519, 3.384817], [-76.561516, 3.384821], [-76.561513, 3.384824], [-76.561507, 3.384831], [-76.561504, 3.384839], [-76.561502, 3.384848], [-76.5615, 3.384857], [-76.561499, 3.384866], [-76.561498, 3.384866], [-76.561496, 3.384874], [-76.561492, 3.384883], [-76.561489, 3.384891], [-76.561487, 3.3849], [-76.561483, 3.384909], [-76.56148, 3.384917], [-76.56148, 3.38492], [-76.561479, 3.384926], [-76.561478, 3.384935], [-76.561477, 3.384944], [-76.561476, 3.384953], [-76.561475, 3.384962], [-76.561475, 3.384967], [-76.561475, 3.384968], [-76.561475, 3.384971], [-76.561474, 3.38498], [-76.561473, 3.384987], [-76.561473, 3.384989], [-76.561473, 3.384995], [-76.561473, 3.384995], [-76.561473, 3.384998], [-76.561472, 3.385007], [-76.561472, 3.385007], [-76.561471, 3.385016], [-76.561469, 3.385025], [-76.561465, 3.385033], [-76.561462, 3.385042], [-76.561457, 3.38505], [-76.561453, 3.385057], [-76.561448, 3.385065], [-76.561444, 3.38507], [-76.561443, 3.385072], [-76.561437, 3.38508], [-76.561433, 3.385087], [-76.561428, 3.385095], [-76.561425, 3.385103], [-76.561422, 3.385107], [-76.56142, 3.385111], [-76.561417, 3.385119], [-76.561412, 3.385127], [-76.561407, 3.385135], [-76.561401, 3.385142], [-76.561396, 3.385149], [-76.561391, 3.385156], [-76.561389, 3.385165], [-76.561385, 3.385174], [-76.561382, 3.385183], [-76.561378, 3.385191], [-76.561373, 3.385198], [-76.561368, 3.385205], [-76.561363, 3.385212], [-76.56136, 3.385215], [-76.561357, 3.38522], [-76.561351, 3.385226], [-76.561345, 3.385232], [-76.561338, 3.385239], [-76.561336, 3.385241], [-76.561332, 3.385246], [-76.561327, 3.385253], [-76.561322, 3.38526], [-76.561318, 3.385269], [-76.561314, 3.385277], [-76.561311, 3.385286], [-76.561309, 3.385295], [-76.561308, 3.385303], [-76.561308, 3.385305], [-76.561308, 3.385308], [-76.561308, 3.385309], [-76.561308, 3.385312], [-76.561308, 3.385317], [-76.561308, 3.385318], [-76.561308, 3.385321], [-76.561308, 3.385327], [-76.561308, 3.385327], [-76.561308, 3.38533], [-76.561308, 3.385336], [-76.561308, 3.385336], [-76.561308, 3.385339], [-76.561307, 3.385348], [-76.561304, 3.385357], [-76.5613, 3.385365], [-76.561295, 3.385373], [-76.56129, 3.38538], [-76.561284, 3.385387], [-76.561279, 3.385394], [-76.561273, 3.385401], [-76.561268, 3.385409], [-76.561265, 3.385413], [-76.561263, 3.385416], [-76.561257, 3.385423], [-76.561252, 3.38543], [-76.561246, 3.385438], [-76.56124, 3.385445], [-76.561235, 3.385451], [-76.561228, 3.385458], [-76.561222, 3.385465], [-76.561217, 3.385472], [-76.561213, 3.38548], [-76.56121, 3.385488], [-76.561208, 3.385497], [-76.561208, 3.385503], [-76.561208, 3.385503], [-76.561208, 3.385506], [-76.561208, 3.385512], [-76.561208, 3.385512], [-76.561208, 3.385515], [-76.561208, 3.38552], [-76.561208, 3.385521], [-76.561208, 3.385521], [-76.561208, 3.385524], [-76.561208, 3.38553], [-76.561208, 3.385534], [-76.56121, 3.385543], [-76.561214, 3.38555], [-76.56122, 3.385556], [-76.561228, 3.385561], [-76.561237, 3.385564], [-76.561242, 3.385565], [-76.561246, 3.385566], [-76.561255, 3.385568], [-76.561263, 3.38557], [-76.561272, 3.385572], [-76.56128, 3.385576], [-76.561288, 3.385581], [-76.561295, 3.385587], [-76.561302, 3.385592], [-76.561308, 3.385597], [-76.561309, 3.385598], [-76.561316, 3.385603], [-76.561323, 3.385609], [-76.56133, 3.385615], [-76.561336, 3.385621], [-76.561342, 3.385628], [-76.561347, 3.385635], [-76.561347, 3.385636], [-76.561352, 3.385644], [-76.561355, 3.385651], [-76.561355, 3.385652], [-76.561359, 3.38566], [-76.56136, 3.385663], [-76.561362, 3.385668], [-76.561363, 3.385675], [-76.561363, 3.385677], [-76.561365, 3.385686], [-76.561365, 3.385687], [-76.561366, 3.385695], [-76.561367, 3.385704], [-76.561367, 3.385704], [-76.561367, 3.385707], [-76.561367, 3.38571], [-76.561367, 3.38571], [-76.561367, 3.385713], [-76.561368, 3.385723], [-76.561371, 3.385737], [-76.561372, 3.385741], [-76.561377, 3.385747], [-76.561385, 3.385752], [-76.561392, 3.385757], [-76.561392, 3.385757], [-76.561398, 3.385764], [-76.561402, 3.385771], [-76.561407, 3.385779], [-76.561409, 3.385789], [-76.56141, 3.385798], [-76.56141, 3.385798], [-76.56141, 3.385802], [-76.56141, 3.385803], [-76.56141, 3.385803], [-76.56141, 3.385807], [-76.561411, 3.385816], [-76.561411, 3.385816], [-76.561411, 3.385818], [-76.561411, 3.385818], [-76.561411, 3.38582], [-76.561411, 3.385821], [-76.561411, 3.385821], [-76.561411, 3.385825], [-76.561412, 3.385835], [-76.561436, 3.38588], [-76.561439, 3.385896], [-76.561439, 3.385897], [-76.561439, 3.3859], [-76.561439, 3.3859], [-76.561437, 3.385913], [-76.561435, 3.385922], [-76.561435, 3.38593], [-76.561435, 3.385931], [-76.561435, 3.385936], [-76.561435, 3.38594], [-76.561437, 3.385949], [-76.561439, 3.385958], [-76.561442, 3.385967], [-76.561444, 3.385975], [-76.561448, 3.385984], [-76.561451, 3.385992], [-76.561455, 3.386], [-76.561462, 3.386006], [-76.56147, 3.386011], [-76.561478, 3.386016], [-76.561483, 3.386018], [-76.561486, 3.386019], [-76.561494, 3.386021], [-76.561503, 3.386024], [-76.561512, 3.386026], [-76.561519, 3.386031], [-76.561525, 3.386038], [-76.561527, 3.386047], [-76.561529, 3.386056], [-76.561531, 3.386065], [-76.561531, 3.386066], [-76.561533, 3.386073], [-76.561537, 3.386082], [-76.56154, 3.386091], [-76.561544, 3.386099], [-76.561551, 3.386105], [-76.561557, 3.386111], [-76.561563, 3.386118], [-76.561569, 3.386124], [-76.561576, 3.386131], [-76.56158, 3.386139], [-76.561585, 3.386147], [-76.56159, 3.386154], [-76.561595, 3.386162], [-76.561599, 3.386169], [-76.561605, 3.386177], [-76.561608, 3.386185], [-76.561608, 3.38619], [-76.561608, 3.38619], [-76.561608, 3.386194], [-76.561608, 3.386198], [-76.561608, 3.386199], [-76.561608, 3.386203], [-76.561611, 3.386212], [-76.561614, 3.38622], [-76.561619, 3.386228], [-76.561624, 3.386235], [-76.561626, 3.386238], [-76.56163, 3.386243], [-76.561634, 3.386251], [-76.561637, 3.386259], [-76.561639, 3.386268], [-76.561641, 3.386277], [-76.561641, 3.386277], [-76.561642, 3.386285], [-76.561644, 3.386294], [-76.561644, 3.386294], [-76.561647, 3.386303], [-76.56165, 3.386311], [-76.561655, 3.386319], [-76.561657, 3.386322], [-76.561659, 3.386327], [-76.561666, 3.386334], [-76.561672, 3.38634], [-76.561675, 3.386342], [-76.561679, 3.386346], [-76.561686, 3.386352], [-76.561692, 3.386358], [-76.561697, 3.386366], [-76.561702, 3.386371], [-76.561703, 3.386373], [-76.561707, 3.386381], [-76.561713, 3.386388], [-76.561719, 3.386394], [-76.561721, 3.386396], [-76.561726, 3.3864], [-76.561734, 3.386404], [-76.561741, 3.386409], [-76.561749, 3.386414], [-76.561751, 3.386418], [-76.561754, 3.386422], [-76.561758, 3.38643], [-76.561763, 3.386437], [-76.561768, 3.386445], [-76.561773, 3.386453], [-76.561775, 3.386461], [-76.561776, 3.386467], [-76.561777, 3.38647], [-76.56178, 3.386479], [-76.561782, 3.386488], [-76.561785, 3.386497], [-76.561785, 3.386498], [-76.561787, 3.386505], [-76.56179, 3.386514], [-76.561793, 3.386522], [-76.561793, 3.386522], [-76.561795, 3.386531], [-76.561798, 3.386539], [-76.5618, 3.386544], [-76.561802, 3.386548], [-76.561804, 3.386556], [-76.561807, 3.386564], [-76.561812, 3.38657], [-76.561817, 3.386575], [-76.561826, 3.386575], [-76.561833, 3.38658], [-76.561839, 3.386586], [-76.561844, 3.386594], [-76.561845, 3.386598], [-76.561845, 3.386601], [-76.561846, 3.386603], [-76.561842, 3.386612], [-76.561841, 3.386618], [-76.561841, 3.386621], [-76.561842, 3.386625], [-76.561843, 3.38663], [-76.561845, 3.386635], [-76.561847, 3.386638], [-76.561851, 3.386646], [-76.561855, 3.386654], [-76.561859, 3.386662], [-76.56186, 3.386664], [-76.561863, 3.38667], [-76.561864, 3.386673], [-76.561867, 3.386678], [-76.561872, 3.386687], [-76.561876, 3.386695], [-76.561881, 3.386702], [-76.561885, 3.386708], [-76.561886, 3.386709], [-76.561892, 3.386715], [-76.561901, 3.386719], [-76.56191, 3.386721], [-76.561919, 3.38672], [-76.561927, 3.386716], [-76.561931, 3.386709], [-76.561931, 3.386708], [-76.561931, 3.386708], [-76.561933, 3.386702], [-76.561934, 3.3867], [-76.561936, 3.386691], [-76.561937, 3.386683], [-76.561937, 3.386682], [-76.561936, 3.38668], [-76.561936, 3.386679], [-76.561936, 3.386679], [-76.561936, 3.386673], [-76.561936, 3.38667], [-76.561936, 3.386669], [-76.561936, 3.386665], [-76.561936, 3.386664], [-76.561937, 3.386663], [-76.561944, 3.386659], [-76.561951, 3.386661], [-76.561955, 3.386669], [-76.561957, 3.386674], [-76.561959, 3.386678], [-76.561966, 3.386683], [-76.561974, 3.386688], [-76.561983, 3.386688], [-76.561992, 3.386688], [-76.562, 3.386685], [-76.562008, 3.386681], [-76.562009, 3.38668], [-76.562017, 3.386676], [-76.562023, 3.38667], [-76.562028, 3.386663], [-76.562032, 3.386656], [-76.562033, 3.386655], [-76.562037, 3.386647], [-76.562039, 3.386643], [-76.562041, 3.386639], [-76.562047, 3.386632], [-76.562056, 3.38663], [-76.562063, 3.386636], [-76.562065, 3.386645], [-76.562066, 3.386652], [-76.562066, 3.386654], [-76.562066, 3.386655], [-76.562066, 3.386655], [-76.562065, 3.386663], [-76.562065, 3.38667], [-76.562064, 3.386672], [-76.562065, 3.386681], [-76.562068, 3.386689], [-76.562074, 3.386697], [-76.562083, 3.386698], [-76.562091, 3.386694], [-76.562098, 3.386688], [-76.562104, 3.386681], [-76.562113, 3.38668], [-76.562122, 3.38668], [-76.562131, 3.386682], [-76.562139, 3.386687], [-76.562147, 3.386691], [-76.562155, 3.386693], [-76.562164, 3.386692], [-76.562172, 3.386688], [-76.56218, 3.386682], [-76.562185, 3.386675], [-76.562189, 3.386668], [-76.562194, 3.386659], [-76.562197, 3.386654], [-76.562198, 3.386651], [-76.562207, 3.386648], [-76.562216, 3.386648], [-76.562225, 3.386648], [-76.562234, 3.386645], [-76.562239, 3.386641], [-76.562241, 3.38664], [-76.562245, 3.386635], [-76.562246, 3.386633], [-76.562252, 3.386626], [-76.562256, 3.386618], [-76.562261, 3.386611], [-76.562264, 3.386605], [-76.562265, 3.386602], [-76.56227, 3.386594], [-76.562271, 3.386587], [-76.562271, 3.386585], [-76.562272, 3.386576], [-76.562274, 3.386568], [-76.562278, 3.386559], [-76.562281, 3.386554], [-76.562283, 3.386552], [-76.56229, 3.386547], [-76.562298, 3.386547], [-76.562299, 3.386547], [-76.5623, 3.386548], [-76.5623, 3.38655], [-76.5623, 3.38655], [-76.562302, 3.386554], [-76.562303, 3.386555], [-76.5623, 3.386564], [-76.562299, 3.386573], [-76.562299, 3.386578], [-76.562299, 3.386582], [-76.562301, 3.386589], [-76.562301, 3.38659], [-76.562301, 3.386591], [-76.5623, 3.3866], [-76.562298, 3.386609], [-76.562296, 3.386617], [-76.562292, 3.386626], [-76.562289, 3.386634], [-76.562287, 3.386643], [-76.562286, 3.386649], [-76.562286, 3.386652], [-76.56229, 3.38666], [-76.562297, 3.386666], [-76.562306, 3.386661], [-76.562312, 3.386655], [-76.562316, 3.386648], [-76.562321, 3.38664], [-76.562325, 3.386631], [-76.562329, 3.386623], [-76.562335, 3.386616], [-76.562342, 3.386611], [-76.562351, 3.38661], [-76.562352, 3.38661], [-76.56236, 3.386612], [-76.562368, 3.386618], [-76.562375, 3.386623], [-76.562384, 3.386624], [-76.562392, 3.38662], [-76.562398, 3.386613], [-76.562407, 3.386611], [-76.562416, 3.386611], [-76.562423, 3.386616], [-76.56243, 3.386622], [-76.562433, 3.38663], [-76.562435, 3.38664], [-76.56244, 3.386648], [-76.562447, 3.386653], [-76.562453, 3.386659], [-76.562457, 3.386668], [-76.562458, 3.386677], [-76.562459, 3.386686], [-76.562459, 3.386695], [-76.562462, 3.386704], [-76.562466, 3.386712], [-76.562468, 3.386721], [-76.562472, 3.386729], [-76.562475, 3.386737], [-76.562478, 3.386746], [-76.562481, 3.386754], [-76.562486, 3.386763], [-76.562488, 3.386771], [-76.56249, 3.38678], [-76.562492, 3.386789], [-76.562496, 3.386796], [-76.562504, 3.386802], [-76.562511, 3.386808], [-76.562516, 3.386815], [-76.562522, 3.386822], [-76.562526, 3.38683], [-76.562531, 3.386839], [-76.562533, 3.386847], [-76.562535, 3.386856], [-76.562536, 3.386863], [-76.562536, 3.386863], [-76.562536, 3.386865], [-76.562535, 3.386874], [-76.562534, 3.386883], [-76.562533, 3.386892], [-76.562533, 3.386897], [-76.562533, 3.386901], [-76.562535, 3.38691], [-76.562538, 3.386918], [-76.562543, 3.386925], [-76.562549, 3.386933], [-76.562555, 3.386939], [-76.562561, 3.386946], [-76.562567, 3.386953], [-76.562572, 3.386961], [-76.562577, 3.386968], [-76.562582, 3.386975], [-76.562588, 3.386982], [-76.562594, 3.38699], [-76.5626, 3.386996], [-76.562607, 3.387002], [-76.562613, 3.387008], [-76.56262, 3.387013], [-76.562628, 3.387018], [-76.562635, 3.387024], [-76.562643, 3.387029], [-76.56265, 3.387034], [-76.562659, 3.387037], [-76.562668, 3.387036], [-76.562674, 3.387041], [-76.562674, 3.387041], [-76.562673, 3.38705], [-76.562668, 3.387057], [-76.562662, 3.387064], [-76.562654, 3.387068], [-76.562648, 3.387075], [-76.562645, 3.387084], [-76.562645, 3.387089], [-76.562645, 3.387093], [-76.562648, 3.387102], [-76.562652, 3.38711], [-76.562656, 3.387118], [-76.56266, 3.387125], [-76.562665, 3.387133], [-76.562669, 3.387141], [-76.562674, 3.387149], [-76.562679, 3.387157], [-76.562683, 3.387164], [-76.562687, 3.387172], [-76.56269, 3.387181], [-76.562692, 3.38719], [-76.562692, 3.387199], [-76.562692, 3.387199], [-76.562692, 3.387202], [-76.562692, 3.387205], [-76.562692, 3.387205], [-76.562692, 3.387208], [-76.562692, 3.387217], [-76.562692, 3.387218], [-76.562692, 3.387219], [-76.562692, 3.38722], [-76.562692, 3.387223], [-76.562692, 3.387223], [-76.562692, 3.387226], [-76.562692, 3.387236], [-76.562693, 3.387244], [-76.562697, 3.387253], [-76.562701, 3.387261], [-76.562706, 3.387268], [-76.562713, 3.387274], [-76.56272, 3.38728], [-76.562727, 3.387285], [-76.562733, 3.387292], [-76.562736, 3.387298], [-76.562737, 3.3873], [-76.562732, 3.387306], [-76.562723, 3.387307], [-76.562715, 3.387305], [-76.562706, 3.387302], [-76.562698, 3.387297], [-76.562691, 3.387293], [-76.562683, 3.387288], [-76.562675, 3.387283], [-76.56267, 3.387275], [-76.562666, 3.387267], [-76.562665, 3.387258], [-76.562661, 3.38725], [-76.562655, 3.387245], [-76.562646, 3.387245], [-76.562637, 3.387248], [-76.562629, 3.387254], [-76.56262, 3.387257], [-76.562611, 3.387257], [-76.562603, 3.387255], [-76.562595, 3.38725], [-76.562588, 3.387245], [-76.56258, 3.38724], [-76.562573, 3.387236], [-76.562565, 3.38723], [-76.562557, 3.387225], [-76.56255, 3.38722], [-76.562543, 3.387215], [-76.562536, 3.387209], [-76.562529, 3.387204], [-76.562521, 3.3872], [-76.562512, 3.387198], [-76.562503, 3.387195], [-76.562495, 3.387193], [-76.562486, 3.387191], [-76.562477, 3.387189], [-76.562468, 3.387189], [-76.562459, 3.387189], [-76.56245, 3.387192], [-76.562441, 3.387195], [-76.562432, 3.387198], [-76.562423, 3.387199], [-76.562415, 3.387201], [-76.562406, 3.387201], [-76.562397, 3.387199], [-76.562389, 3.387196], [-76.56238, 3.387192], [-76.562372, 3.387189], [-76.562364, 3.387185], [-76.562356, 3.387181], [-76.562348, 3.387178], [-76.56234, 3.387173], [-76.562332, 3.38717], [-76.562324, 3.387165], [-76.562315, 3.387161], [-76.562307, 3.387157], [-76.562299, 3.387153], [-76.562291, 3.38715], [-76.562283, 3.387146], [-76.562275, 3.387142], [-76.562266, 3.387139], [-76.562258, 3.387136], [-76.56225, 3.387133], [-76.562241, 3.38713], [-76.562233, 3.387125], [-76.562226, 3.38712], [-76.562223, 3.387111], [-76.562217, 3.387104], [-76.562209, 3.3871], [-76.5622, 3.387098], [-76.562191, 3.387095], [-76.562183, 3.387094], [-76.562174, 3.387091], [-76.562165, 3.387089], [-76.562157, 3.387086], [-76.562148, 3.387084], [-76.562139, 3.387082], [-76.562131, 3.387079], [-76.562122, 3.387077], [-76.562113, 3.387075], [-76.562054, 3.387066], [-76.562039, 3.387068], [-76.56203, 3.38707], [-76.562021, 3.387072], [-76.562013, 3.387074], [-76.562004, 3.387074], [-76.561995, 3.387073], [-76.561986, 3.387071], [-76.561977, 3.387069], [-76.561968, 3.387067], [-76.561962, 3.387072], [-76.561957, 3.38708], [-76.561953, 3.387088], [-76.561948, 3.387095], [-76.561939, 3.387096], [-76.56193, 3.387094], [-76.561921, 3.387092], [-76.561912, 3.38709], [-76.561904, 3.387087], [-76.561895, 3.387084], [-76.561886, 3.387083], [-76.561878, 3.387081], [-76.561869, 3.387079], [-76.56186, 3.387078], [-76.561851, 3.387076], [-76.561842, 3.387075], [-76.561833, 3.387073], [-76.561825, 3.387071], [-76.561816, 3.387069], [-76.561807, 3.387066], [-76.561798, 3.387065], [-76.561789, 3.387065], [-76.56178, 3.387064], [-76.561771, 3.387064], [-76.561762, 3.387064], [-76.561753, 3.387065], [-76.561744, 3.387065], [-76.561735, 3.387067], [-76.561727, 3.387069], [-76.561718, 3.387071], [-76.561709, 3.387074], [-76.561701, 3.387076], [-76.561692, 3.387079], [-76.561684, 3.387083], [-76.561676, 3.387087], [-76.561668, 3.387092], [-76.561661, 3.387097], [-76.561654, 3.387103], [-76.561647, 3.387109], [-76.561641, 3.387115], [-76.561634, 3.387122], [-76.561628, 3.387128], [-76.561622, 3.387134], [-76.561617, 3.387142], [-76.561612, 3.38715], [-76.561609, 3.387158], [-76.561606, 3.387167], [-76.561603, 3.387177], [-76.5616, 3.387185], [-76.561599, 3.387194], [-76.561597, 3.387203], [-76.561596, 3.387212], [-76.561596, 3.387221], [-76.561596, 3.387225], [-76.561596, 3.387225], [-76.561596, 3.387227], [-76.561596, 3.387227], [-76.561596, 3.38723], [-76.561596, 3.387239], [-76.561598, 3.387248], [-76.561602, 3.387264], [-76.561614, 3.387292], [-76.561628, 3.387327], [-76.561628, 3.387337], [-76.561628, 3.387337], [-76.561628, 3.38734], [-76.561628, 3.387346], [-76.561628, 3.387346], [-76.561628, 3.387349], [-76.561628, 3.387355], [-76.561628, 3.387355], [-76.561628, 3.387358], [-76.561629, 3.387368], [-76.561632, 3.387376], [-76.561635, 3.387384], [-76.56164, 3.387392], [-76.561643, 3.3874], [-76.561648, 3.387408], [-76.561653, 3.387415], [-76.561661, 3.38742], [-76.56167, 3.38742], [-76.561679, 3.387418], [-76.561688, 3.387419], [-76.561696, 3.387422], [-76.561704, 3.387426], [-76.561711, 3.387432], [-76.561718, 3.387438], [-76.561724, 3.387444], [-76.56173, 3.387452], [-76.561736, 3.387458], [-76.561741, 3.387465], [-76.561747, 3.387472], [-76.561752, 3.38748], [-76.561758, 3.387487], [-76.561764, 3.387494], [-76.561769, 3.3875], [-76.561776, 3.387507], [-76.561782, 3.387514], [-76.561787, 3.387521], [-76.561793, 3.387529], [-76.561797, 3.387536], [-76.561803, 3.387544], [-76.561807, 3.387551], [-76.561812, 3.387558], [-76.561817, 3.387566], [-76.561822, 3.387574], [-76.561828, 3.387581], [-76.561833, 3.387588], [-76.561839, 3.387595], [-76.561844, 3.387603], [-76.561848, 3.38761], [-76.561853, 3.387618], [-76.561857, 3.387626], [-76.561862, 3.387634], [-76.561866, 3.387642], [-76.561871, 3.38765], [-76.561875, 3.387658], [-76.56188, 3.387665], [-76.561884, 3.387673], [-76.561888, 3.387681], [-76.561892, 3.387689], [-76.561896, 3.387698], [-76.561899, 3.387706], [-76.561902, 3.387715], [-76.561909, 3.38772], [-76.561918, 3.387721], [-76.561927, 3.38772], [-76.561936, 3.387718], [-76.561944, 3.387715], [-76.561951, 3.387708], [-76.561957, 3.387702], [-76.561964, 3.387696], [-76.561969, 3.387689], [-76.561974, 3.387681], [-76.56198, 3.387674], [-76.561985, 3.387667], [-76.561991, 3.387661], [-76.561998, 3.387654], [-76.562005, 3.387649], [-76.562012, 3.387643], [-76.56202, 3.387639], [-76.562027, 3.387633], [-76.562033, 3.387627], [-76.562038, 3.387619], [-76.562044, 3.387612], [-76.562048, 3.387605], [-76.562054, 3.387597], [-76.562059, 3.38759], [-76.562064, 3.387583], [-76.56207, 3.387576], [-76.562076, 3.387568], [-76.562081, 3.387562], [-76.562088, 3.387556], [-76.562095, 3.38755], [-76.562104, 3.387547], [-76.562113, 3.387546], [-76.562121, 3.387547], [-76.56213, 3.38755], [-76.562138, 3.387553], [-76.562147, 3.387556], [-76.562156, 3.387557], [-76.562165, 3.387559], [-76.562173, 3.387561], [-76.562182, 3.387562], [-76.562191, 3.387562], [-76.5622, 3.38756], [-76.562209, 3.387557], [-76.562217, 3.387553], [-76.562225, 3.387548], [-76.562233, 3.387545], [-76.562241, 3.38754], [-76.562249, 3.387536], [-76.562257, 3.387532], [-76.562265, 3.387528], [-76.562273, 3.387524], [-76.562281, 3.387522], [-76.56229, 3.38752], [-76.562299, 3.38752], [-76.562308, 3.38752], [-76.562317, 3.387521], [-76.562326, 3.387523], [-76.562335, 3.387526], [-76.562343, 3.387529], [-76.562352, 3.387531], [-76.56236, 3.387534], [-76.562369, 3.387537], [-76.56238, 3.38754], [-76.562384, 3.387547], [-76.562438, 3.387571], [-76.562446, 3.387576], [-76.562453, 3.38758], [-76.562461, 3.387584], [-76.562469, 3.387588], [-76.562477, 3.387592], [-76.562485, 3.387596], [-76.562494, 3.3876], [-76.562502, 3.387605], [-76.562509, 3.387609], [-76.562517, 3.387614], [-76.562524, 3.387619], [-76.562531, 3.387624], [-76.562539, 3.38763], [-76.562546, 3.387635], [-76.562553, 3.387642], [-76.562559, 3.387647], [-76.562566, 3.387653], [-76.562573, 3.38766], [-76.562579, 3.387666], [-76.562584, 3.387673], [-76.56259, 3.38768], [-76.562594, 3.387689], [-76.562598, 3.387697], [-76.562601, 3.387706], [-76.562601, 3.387711], [-76.562601, 3.387711], [-76.562601, 3.387715], [-76.562601, 3.38772], [-76.562601, 3.38772], [-76.562601, 3.387724], [-76.562601, 3.387729], [-76.562601, 3.387729], [-76.562601, 3.387733], [-76.562602, 3.387742], [-76.562604, 3.38775], [-76.562609, 3.387758], [-76.562614, 3.387765], [-76.56262, 3.387772], [-76.562626, 3.387779], [-76.562632, 3.387785], [-76.562639, 3.387791], [-76.562646, 3.387797], [-76.562653, 3.387803], [-76.562659, 3.387809], [-76.562666, 3.387814], [-76.562674, 3.387821], [-76.56268, 3.387826], [-76.562687, 3.387832], [-76.562695, 3.387837], [-76.562703, 3.387841], [-76.562711, 3.387844], [-76.562719, 3.387849], [-76.562728, 3.387852], [-76.562736, 3.387856], [-76.562744, 3.38786], [-76.562752, 3.387865], [-76.56276, 3.387869], [-76.562768, 3.387872], [-76.562776, 3.387876], [-76.562784, 3.387879], [-76.562792, 3.387883], [-76.562801, 3.387887], [-76.562809, 3.387889], [-76.562818, 3.387894], [-76.562825, 3.387899], [-76.562832, 3.387905], [-76.56284, 3.387907], [-76.562849, 3.387907], [-76.562858, 3.387905], [-76.562866, 3.387902], [-76.562875, 3.387902], [-76.562884, 3.387902], [-76.562893, 3.387902], [-76.562902, 3.387902], [-76.562911, 3.387904], [-76.562919, 3.387907], [-76.562926, 3.387914], [-76.562931, 3.387921], [-76.562937, 3.387927], [-76.562945, 3.387933], [-76.562953, 3.387937], [-76.562959, 3.387944], [-76.562965, 3.38795], [-76.562972, 3.387956], [-76.56298, 3.38796], [-76.562989, 3.387964], [-76.562997, 3.387967], [-76.563005, 3.38797], [-76.563012, 3.387975], [-76.563015, 3.387983], [-76.563015, 3.387989], [-76.563015, 3.387989], [-76.563015, 3.387992], [-76.563015, 3.387994], [-76.563015, 3.387998], [-76.563015, 3.388002], [-76.563013, 3.388011], [-76.563012, 3.388018], [-76.563012, 3.388018], [-76.563012, 3.38802], [-76.563013, 3.388029], [-76.563016, 3.388038], [-76.563023, 3.38805], [-76.563024, 3.388051], [-76.563024, 3.388053], [-76.563029, 3.388062], [-76.563031, 3.388067], [-76.563034, 3.388072], [-76.563038, 3.388077], [-76.563041, 3.388083], [-76.563045, 3.388089], [-76.563049, 3.388094], [-76.563055, 3.388103], [-76.56306, 3.388113], [-76.563065, 3.388119], [-76.563071, 3.388128], [-76.563074, 3.388132], [-76.56308, 3.38814], [-76.563085, 3.388148], [-76.563091, 3.388156], [-76.563096, 3.388164], [-76.563099, 3.38817], [-76.563103, 3.388177], [-76.563107, 3.388185], [-76.563111, 3.388193], [-76.563114, 3.388201], [-76.563118, 3.388208], [-76.563122, 3.388215], [-76.563126, 3.388222], [-76.56313, 3.388228], [-76.563131, 3.38823], [-76.563133, 3.388234], [-76.563135, 3.388239], [-76.563138, 3.388244], [-76.563141, 3.38825], [-76.563144, 3.388256], [-76.563147, 3.388263], [-76.563151, 3.38827], [-76.563156, 3.388277], [-76.563157, 3.388284], [-76.563157, 3.388285], [-76.563159, 3.388293], [-76.563162, 3.388302], [-76.563164, 3.388309], [-76.563166, 3.388316], [-76.563169, 3.388324], [-76.563171, 3.388332], [-76.563174, 3.38834], [-76.563177, 3.388347], [-76.56318, 3.388354], [-76.563182, 3.388361], [-76.563186, 3.388367], [-76.563189, 3.388373], [-76.563192, 3.38838], [-76.563196, 3.388386], [-76.563199, 3.388393], [-76.563202, 3.3884], [-76.563205, 3.388406], [-76.563208, 3.388412], [-76.563211, 3.388417], [-76.563216, 3.388428], [-76.563221, 3.388437], [-76.563226, 3.388445], [-76.563231, 3.388452], [-76.563237, 3.388459], [-76.563243, 3.388465], [-76.563249, 3.38847], [-76.563256, 3.388475], [-76.563264, 3.38848], [-76.563272, 3.388484], [-76.563281, 3.388488], [-76.563291, 3.388492], [-76.563299, 3.388496], [-76.563308, 3.388499], [-76.563316, 3.388502], [-76.563321, 3.388504], [-76.563327, 3.388505], [-76.563336, 3.388508], [-76.563349, 3.388515], [-76.563355, 3.388521], [-76.56336, 3.388527], [-76.563365, 3.388534], [-76.563367, 3.388538], [-76.56337, 3.388545], [-76.563372, 3.388551], [-76.563374, 3.388557], [-76.563376, 3.388563], [-76.563377, 3.388568], [-76.563379, 3.388575], [-76.563381, 3.388581], [-76.563383, 3.388585], [-76.563387, 3.388595], [-76.563398, 3.388613], [-76.563407, 3.388623], [-76.563415, 3.388633], [-76.563424, 3.388641], [-76.563434, 3.38865], [-76.563442, 3.388659], [-76.56345, 3.388666], [-76.563458, 3.388673], [-76.563465, 3.388679], [-76.56347, 3.388683], [-76.563475, 3.388688], [-76.56348, 3.388693], [-76.563487, 3.388699], [-76.563493, 3.388705], [-76.563499, 3.388711], [-76.563505, 3.388717], [-76.563513, 3.388724], [-76.563519, 3.388731], [-76.563525, 3.388738], [-76.563529, 3.388745], [-76.563532, 3.388753], [-76.563535, 3.388762], [-76.563536, 3.388769], [-76.563536, 3.388771], [-76.563535, 3.388777], [-76.563529, 3.388787], [-76.563525, 3.38879], [-76.56352, 3.388795], [-76.563514, 3.388799], [-76.563507, 3.388802], [-76.563501, 3.388805], [-76.563495, 3.388808], [-76.563489, 3.38881], [-76.563483, 3.388814], [-76.563475, 3.388819], [-76.563467, 3.388825], [-76.56346, 3.388829], [-76.563454, 3.388834], [-76.563446, 3.388839], [-76.563437, 3.388846], [-76.563429, 3.388853], [-76.563422, 3.388859], [-76.563415, 3.388865], [-76.563409, 3.388871], [-76.563403, 3.388877], [-76.563396, 3.388883], [-76.563391, 3.388888], [-76.563385, 3.388893], [-76.56338, 3.388899], [-76.563375, 3.388904], [-76.563371, 3.388909], [-76.563367, 3.388913], [-76.563362, 3.388918], [-76.563356, 3.388923], [-76.563349, 3.388929], [-76.563342, 3.388935], [-76.563334, 3.388941], [-76.563327, 3.388947], [-76.563319, 3.388953], [-76.563311, 3.388959], [-76.563303, 3.388967], [-76.563295, 3.388974], [-76.563287, 3.388981], [-76.563281, 3.388988], [-76.563275, 3.388996], [-76.56327, 3.389003], [-76.563263, 3.389014], [-76.563258, 3.389022], [-76.563255, 3.389025], [-76.563248, 3.389034], [-76.563241, 3.38904], [-76.563235, 3.389044], [-76.563228, 3.389046], [-76.56322, 3.389047], [-76.563214, 3.389048], [-76.563208, 3.389047], [-76.563202, 3.389044], [-76.563191, 3.38904], [-76.563184, 3.389033], [-76.563177, 3.389028], [-76.563171, 3.38902], [-76.563165, 3.389015], [-76.563154, 3.389007], [-76.56315, 3.389004], [-76.56313, 3.388989], [-76.563125, 3.388986], [-76.563114, 3.388979], [-76.563109, 3.388976], [-76.5631, 3.38897], [-76.563068, 3.388957], [-76.563061, 3.388955], [-76.563055, 3.388953], [-76.563048, 3.388952], [-76.563041, 3.38895], [-76.563031, 3.388948], [-76.563019, 3.388947], [-76.563009, 3.388946], [-76.563005, 3.388946], [-76.562999, 3.388946], [-76.562992, 3.388946], [-76.562984, 3.388947], [-76.562974, 3.388947], [-76.562965, 3.388948], [-76.562955, 3.388949], [-76.562946, 3.38895], [-76.562938, 3.388951], [-76.56293, 3.388953], [-76.562923, 3.388954], [-76.562917, 3.388955], [-76.562911, 3.388957], [-76.562906, 3.388959], [-76.562899, 3.388961], [-76.562891, 3.388963], [-76.562883, 3.388967], [-76.562875, 3.38897], [-76.562866, 3.388974], [-76.562859, 3.388977], [-76.562851, 3.38898], [-76.562844, 3.388983], [-76.562838, 3.388986], [-76.562831, 3.38899], [-76.562824, 3.388994], [-76.562817, 3.388999], [-76.56281, 3.389004], [-76.562803, 3.389009], [-76.562795, 3.389013], [-76.562787, 3.389019], [-76.562778, 3.389024], [-76.56277, 3.38903], [-76.562765, 3.389033], [-76.562755, 3.389039], [-76.562747, 3.389045], [-76.562737, 3.389051], [-76.562728, 3.389056], [-76.562719, 3.389062], [-76.562711, 3.389068], [-76.562702, 3.389073], [-76.562694, 3.389079], [-76.562687, 3.389083], [-76.56268, 3.389087], [-76.562673, 3.389091], [-76.562667, 3.389096], [-76.562661, 3.3891], [-76.562655, 3.389105], [-76.562648, 3.389109], [-76.56264, 3.389115], [-76.562633, 3.38912], [-76.562624, 3.389126], [-76.562616, 3.389131], [-76.562608, 3.389136], [-76.562601, 3.389141], [-76.562594, 3.389145], [-76.562587, 3.389151], [-76.56258, 3.389158], [-76.562574, 3.389164], [-76.56257, 3.389168], [-76.562568, 3.38917], [-76.562563, 3.389177], [-76.562558, 3.389187], [-76.562556, 3.389197], [-76.562554, 3.389202], [-76.562552, 3.389207], [-76.562549, 3.389213], [-76.562546, 3.389221], [-76.562543, 3.389228], [-76.562541, 3.389234], [-76.562537, 3.389243], [-76.562535, 3.38925], [-76.56253, 3.389258], [-76.562527, 3.389264], [-76.562523, 3.389271], [-76.562519, 3.389278], [-76.562515, 3.389286], [-76.562511, 3.389291], [-76.562507, 3.389298], [-76.562503, 3.389303], [-76.562499, 3.389308], [-76.562494, 3.389313], [-76.562488, 3.389319], [-76.562483, 3.389325], [-76.562477, 3.389331], [-76.562469, 3.389338], [-76.56246, 3.389344], [-76.562452, 3.389346], [-76.562446, 3.389348], [-76.56244, 3.38935], [-76.562431, 3.389353], [-76.562422, 3.389356], [-76.562412, 3.389361], [-76.562405, 3.389365], [-76.562398, 3.389368], [-76.562393, 3.389372], [-76.562389, 3.389375], [-76.562385, 3.389378], [-76.562381, 3.389381], [-76.562348, 3.389406], [-76.562343, 3.389411], [-76.562339, 3.389413], [-76.56233, 3.389421], [-76.56232, 3.389429], [-76.562311, 3.389437], [-76.562304, 3.389444], [-76.562297, 3.38945], [-76.56229, 3.389456], [-76.562287, 3.38946], [-76.562284, 3.389465], [-76.562282, 3.389468], [-76.56228, 3.389471], [-76.562277, 3.389474], [-76.562274, 3.389477], [-76.562271, 3.38948], [-76.562265, 3.389486], [-76.56226, 3.38949], [-76.562253, 3.389496], [-76.562246, 3.389503], [-76.562237, 3.38951], [-76.562229, 3.389516], [-76.562221, 3.389524], [-76.562208, 3.389537], [-76.562202, 3.389543], [-76.562197, 3.389549], [-76.562192, 3.389553], [-76.562187, 3.389557], [-76.562182, 3.389562], [-76.562176, 3.389568], [-76.562169, 3.389575], [-76.562164, 3.389583], [-76.562158, 3.38959], [-76.562153, 3.389597], [-76.562149, 3.389605], [-76.562146, 3.389613], [-76.562145, 3.38962], [-76.562144, 3.389627], [-76.562144, 3.389628], [-76.562145, 3.389638], [-76.562145, 3.389646], [-76.562145, 3.389653], [-76.562145, 3.389653], [-76.562145, 3.389653], [-76.562145, 3.389657], [-76.562145, 3.389657], [-76.562145, 3.389661], [-76.562145, 3.389671], [-76.562146, 3.389679], [-76.56215, 3.389687], [-76.562153, 3.389692], [-76.56216, 3.3897], [-76.562165, 3.389704], [-76.562169, 3.389708], [-76.562174, 3.389713], [-76.562179, 3.389718], [-76.562184, 3.389722], [-76.562189, 3.389727], [-76.562195, 3.389732], [-76.5622, 3.389736], [-76.562206, 3.389742], [-76.562212, 3.389747], [-76.562218, 3.389753], [-76.562224, 3.389758], [-76.56223, 3.389764], [-76.562235, 3.389769], [-76.562241, 3.389773], [-76.562246, 3.389777], [-76.562251, 3.389781], [-76.562256, 3.389785], [-76.562262, 3.389791], [-76.562268, 3.389796], [-76.562274, 3.389802], [-76.56228, 3.389807], [-76.562288, 3.389816], [-76.562292, 3.389821], [-76.562297, 3.389825], [-76.562301, 3.38983], [-76.562306, 3.389834], [-76.562311, 3.389838], [-76.562315, 3.389843], [-76.562323, 3.389849], [-76.562331, 3.389853], [-76.562337, 3.389855], [-76.562343, 3.389857], [-76.562349, 3.389859], [-76.562355, 3.389862], [-76.562362, 3.389865], [-76.562367, 3.389868], [-76.562368, 3.389868], [-76.562377, 3.389872], [-76.562384, 3.389876], [-76.562392, 3.389879], [-76.562397, 3.389881], [-76.562403, 3.389884], [-76.562413, 3.389888], [-76.562423, 3.389893], [-76.562432, 3.389898], [-76.562438, 3.389902], [-76.562442, 3.389906], [-76.562448, 3.38991], [-76.562452, 3.389914], [-76.56246, 3.389922], [-76.562466, 3.389927], [-76.562469, 3.389931], [-76.562474, 3.389937], [-76.562481, 3.389942], [-76.562488, 3.389946], [-76.562492, 3.389951], [-76.562494, 3.389958], [-76.562497, 3.389966], [-76.562499, 3.389972], [-76.562502, 3.389979], [-76.562504, 3.389986], [-76.562507, 3.389994], [-76.56251, 3.39], [-76.562513, 3.390007], [-76.562515, 3.390013], [-76.562518, 3.390019], [-76.562522, 3.39003], [-76.562525, 3.390037], [-76.562527, 3.390044], [-76.56253, 3.39005], [-76.562535, 3.390059], [-76.562537, 3.390065], [-76.562539, 3.390072], [-76.562541, 3.39008], [-76.562543, 3.390089], [-76.562546, 3.390094], [-76.56255, 3.3901], [-76.562555, 3.390106], [-76.562561, 3.39011], [-76.562568, 3.390111], [-76.562576, 3.390111], [-76.562585, 3.39011], [-76.562593, 3.390108], [-76.562598, 3.390107], [-76.562605, 3.390108], [-76.562613, 3.390111], [-76.562618, 3.390115], [-76.562623, 3.390119], [-76.562627, 3.390124], [-76.56263, 3.390126], [-76.562635, 3.390129], [-76.562642, 3.390135], [-76.562649, 3.39014], [-76.562657, 3.390147], [-76.562664, 3.390153], [-76.562671, 3.390159], [-76.562677, 3.390169], [-76.562677, 3.39017], [-76.562677, 3.39017], [-76.562677, 3.390174], [-76.562677, 3.390179], [-76.562678, 3.390186], [-76.56268, 3.390194], [-76.562682, 3.390201], [-76.562685, 3.390208], [-76.562687, 3.390214], [-76.562691, 3.390224], [-76.562696, 3.39023], [-76.562704, 3.390237], [-76.562714, 3.390244], [-76.562726, 3.39025], [-76.562732, 3.390254], [-76.562735, 3.390257], [-76.562736, 3.39026], [-76.562737, 3.390261], [-76.562735, 3.390264], [-76.562731, 3.390267], [-76.562729, 3.390271], [-76.562728, 3.390275], [-76.562728, 3.390276], [-76.56273, 3.390284], [-76.562733, 3.39029], [-76.562739, 3.390298], [-76.562742, 3.390303], [-76.562743, 3.390313], [-76.562743, 3.390313], [-76.562743, 3.390321], [-76.562741, 3.390325], [-76.562738, 3.39033], [-76.562734, 3.390336], [-76.562731, 3.390342], [-76.562727, 3.390348], [-76.562723, 3.390353], [-76.562716, 3.390361], [-76.562707, 3.390364], [-76.562701, 3.390364], [-76.562694, 3.390364], [-76.562686, 3.390364], [-76.562677, 3.390363], [-76.56267, 3.390363], [-76.562668, 3.390363], [-76.562657, 3.390362], [-76.562648, 3.390361], [-76.562641, 3.390361], [-76.562633, 3.39036], [-76.562629, 3.39036], [-76.56262, 3.390361], [-76.562612, 3.390361], [-76.562603, 3.390362], [-76.562597, 3.390363], [-76.562595, 3.390364], [-76.562591, 3.390365], [-76.562584, 3.390366], [-76.562577, 3.390368], [-76.562569, 3.390368], [-76.562564, 3.390368], [-76.562556, 3.390368], [-76.56255, 3.390367], [-76.562543, 3.390365], [-76.562536, 3.390363], [-76.562528, 3.390361], [-76.56252, 3.390359], [-76.562513, 3.390357], [-76.5625, 3.390354], [-76.562491, 3.390354], [-76.562486, 3.390356], [-76.562478, 3.390358], [-76.562468, 3.390362], [-76.562462, 3.390364], [-76.562453, 3.390368], [-76.562448, 3.390371], [-76.562442, 3.390374], [-76.562436, 3.390378], [-76.562429, 3.390383], [-76.562422, 3.390389], [-76.562415, 3.390396], [-76.562407, 3.390403], [-76.562399, 3.390411], [-76.562393, 3.390417], [-76.562388, 3.390423], [-76.562383, 3.39043], [-76.562378, 3.390435], [-76.562373, 3.39044], [-76.562368, 3.390445], [-76.562362, 3.39045], [-76.562356, 3.390455], [-76.562349, 3.39046], [-76.56234, 3.390466], [-76.562333, 3.39047], [-76.562324, 3.390473], [-76.562317, 3.390476], [-76.562311, 3.390479], [-76.562303, 3.390484], [-76.562298, 3.390486], [-76.562293, 3.390489], [-76.562287, 3.390491], [-76.562282, 3.390494], [-76.562276, 3.390497], [-76.562265, 3.390502], [-76.562258, 3.390507], [-76.562249, 3.390512], [-76.562241, 3.390518], [-76.562234, 3.390522], [-76.562228, 3.390527], [-76.562223, 3.39053], [-76.562218, 3.390534], [-76.562213, 3.390538], [-76.562207, 3.390542], [-76.562202, 3.390547], [-76.562195, 3.390552], [-76.562188, 3.390558], [-76.562181, 3.390565], [-76.562177, 3.390569], [-76.56217, 3.390576], [-76.562164, 3.390584], [-76.562156, 3.390591], [-76.56215, 3.390599], [-76.562142, 3.390609], [-76.562134, 3.390618], [-76.562127, 3.390628], [-76.562119, 3.390638], [-76.562114, 3.390644], [-76.562111, 3.390649], [-76.562107, 3.390654], [-76.562102, 3.390663], [-76.562098, 3.390671], [-76.562095, 3.390679], [-76.562093, 3.390685], [-76.562092, 3.390695], [-76.56209, 3.390701], [-76.562088, 3.390707], [-76.562085, 3.390713], [-76.562081, 3.390719], [-76.562073, 3.390727], [-76.562069, 3.39073], [-76.562064, 3.390734], [-76.562059, 3.390739], [-76.562052, 3.390744], [-76.562045, 3.39075], [-76.562038, 3.390756], [-76.56203, 3.390762], [-76.562021, 3.390768], [-76.562012, 3.390774], [-76.562002, 3.390779], [-76.561993, 3.390783], [-76.561984, 3.390786], [-76.561975, 3.390789], [-76.561965, 3.390792], [-76.561956, 3.390794], [-76.561945, 3.390796], [-76.561934, 3.390798], [-76.561922, 3.390799], [-76.561911, 3.3908], [-76.561901, 3.390801], [-76.561891, 3.390802], [-76.561883, 3.390802], [-76.561872, 3.390802], [-76.561864, 3.390803], [-76.56186, 3.390803], [-76.561852, 3.390803], [-76.561844, 3.390804], [-76.561834, 3.390805], [-76.561827, 3.390807], [-76.561817, 3.390811], [-76.561812, 3.390813], [-76.561807, 3.390818], [-76.561802, 3.390819], [-76.561795, 3.390818], [-76.561788, 3.390818], [-76.561781, 3.390817], [-76.561776, 3.390815], [-76.561768, 3.390811], [-76.561764, 3.390806], [-76.561761, 3.390801], [-76.561756, 3.390795], [-76.561753, 3.390791], [-76.561749, 3.390787], [-76.561745, 3.390783], [-76.56174, 3.39078], [-76.561735, 3.390777], [-76.561727, 3.390775], [-76.56172, 3.390775], [-76.561716, 3.390775], [-76.561711, 3.390775], [-76.561704, 3.390775], [-76.561696, 3.390775], [-76.561687, 3.390776], [-76.561677, 3.390776], [-76.561666, 3.390776], [-76.561656, 3.390776], [-76.561653, 3.390777], [-76.561647, 3.390777], [-76.561623, 3.390777], [-76.561592, 3.390777], [-76.561588, 3.390777], [-76.561582, 3.390776], [-76.561576, 3.390776], [-76.56157, 3.390776], [-76.561563, 3.390777], [-76.561548, 3.390777], [-76.561535, 3.390779], [-76.561529, 3.390781], [-76.561522, 3.390784], [-76.561517, 3.390787], [-76.561512, 3.390792], [-76.561508, 3.390795], [-76.561504, 3.390798], [-76.561499, 3.390802], [-76.561497, 3.390806], [-76.561494, 3.39081], [-76.561493, 3.390815], [-76.561493, 3.390815], [-76.561493, 3.39082], [-76.561495, 3.390825], [-76.561497, 3.390831], [-76.561501, 3.390835], [-76.561501, 3.390837], [-76.561501, 3.39084], [-76.561498, 3.390844], [-76.561493, 3.390846], [-76.561489, 3.39085], [-76.561484, 3.390856], [-76.561482, 3.39086], [-76.56148, 3.390865], [-76.561479, 3.39087], [-76.561477, 3.390876], [-76.561477, 3.390882], [-76.561476, 3.390887], [-76.561476, 3.390891], [-76.561475, 3.390899], [-76.561474, 3.390904], [-76.561473, 3.390911], [-76.561471, 3.390918], [-76.561469, 3.390927], [-76.561467, 3.390935], [-76.561466, 3.390938], [-76.561465, 3.390946], [-76.561463, 3.390954], [-76.56146, 3.390964], [-76.561458, 3.390974], [-76.561457, 3.390977], [-76.561454, 3.390983], [-76.561451, 3.390991], [-76.561447, 3.390999], [-76.561442, 3.391005], [-76.561439, 3.391011], [-76.561438, 3.391013], [-76.561435, 3.391017], [-76.561432, 3.391023], [-76.56143, 3.39103], [-76.561429, 3.391036], [-76.561429, 3.39104], [-76.561429, 3.39104], [-76.561429, 3.391044], [-76.56143, 3.391054], [-76.561434, 3.391063], [-76.561439, 3.391069], [-76.561442, 3.391076], [-76.561443, 3.391076], [-76.561442, 3.391083], [-76.561438, 3.39109], [-76.561435, 3.391095], [-76.561432, 3.391101], [-76.561428, 3.391109], [-76.561425, 3.391118], [-76.561421, 3.391128], [-76.561418, 3.391138], [-76.561416, 3.391147], [-76.561415, 3.391154], [-76.561415, 3.391154], [-76.561415, 3.391156], [-76.561416, 3.391159], [-76.561416, 3.391164], [-76.561416, 3.391164], [-76.561416, 3.391167], [-76.561416, 3.391167], [-76.561416, 3.39117], [-76.561416, 3.391177], [-76.561416, 3.391178], [-76.561416, 3.39119], [-76.561416, 3.39119], [-76.561416, 3.391191], [-76.561416, 3.391202], [-76.561416, 3.391202], [-76.561416, 3.391205], [-76.561415, 3.39122], [-76.561414, 3.391232], [-76.561413, 3.391246], [-76.561412, 3.39126], [-76.561411, 3.391274], [-76.56141, 3.391284], [-76.561409, 3.391296], [-76.561409, 3.391307], [-76.561409, 3.391315], [-76.561409, 3.391315], [-76.561409, 3.391323], [-76.561409, 3.391324], [-76.561409, 3.391324], [-76.561409, 3.391328], [-76.561409, 3.391328], [-76.561409, 3.391332], [-76.561409, 3.391342], [-76.561411, 3.391347], [-76.561411, 3.39135], [-76.561412, 3.391355], [-76.561412, 3.391361], [-76.561413, 3.391368], [-76.561413, 3.391377], [-76.561413, 3.391377], [-76.561413, 3.391383], [-76.561413, 3.391383], [-76.561413, 3.391386], [-76.561413, 3.391394], [-76.561413, 3.391394], [-76.561413, 3.391396], [-76.561413, 3.391398], [-76.561413, 3.391398], [-76.561413, 3.391401], [-76.561413, 3.391411], [-76.561416, 3.391415], [-76.561419, 3.391422], [-76.561422, 3.391429], [-76.561426, 3.391436], [-76.561428, 3.391443], [-76.561429, 3.391449], [-76.56143, 3.391455], [-76.56143, 3.391461], [-76.56143, 3.391467], [-76.56143, 3.391467], [-76.56143, 3.39147], [-76.56143, 3.391479], [-76.561429, 3.391488], [-76.561428, 3.391497], [-76.561428, 3.391498], [-76.561426, 3.391503], [-76.561423, 3.391508], [-76.561417, 3.391515], [-76.561412, 3.391521], [-76.561411, 3.391528], [-76.561411, 3.391529], [-76.561411, 3.39153], [-76.561411, 3.391533], [-76.561411, 3.391536], [-76.561411, 3.391536], [-76.561411, 3.391539], [-76.561411, 3.391546], [-76.561411, 3.391554], [-76.561411, 3.391561], [-76.561412, 3.391569], [-76.561412, 3.391574], [-76.561413, 3.39158], [-76.561413, 3.391582], [-76.561413, 3.391591], [-76.56141, 3.391597], [-76.56141, 3.391599], [-76.561406, 3.391605], [-76.561402, 3.391611], [-76.561398, 3.391617], [-76.561395, 3.391626], [-76.561392, 3.391634], [-76.561389, 3.391642], [-76.561384, 3.39165], [-76.561384, 3.391651], [-76.561381, 3.391656], [-76.56138, 3.391661], [-76.561378, 3.391666], [-76.561376, 3.39167], [-76.561374, 3.391676], [-76.561372, 3.391681], [-76.561368, 3.391687], [-76.561365, 3.391694], [-76.561358, 3.391703], [-76.561352, 3.391709], [-76.56135, 3.391715], [-76.561347, 3.391721], [-76.561345, 3.391724], [-76.561343, 3.391729], [-76.56134, 3.391734], [-76.561338, 3.391739], [-76.561335, 3.391746], [-76.561332, 3.391755], [-76.561332, 3.391756], [-76.561332, 3.391757], [-76.561332, 3.391758], [-76.561332, 3.391761], [-76.561333, 3.391766], [-76.561334, 3.39177], [-76.561334, 3.391772], [-76.561333, 3.39178], [-76.561331, 3.391786], [-76.561327, 3.391792], [-76.561324, 3.391797], [-76.56132, 3.391803], [-76.561317, 3.391807], [-76.561312, 3.391814], [-76.561309, 3.391818], [-76.561307, 3.391823], [-76.561305, 3.391828], [-76.561303, 3.391833], [-76.561302, 3.391838], [-76.561301, 3.39184], [-76.561299, 3.391848], [-76.561298, 3.391852], [-76.561294, 3.391858], [-76.561294, 3.39186], [-76.561294, 3.391861], [-76.561294, 3.39187], [-76.561296, 3.391875], [-76.5613, 3.391884], [-76.561304, 3.39189], [-76.561307, 3.391896], [-76.561312, 3.391901], [-76.561317, 3.391906], [-76.56132, 3.39191], [-76.561323, 3.391915], [-76.561325, 3.391925], [-76.561325, 3.391931], [-76.561326, 3.391937], [-76.561327, 3.391944], [-76.56133, 3.39195], [-76.561334, 3.391955], [-76.561339, 3.391959], [-76.561343, 3.391961], [-76.561347, 3.391963], [-76.561355, 3.391969], [-76.561359, 3.391974], [-76.561363, 3.391981], [-76.561364, 3.391982], [-76.561366, 3.391988], [-76.561366, 3.391994], [-76.561366, 3.391996], [-76.561366, 3.392004], [-76.561365, 3.392011], [-76.561363, 3.392017], [-76.561363, 3.392019], [-76.561361, 3.392026], [-76.561358, 3.392034], [-76.561357, 3.392038], [-76.561356, 3.392043], [-76.561356, 3.392049], [-76.561356, 3.392049], [-76.561356, 3.392056], [-76.561356, 3.392059], [-76.561356, 3.392062], [-76.561357, 3.392069], [-76.561359, 3.392075], [-76.561361, 3.392079], [-76.561366, 3.392087], [-76.561367, 3.39209], [-76.561367, 3.392091], [-76.561366, 3.392101], [-76.561361, 3.392113], [-76.561358, 3.392124], [-76.561358, 3.392134], [-76.561358, 3.392134], [-76.561358, 3.392136], [-76.561359, 3.392146], [-76.561361, 3.392152], [-76.561363, 3.392158], [-76.561366, 3.392163], [-76.561369, 3.392169], [-76.56137, 3.392174], [-76.56137, 3.392177], [-76.56137, 3.392177], [-76.56137, 3.39218], [-76.56137, 3.392186], [-76.561368, 3.392192], [-76.561367, 3.392197], [-76.561366, 3.392203], [-76.561365, 3.392207], [-76.561365, 3.392209], [-76.561366, 3.392216], [-76.561368, 3.392222], [-76.56137, 3.392227], [-76.561373, 3.392233], [-76.561376, 3.392238], [-76.561378, 3.392244], [-76.56138, 3.392249], [-76.561382, 3.392257], [-76.561384, 3.392265], [-76.561386, 3.392274], [-76.561388, 3.392283], [-76.561389, 3.392291], [-76.56139, 3.392299], [-76.561391, 3.392306], [-76.561392, 3.392313], [-76.561393, 3.39232], [-76.561394, 3.392326], [-76.561395, 3.392333], [-76.561396, 3.392339], [-76.561397, 3.392347], [-76.561397, 3.392354], [-76.561397, 3.392361], [-76.561398, 3.39237], [-76.561399, 3.392377], [-76.561399, 3.392381], [-76.561399, 3.392381], [-76.561399, 3.392383], [-76.561399, 3.392383], [-76.561399, 3.392386], [-76.561399, 3.392392], [-76.561398, 3.392399], [-76.561397, 3.392408], [-76.561396, 3.392416], [-76.561395, 3.392424], [-76.561394, 3.39243], [-76.56139, 3.392439], [-76.561389, 3.392444], [-76.561388, 3.392444], [-76.561389, 3.39245], [-76.56139, 3.392452], [-76.561391, 3.392457], [-76.561393, 3.392462], [-76.561398, 3.392469], [-76.561401, 3.392474], [-76.561404, 3.392477], [-76.561406, 3.392481], [-76.56141, 3.392485], [-76.561414, 3.39249], [-76.561418, 3.392495], [-76.561442, 3.392517], [-76.561448, 3.392519], [-76.561455, 3.392522], [-76.561461, 3.392525], [-76.561467, 3.392531], [-76.561472, 3.392535], [-76.561477, 3.392541], [-76.561481, 3.392547], [-76.561485, 3.392552], [-76.561489, 3.392559], [-76.561495, 3.392565], [-76.561501, 3.392573], [-76.561506, 3.392578], [-76.561511, 3.392585], [-76.561518, 3.392592], [-76.561523, 3.392599], [-76.561528, 3.392605], [-76.561532, 3.39261], [-76.56154, 3.39262], [-76.561544, 3.392623], [-76.561547, 3.392625], [-76.561565, 3.39264], [-76.561565, 3.394302], [-76.561565, 3.394679], [-76.561565, 3.394682], [-76.561565, 3.394851], [-76.561565, 3.394898], [-76.561565, 3.3949], [-76.561565, 3.394918], [-76.561391, 3.394966], [-76.56133, 3.394983], [-76.561246, 3.395007], [-76.561217, 3.395015], [-76.561217, 3.395015], [-76.561212, 3.395016], [-76.561169, 3.395065], [-76.561153, 3.395082], [-76.561124, 3.395114], [-76.560994, 3.395258], [-76.560778, 3.395391], [-76.560712, 3.395384], [-76.560671, 3.39541], [-76.56065, 3.395414], [-76.560606, 3.395412], [-76.560568, 3.395389], [-76.560468, 3.395306], [-76.560448, 3.395272], [-76.560409, 3.395232], [-76.560367, 3.395206], [-76.560317, 3.395184], [-76.560263, 3.395178], [-76.560222, 3.395177], [-76.560176, 3.395189], [-76.560153, 3.395206], [-76.560134, 3.395238], [-76.560109, 3.395308], [-76.560055, 3.395396], [-76.559996, 3.395465], [-76.559953, 3.3955], [-76.559902, 3.395525], [-76.55981, 3.395558], [-76.559759, 3.395558], [-76.559722, 3.395546], [-76.559696, 3.395526], [-76.559646, 3.395498], [-76.559591, 3.395484], [-76.559517, 3.395458], [-76.559472, 3.395437], [-76.559429, 3.395438], [-76.559409, 3.395454], [-76.559379, 3.395495], [-76.559359, 3.395498], [-76.559291, 3.395483], [-76.559059, 3.395453], [-76.558979, 3.395447], [-76.558921, 3.39544], [-76.558882, 3.395428], [-76.558841, 3.395409], [-76.558746, 3.395363], [-76.558664, 3.395305], [-76.558589, 3.395234], [-76.558516, 3.395149], [-76.558454, 3.395058], [-76.558405, 3.394999], [-76.558382, 3.394977], [-76.558364, 3.39496], [-76.558342, 3.394939], [-76.558329, 3.394926], [-76.558319, 3.394919], [-76.558309, 3.394911], [-76.5583, 3.394904], [-76.55829, 3.394897], [-76.55828, 3.39489], [-76.55827, 3.394883], [-76.558259, 3.394877], [-76.558248, 3.39487], [-76.558237, 3.394863], [-76.558224, 3.394857], [-76.558212, 3.39485], [-76.5582, 3.394844], [-76.558195, 3.394842], [-76.558188, 3.394838], [-76.558177, 3.394833], [-76.558165, 3.394826], [-76.558153, 3.39482], [-76.558141, 3.394812], [-76.558137, 3.39481], [-76.55813, 3.394805], [-76.55812, 3.394799], [-76.55811, 3.394792], [-76.558099, 3.394785], [-76.55809, 3.394779], [-76.558081, 3.394775], [-76.558073, 3.394771], [-76.558067, 3.394769], [-76.55806, 3.394767], [-76.558053, 3.394765], [-76.558047, 3.394763], [-76.558041, 3.394762], [-76.55804, 3.394761], [-76.558031, 3.394758], [-76.558031, 3.394755], [-76.55798, 3.394721], [-76.557905, 3.394687], [-76.55788, 3.394696], [-76.557859, 3.394704], [-76.557856, 3.394705], [-76.557802, 3.394725], [-76.557783, 3.394735], [-76.557754, 3.394749], [-76.557718, 3.394757], [-76.557698, 3.394762], [-76.557616, 3.394785], [-76.557559, 3.394794], [-76.557046, 3.394857], [-76.557011, 3.39486], [-76.556993, 3.394861], [-76.556911, 3.394866], [-76.556021, 3.395002], [-76.555931, 3.39502], [-76.555886, 3.39502], [-76.55549, 3.395065], [-76.555391, 3.395083], [-76.555112, 3.395119], [-76.554932, 3.395137], [-76.554446, 3.395192], [-76.554104, 3.395246], [-76.554077, 3.395255], [-76.553933, 3.395282], [-76.553087, 3.395382], [-76.553069, 3.395391], [-76.553008, 3.395396], [-76.55297, 3.3954], [-76.552925, 3.395409], [-76.552223, 3.39549], [-76.552034, 3.395517], [-76.551872, 3.395544], [-76.551494, 3.395589], [-76.551431, 3.395599], [-76.551296, 3.395626], [-76.551035, 3.395653], [-76.550837, 3.39568], [-76.55072, 3.395698], [-76.550279, 3.395752], [-76.55018, 3.395761], [-76.549721, 3.395816], [-76.549652, 3.395825], [-76.549576, 3.395203], [-76.549509, 3.395218], [-76.549263, 3.395252], [-76.549001, 3.39529], [-76.548767, 3.395321], [-76.548633, 3.39534], [-76.548633, 3.395341], [-76.54865, 3.395481], [-76.548667, 3.395634], [-76.548683, 3.395783], [-76.548698, 3.395911], [-76.548705, 3.39595], [-76.548701, 3.395951], [-76.548641, 3.39596], [-76.548227, 3.396014], [-76.548119, 3.396032], [-76.547787, 3.396069], [-76.547643, 3.396087], [-76.547508, 3.396105], [-76.547274, 3.396132], [-76.547166, 3.39615], [-76.546257, 3.396277], [-76.546253, 3.396257], [-76.546167, 3.39577], [-76.546113, 3.39539], [-76.54605, 3.395029], [-76.545996, 3.394649], [-76.545954, 3.394434], [-76.545924, 3.394278], [-76.545843, 3.393744], [-76.545771, 3.393319], [-76.54569, 3.392795], [-76.545609, 3.3923], [-76.545571, 3.39207], [-76.545381, 3.390909], [-76.545316, 3.390511], [-76.545177, 3.389666], [-76.545087, 3.389033], [-76.544969, 3.388233], [-76.544889, 3.387694], [-76.544665, 3.386121], [-76.54464, 3.385949], [-76.544637, 3.385931], [-76.544547, 3.38537], [-76.544403, 3.384303], [-76.54435, 3.383941], [-76.544314, 3.383769], [-76.544197, 3.383236], [-76.544134, 3.382947], [-76.544062, 3.38263], [-76.543972, 3.38225], [-76.543927, 3.382024], [-76.543801, 3.381509], [-76.543624, 3.380711], [-76.543621, 3.380695], [-76.543477, 3.380125], [-76.543414, 3.379863], [-76.543369, 3.379664], [-76.543349, 3.379586], [-76.543225, 3.379103], [-76.54309, 3.37856], [-76.543045, 3.378398], [-76.542928, 3.377909], [-76.542694, 3.376969], [-76.542631, 3.376655], [-76.542475, 3.375874], [-76.542433, 3.375666], [-76.542387, 3.375476], [-76.542388, 3.375476], [-76.542394, 3.375472], [-76.54243, 3.375426], [-76.542481, 3.375378], [-76.542571, 3.375313], [-76.542631, 3.375261], [-76.542658, 3.375178], [-76.542694, 3.375097], [-76.54273, 3.375015], [-76.542775, 3.374925], [-76.542829, 3.374825], [-76.542874, 3.374762], [-76.542928, 3.374699], [-76.542982, 3.374681], [-76.543027, 3.374699], [-76.54309, 3.374744], [-76.543198, 3.374771], [-76.543315, 3.374807], [-76.543414, 3.374844], [-76.543531, 3.374862], [-76.543666, 3.37488], [-76.543792, 3.374907], [-76.543918, 3.374907], [-76.543954, 3.374871], [-76.54399, 3.374835], [-76.544044, 3.374789], [-76.544116, 3.374735], [-76.544206, 3.374645], [-76.544209, 3.374641], [-76.544269, 3.374572], [-76.544314, 3.374482], [-76.544341, 3.374437], [-76.54435, 3.374401], [-76.544395, 3.374364], [-76.544422, 3.374337], [-76.544467, 3.37431], [-76.544476, 3.374274], [-76.544476, 3.374238], [-76.544467, 3.374193], [-76.544467, 3.374156], [-76.544449, 3.374102], [-76.54444, 3.374066], [-76.544422, 3.37403], [-76.544377, 3.373994], [-76.54435, 3.373957], [-76.544341, 3.373903], [-76.544332, 3.373858], [-76.54435, 3.373813], [-76.544386, 3.373786], [-76.544449, 3.37374], [-76.544494, 3.373713], [-76.544548, 3.373686], [-76.544593, 3.373686], [-76.544629, 3.373695], [-76.544683, 3.373722], [-76.544746, 3.373749], [-76.544827, 3.373767], [-76.544881, 3.373777], [-76.544935, 3.373777], [-76.54498, 3.373768], [-76.545025, 3.373749], [-76.545079, 3.373704], [-76.545124, 3.373659], [-76.545142, 3.373578], [-76.545151, 3.373487], [-76.545133, 3.373424], [-76.545106, 3.37337], [-76.545097, 3.373315], [-76.545097, 3.373243], [-76.545115, 3.373198], [-76.545169, 3.373053], [-76.545187, 3.372981], [-76.545196, 3.372899], [-76.545205, 3.372836], [-76.545205, 3.372746], [-76.545205, 3.372691], [-76.545187, 3.372601], [-76.54516, 3.372529], [-76.545124, 3.372456], [-76.545106, 3.372393], [-76.545079, 3.372321], [-76.545034, 3.372212], [-76.544998, 3.372122], [-76.544962, 3.372058], [-76.544908, 3.371986], [-76.544845, 3.371932], [-76.544782, 3.371905], [-76.544719, 3.371877], [-76.544683, 3.371859], [-76.544629, 3.371832], [-76.544566, 3.371805], [-76.544494, 3.371778], [-76.544458, 3.371733], [-76.544422, 3.371715], [-76.54435, 3.371697], [-76.544287, 3.371669], [-76.544206, 3.371615], [-76.544125, 3.371579], [-76.54408, 3.371525], [-76.54408, 3.371479], [-76.544107, 3.371434], [-76.544152, 3.371398], [-76.544215, 3.371362], [-76.544305, 3.371335], [-76.544377, 3.371299], [-76.544431, 3.371281], [-76.544494, 3.371253], [-76.544611, 3.371199], [-76.544764, 3.371145], [-76.544908, 3.371082], [-76.545016, 3.371054], [-76.54507, 3.371036], [-76.545115, 3.371036], [-76.545169, 3.371027], [-76.545259, 3.371018], [-76.545358, 3.371], [-76.545475, 3.370955], [-76.545574, 3.370883], [-76.545646, 3.370837], [-76.545754, 3.370783], [-76.545907, 3.37072], [-76.546033, 3.370675], [-76.546168, 3.37062], [-76.546312, 3.370566], [-76.54642, 3.370548], [-76.546519, 3.370539], [-76.546591, 3.370539], [-76.546636, 3.370566], [-76.546717, 3.370593], [-76.546789, 3.370611], [-76.546852, 3.370639], [-76.546933, 3.370666], [-76.546996, 3.370702], [-76.547059, 3.370738], [-76.547113, 3.370774], [-76.547167, 3.370801], [-76.54723, 3.370838], [-76.547293, 3.370901], [-76.547329, 3.370946], [-76.547365, 3.371009], [-76.547383, 3.371064], [-76.547419, 3.371127], [-76.547455, 3.371172], [-76.547482, 3.371208], [-76.547518, 3.371217], [-76.547563, 3.371217], [-76.547617, 3.371217], [-76.54768, 3.37119], [-76.547734, 3.371163], [-76.547806, 3.371136], [-76.547851, 3.371109], [-76.547905, 3.3711], [-76.547941, 3.371109], [-76.547977, 3.371118], [-76.548022, 3.371136], [-76.548049, 3.371136], [-76.548067, 3.371109], [-76.548076, 3.371064], [-76.548076, 3.371037], [-76.548076, 3.371], [-76.548049, 3.370955], [-76.548004, 3.370892], [-76.547941, 3.370829], [-76.54786, 3.370756], [-76.547806, 3.37072], [-76.547752, 3.370684], [-76.547716, 3.37063], [-76.547671, 3.370584], [-76.547608, 3.370539], [-76.547527, 3.370449], [-76.547491, 3.370376], [-76.547482, 3.37034], [-76.547482, 3.370295], [-76.5475, 3.370241], [-76.547518, 3.370205], [-76.547554, 3.370168], [-76.547581, 3.37015], [-76.547617, 3.370141], [-76.547671, 3.370132], [-76.547725, 3.370132], [-76.547788, 3.37015], [-76.547842, 3.370177], [-76.547878, 3.370205], [-76.547941, 3.370241], [-76.548004, 3.370286], [-76.548067, 3.370322], [-76.548103, 3.370349], [-76.54813, 3.370376], [-76.548175, 3.370385], [-76.548202, 3.370394], [-76.548229, 3.370422], [-76.548274, 3.370449], [-76.548301, 3.370476], [-76.548355, 3.370521], [-76.548418, 3.370575], [-76.548472, 3.370648], [-76.548525, 3.370702], [-76.548588, 3.370756], [-76.548642, 3.37081], [-76.548678, 3.370838], [-76.548732, 3.370856], [-76.548804, 3.370856], [-76.548885, 3.370838], [-76.548948, 3.37082], [-76.548993, 3.370765], [-76.54902, 3.370702], [-76.54902, 3.370648], [-76.549029, 3.370593], [-76.549038, 3.370557]]]]}, "geometry_name": "the_geom", "properties": {"gid": 18, "id_comuna": 18, "nombre": "Comuna 18", "no_arboles": 11921, "area_m2": 464685.374, "cobarb_ha": 46.469, "arb_habita": 0.091, "arb_eep": 0, "m2_eep": 0, "ha_eep": 0, "arb_eep_ro": 484, "m2_eep_ron": 28781.481, "ha_eep_ron": 2.878, "arb_eec_ep": 305, "m2_eec_ep": 12293.949, "ha_eec_ep": 1.229, "arb_eec_eq": 3117, "m2_eec_eq": 136345.386, "ha_eec_eq": 13.635, "arb_muerto": 0, "arb_regula": 9209, "arbol_sano": 2646, "arbol_seco": 66}}, {"type": "Feature", "id": "emc_amb_sos_car_censo_arboreo_comuna.fid--215d4958_1a10e591eea_-c6", "geometry": {"type": "MultiPolygon", "coordinates": [[[[-76.555481, 3.448092], [-76.555383, 3.447986], [-76.555281, 3.447924], [-76.555152, 3.44791], [-76.554901, 3.447897], [-76.554609, 3.44789], [-76.554446, 3.447835], [-76.554378, 3.447754], [-76.554358, 3.447658], [-76.554405, 3.447556], [-76.554453, 3.447433], [-76.554541, 3.447283], [-76.554589, 3.447174], [-76.554595, 3.447051], [-76.554534, 3.44688], [-76.554419, 3.446682], [-76.554358, 3.446676], [-76.554134, 3.446757], [-76.553862, 3.446751], [-76.553645, 3.446669], [-76.553434, 3.446491], [-76.553305, 3.446409], [-76.553136, 3.446443], [-76.55302, 3.446553], [-76.552952, 3.446737], [-76.552891, 3.446928], [-76.55281, 3.446996], [-76.552375, 3.447194], [-76.552287, 3.447194], [-76.552199, 3.44716], [-76.55209, 3.44703], [-76.55192, 3.446894], [-76.551805, 3.446887], [-76.551628, 3.446928], [-76.551526, 3.446928], [-76.551458, 3.446914], [-76.55101, 3.447235], [-76.550515, 3.447603], [-76.550223, 3.44733], [-76.550107, 3.447412], [-76.549936, 3.447519], [-76.549932, 3.447512], [-76.54984, 3.44754], [-76.549747, 3.447547], [-76.549676, 3.447566], [-76.5496, 3.447593], [-76.54952, 3.447604], [-76.549434, 3.447547], [-76.549335, 3.447447], [-76.549254, 3.447366], [-76.549039, 3.447233], [-76.548804, 3.447113], [-76.548706, 3.447088], [-76.548672, 3.447107], [-76.548591, 3.447138], [-76.548501, 3.447158], [-76.548358, 3.447161], [-76.548191, 3.447131], [-76.54797, 3.447097], [-76.547629, 3.447047], [-76.547449, 3.447007], [-76.547262, 3.446955], [-76.547262, 3.446955], [-76.546984, 3.446972], [-76.546706, 3.446972], [-76.546497, 3.446894], [-76.546297, 3.446762], [-76.54611, 3.446603], [-76.546119, 3.446576], [-76.546137, 3.446531], [-76.546182, 3.44644], [-76.546182, 3.446341], [-76.546173, 3.44625], [-76.546164, 3.446106], [-76.546165, 3.446042], [-76.546173, 3.445979], [-76.546183, 3.445925], [-76.5462, 3.445871], [-76.546228, 3.445825], [-76.546255, 3.44578], [-76.546282, 3.445744], [-76.546318, 3.445717], [-76.546363, 3.445681], [-76.546408, 3.445653], [-76.546452, 3.445626], [-76.546479, 3.445617], [-76.546533, 3.445608], [-76.546569, 3.445599], [-76.547757, 3.445464], [-76.547797, 3.445459], [-76.547901, 3.445446], [-76.547964, 3.445437], [-76.548072, 3.445427], [-76.548162, 3.445418], [-76.54822, 3.445408], [-76.548261, 3.4454], [-76.548265, 3.4454], [-76.548306, 3.4454], [-76.548369, 3.445382], [-76.548403, 3.445368], [-76.548432, 3.445355], [-76.548487, 3.445334], [-76.548504, 3.445328], [-76.548534, 3.445311], [-76.548567, 3.445292], [-76.54863, 3.445247], [-76.54863, 3.445247], [-76.548747, 3.445138], [-76.548792, 3.445093], [-76.548809, 3.445064], [-76.548828, 3.44503], [-76.548873, 3.444957], [-76.5489, 3.444912], [-76.54892, 3.44486], [-76.548927, 3.44484], [-76.548945, 3.444758], [-76.548954, 3.444686], [-76.548963, 3.444614], [-76.548963, 3.444541], [-76.548954, 3.444487], [-76.548954, 3.444424], [-76.548936, 3.44436], [-76.548935, 3.444356], [-76.548918, 3.444306], [-76.548891, 3.444252], [-76.548882, 3.444234], [-76.548675, 3.443899], [-76.548621, 3.4438], [-76.548594, 3.443745], [-76.548585, 3.4437], [-76.548582, 3.443687], [-76.548573, 3.443665], [-76.548497, 3.443488], [-76.548418, 3.443203], [-76.548377, 3.443053], [-76.548297, 3.442977], [-76.548252, 3.442941], [-76.548099, 3.442895], [-76.547434, 3.442742], [-76.546966, 3.442615], [-76.546921, 3.442606], [-76.546867, 3.442579], [-76.546822, 3.442561], [-76.546705, 3.442488], [-76.546543, 3.442398], [-76.546435, 3.442326], [-76.546381, 3.442289], [-76.545886, 3.441973], [-76.545787, 3.441909], [-76.54576, 3.441891], [-76.545706, 3.441855], [-76.545679, 3.441819], [-76.545652, 3.441792], [-76.545625, 3.441765], [-76.545598, 3.441729], [-76.545562, 3.441656], [-76.545535, 3.441593], [-76.545533, 3.441591], [-76.545463, 3.44153], [-76.545445, 3.441512], [-76.545409, 3.441493], [-76.545139, 3.441412], [-76.54459, 3.441249], [-76.544563, 3.44124], [-76.544536, 3.441231], [-76.544509, 3.441222], [-76.544455, 3.441195], [-76.544032, 3.440996], [-76.543987, 3.440978], [-76.54396, 3.44096], [-76.543933, 3.440942], [-76.543915, 3.440933], [-76.543861, 3.440888], [-76.543771, 3.440842], [-76.543735, 3.440933], [-76.543726, 3.440951], [-76.54369, 3.441005], [-76.543582, 3.441168], [-76.543519, 3.441258], [-76.543492, 3.441285], [-76.543465, 3.441313], [-76.54342, 3.441349], [-76.543393, 3.441358], [-76.54333, 3.441385], [-76.543285, 3.441394], [-76.542916, 3.441475], [-76.542817, 3.441493], [-76.542475, 3.441548], [-76.54234, 3.441575], [-76.542294, 3.441582], [-76.5409, 3.441792], [-76.540855, 3.441774], [-76.540855, 3.441756], [-76.540855, 3.441755], [-76.540873, 3.441683], [-76.5409, 3.441531], [-76.5409, 3.441529], [-76.5409, 3.441439], [-76.5409, 3.44133], [-76.5409, 3.441267], [-76.5409, 3.441204], [-76.540891, 3.441168], [-76.540891, 3.441113], [-76.540882, 3.441059], [-76.540864, 3.44096], [-76.540837, 3.440842], [-76.540801, 3.440815], [-76.540765, 3.440788], [-76.540657, 3.440733], [-76.540567, 3.440688], [-76.540432, 3.440607], [-76.540306, 3.440553], [-76.540216, 3.440507], [-76.540171, 3.440471], [-76.539991, 3.440381], [-76.539793, 3.440281], [-76.539667, 3.440227], [-76.539145, 3.439802], [-76.539114, 3.439774], [-76.539073, 3.439739], [-76.537948, 3.43888], [-76.537778, 3.438749], [-76.538604, 3.437781], [-76.537814, 3.437044], [-76.537688, 3.436935], [-76.537274, 3.436555], [-76.537121, 3.436402], [-76.53704, 3.436329], [-76.536527, 3.43585], [-76.536302, 3.435651], [-76.535987, 3.435344], [-76.535807, 3.435181], [-76.53551, 3.4349], [-76.535393, 3.434801], [-76.535276, 3.434683], [-76.5349, 3.434376], [-76.534844, 3.434331], [-76.534652, 3.434138], [-76.534493, 3.433978], [-76.534376, 3.43386], [-76.534334, 3.43381], [-76.534331, 3.433807], [-76.534277, 3.433743], [-76.5338, 3.433589], [-76.533647, 3.433535], [-76.533247, 3.433407], [-76.53308, 3.433354], [-76.532866, 3.433287], [-76.532513, 3.433182], [-76.532369, 3.433137], [-76.531991, 3.433019], [-76.531676, 3.432911], [-76.531226, 3.432775], [-76.531037, 3.432721], [-76.529861, 3.432342], [-76.529859, 3.432341], [-76.529841, 3.432296], [-76.529814, 3.432142], [-76.529796, 3.432078], [-76.529643, 3.432078], [-76.529553, 3.432078], [-76.529409, 3.432078], [-76.529247, 3.432087], [-76.529094, 3.432087], [-76.528932, 3.432087], [-76.528842, 3.432087], [-76.528829, 3.432088], [-76.528716, 3.432096], [-76.528086, 3.432105], [-76.527438, 3.431987], [-76.527515, 3.431933], [-76.527788, 3.431742], [-76.529123, 3.430809], [-76.529235, 3.43073], [-76.529262, 3.430712], [-76.529315, 3.430674], [-76.529454, 3.430577], [-76.529363, 3.430441], [-76.52931, 3.43036], [-76.52895, 3.429854], [-76.529049, 3.429781], [-76.529157, 3.429709], [-76.529382, 3.429555], [-76.529481, 3.429483], [-76.529607, 3.429393], [-76.530003, 3.429121], [-76.530237, 3.428968], [-76.530291, 3.428922], [-76.530237, 3.42885], [-76.53021, 3.428832], [-76.530192, 3.428814], [-76.530165, 3.428805], [-76.530075, 3.428769], [-76.529967, 3.428732], [-76.529805, 3.428678], [-76.529769, 3.42866], [-76.529814, 3.428497], [-76.529967, 3.428045], [-76.530183, 3.427394], [-76.530201, 3.427331], [-76.530255, 3.427358], [-76.530588, 3.427457], [-76.530642, 3.427475], [-76.530669, 3.427421], [-76.530741, 3.427195], [-76.530822, 3.426942], [-76.530858, 3.426833], [-76.530957, 3.426544], [-76.531029, 3.426309], [-76.531101, 3.426074], [-76.531164, 3.425902], [-76.531218, 3.42573], [-76.531254, 3.425631], [-76.531389, 3.425233], [-76.531425, 3.425097], [-76.531487, 3.424913], [-76.53156, 3.424699], [-76.531569, 3.424654], [-76.531623, 3.424672], [-76.531794, 3.424726], [-76.532109, 3.424826], [-76.532397, 3.424925], [-76.532631, 3.424998], [-76.532784, 3.425052], [-76.533045, 3.425133], [-76.533072, 3.425079], [-76.533279, 3.424428], [-76.533342, 3.424446], [-76.533567, 3.424527], [-76.534013, 3.424657], [-76.534035, 3.424663], [-76.534339, 3.423719], [-76.534344, 3.423704], [-76.534789, 3.422321], [-76.535124, 3.421281], [-76.535284, 3.420784], [-76.535291, 3.420762], [-76.535457, 3.42025], [-76.535844, 3.419093], [-76.536222, 3.417944], [-76.536474, 3.41717], [-76.536595, 3.4168], [-76.536753, 3.416316], [-76.536922, 3.415787], [-76.537077, 3.415303], [-76.537239, 3.414815], [-76.53741, 3.414291], [-76.53777, 3.413196], [-76.53795, 3.412636], [-76.53822, 3.411822], [-76.538463, 3.411062], [-76.538717, 3.410285], [-76.538718, 3.410282], [-76.539039, 3.409299], [-76.539061, 3.409232], [-76.539318, 3.40844], [-76.539588, 3.407635], [-76.539768, 3.407074], [-76.539785, 3.407024], [-76.540083, 3.406125], [-76.540202, 3.405745], [-76.540245, 3.405609], [-76.540371, 3.40522], [-76.540506, 3.404804], [-76.540686, 3.404244], [-76.541001, 3.403267], [-76.54119, 3.402697], [-76.541379, 3.402118], [-76.541577, 3.401522], [-76.541648, 3.401304], [-76.541718, 3.401089], [-76.541718, 3.401089], [-76.541731, 3.401045], [-76.541739, 3.401022], [-76.541746, 3.400999], [-76.541761, 3.400952], [-76.541764, 3.400952], [-76.542302, 3.400897], [-76.543057, 3.400804], [-76.543916, 3.400701], [-76.545052, 3.400542], [-76.545167, 3.400528], [-76.545824, 3.400444], [-76.54585, 3.40044], [-76.546417, 3.40035], [-76.54641, 3.399442], [-76.54641, 3.398302], [-76.54641, 3.397516], [-76.546401, 3.397317], [-76.546392, 3.397127], [-76.546365, 3.396955], [-76.546261, 3.396302], [-76.546257, 3.396279], [-76.546257, 3.396277], [-76.547166, 3.39615], [-76.547274, 3.396132], [-76.547508, 3.396105], [-76.547643, 3.396087], [-76.547787, 3.396069], [-76.548119, 3.396032], [-76.548227, 3.396014], [-76.548641, 3.39596], [-76.548701, 3.395951], [-76.548705, 3.39595], [-76.548698, 3.395911], [-76.548683, 3.395783], [-76.548667, 3.395634], [-76.54865, 3.395481], [-76.548633, 3.395341], [-76.548633, 3.39534], [-76.548767, 3.395321], [-76.549001, 3.39529], [-76.549263, 3.395252], [-76.549509, 3.395218], [-76.549576, 3.395203], [-76.549652, 3.395825], [-76.549721, 3.395816], [-76.55018, 3.395761], [-76.550279, 3.395752], [-76.55072, 3.395698], [-76.550837, 3.39568], [-76.551035, 3.395653], [-76.551296, 3.395626], [-76.551431, 3.395599], [-76.551494, 3.395589], [-76.551872, 3.395544], [-76.552034, 3.395517], [-76.552223, 3.39549], [-76.552925, 3.395409], [-76.55297, 3.3954], [-76.553008, 3.395396], [-76.553069, 3.395391], [-76.553087, 3.395382], [-76.553933, 3.395282], [-76.554077, 3.395255], [-76.554104, 3.395246], [-76.554446, 3.395192], [-76.554932, 3.395137], [-76.555112, 3.395119], [-76.555391, 3.395083], [-76.55549, 3.395065], [-76.555886, 3.39502], [-76.555931, 3.39502], [-76.556021, 3.395002], [-76.556911, 3.394866], [-76.556993, 3.394861], [-76.557011, 3.39486], [-76.557046, 3.394857], [-76.557559, 3.394794], [-76.557616, 3.394785], [-76.557698, 3.394762], [-76.557718, 3.394757], [-76.557754, 3.394749], [-76.557783, 3.394735], [-76.557802, 3.394725], [-76.557856, 3.394705], [-76.557859, 3.394704], [-76.55788, 3.394696], [-76.557905, 3.394687], [-76.55798, 3.394721], [-76.558031, 3.394755], [-76.558031, 3.394758], [-76.558031, 3.394764], [-76.558029, 3.394776], [-76.558028, 3.39478], [-76.558027, 3.394789], [-76.558026, 3.394795], [-76.558025, 3.394804], [-76.558022, 3.394829], [-76.558022, 3.394831], [-76.558018, 3.394857], [-76.558014, 3.394884], [-76.558011, 3.394912], [-76.558006, 3.394945], [-76.558003, 3.394968], [-76.557995, 3.395032], [-76.557991, 3.395059], [-76.557987, 3.395092], [-76.557984, 3.395114], [-76.55798, 3.395142], [-76.557965, 3.395261], [-76.557963, 3.395271], [-76.55796, 3.395298], [-76.557958, 3.39531], [-76.557943, 3.395428], [-76.557941, 3.39544], [-76.557941, 3.395443], [-76.557933, 3.395501], [-76.557926, 3.395552], [-76.557926, 3.395553], [-76.557918, 3.395611], [-76.557894, 3.395797], [-76.557889, 3.395833], [-76.55787, 3.395974], [-76.557844, 3.396176], [-76.557828, 3.396293], [-76.557824, 3.396324], [-76.557811, 3.396421], [-76.55781, 3.396429], [-76.557766, 3.396764], [-76.55775, 3.396882], [-76.557749, 3.396895], [-76.557731, 3.397029], [-76.5577, 3.397266], [-76.557688, 3.397355], [-76.557677, 3.397439], [-76.557672, 3.397476], [-76.557659, 3.397575], [-76.557641, 3.39771], [-76.557637, 3.397739], [-76.557627, 3.397818], [-76.557626, 3.397818], [-76.557611, 3.397937], [-76.557596, 3.398047], [-76.557546, 3.398427], [-76.557543, 3.398448], [-76.557543, 3.39845], [-76.557494, 3.398816], [-76.55743, 3.399306], [-76.557383, 3.399662], [-76.557382, 3.399667], [-76.557381, 3.399675], [-76.557377, 3.399701], [-76.557369, 3.399764], [-76.557317, 3.400158], [-76.557301, 3.400278], [-76.557286, 3.400393], [-76.557253, 3.40064], [-76.557246, 3.400694], [-76.557084, 3.401924], [-76.557043, 3.402227], [-76.557039, 3.40226], [-76.557026, 3.402361], [-76.55695, 3.402935], [-76.556877, 3.403486], [-76.55682, 3.403916], [-76.556791, 3.404139], [-76.556786, 3.404177], [-76.556634, 3.405323], [-76.556577, 3.405754], [-76.55657, 3.405805], [-76.556516, 3.406216], [-76.556498, 3.406348], [-76.556499, 3.406348], [-76.556515, 3.406354], [-76.556517, 3.406355], [-76.556518, 3.406355], [-76.556555, 3.406364], [-76.556583, 3.406392], [-76.556609, 3.406416], [-76.55663, 3.40643], [-76.556651, 3.406444], [-76.55668, 3.406465], [-76.556707, 3.406481], [-76.556735, 3.406497], [-76.55678, 3.406512], [-76.556802, 3.406517], [-76.556831, 3.406527], [-76.556852, 3.406544], [-76.556875, 3.406554], [-76.556909, 3.406567], [-76.556946, 3.406575], [-76.556983, 3.406588], [-76.557012, 3.406592], [-76.557015, 3.406601], [-76.557021, 3.406604], [-76.557034, 3.40661], [-76.557044, 3.406613], [-76.557053, 3.406617], [-76.557063, 3.406621], [-76.557073, 3.406624], [-76.557092, 3.406627], [-76.557105, 3.406628], [-76.557118, 3.406628], [-76.55713, 3.406627], [-76.557145, 3.406626], [-76.557156, 3.406628], [-76.557174, 3.406631], [-76.557186, 3.406633], [-76.557198, 3.406636], [-76.557209, 3.40664], [-76.557222, 3.406644], [-76.557233, 3.40665], [-76.557243, 3.406655], [-76.557249, 3.406659], [-76.557254, 3.406659], [-76.557264, 3.406663], [-76.557276, 3.406668], [-76.557288, 3.406673], [-76.557296, 3.406677], [-76.557314, 3.406684], [-76.557325, 3.406687], [-76.557336, 3.406687], [-76.557346, 3.406687], [-76.557351, 3.406686], [-76.557359, 3.406694], [-76.557368, 3.406701], [-76.557376, 3.406707], [-76.557384, 3.406713], [-76.557393, 3.406717], [-76.557403, 3.406722], [-76.557412, 3.406727], [-76.557425, 3.406734], [-76.557434, 3.406739], [-76.557443, 3.406744], [-76.557453, 3.406748], [-76.557464, 3.406751], [-76.557474, 3.406754], [-76.557484, 3.406756], [-76.557493, 3.406758], [-76.557512, 3.406761], [-76.557521, 3.406763], [-76.557532, 3.406764], [-76.557545, 3.406766], [-76.557556, 3.406768], [-76.557565, 3.406769], [-76.557579, 3.406773], [-76.557589, 3.406777], [-76.557605, 3.406783], [-76.557616, 3.406787], [-76.557625, 3.406791], [-76.557636, 3.406796], [-76.557649, 3.406802], [-76.55766, 3.406806], [-76.557671, 3.406811], [-76.557684, 3.406817], [-76.557697, 3.406822], [-76.557708, 3.406825], [-76.557719, 3.406828], [-76.557731, 3.406831], [-76.557742, 3.406833], [-76.557749, 3.406835], [-76.557752, 3.406836], [-76.557762, 3.406838], [-76.557775, 3.406842], [-76.557786, 3.406845], [-76.5578, 3.40685], [-76.557811, 3.406854], [-76.557822, 3.406857], [-76.557831, 3.40686], [-76.557839, 3.406863], [-76.557849, 3.406866], [-76.557858, 3.406869], [-76.557868, 3.406873], [-76.557876, 3.406877], [-76.557887, 3.406881], [-76.557897, 3.406885], [-76.557908, 3.40689], [-76.557928, 3.4069], [-76.557942, 3.406907], [-76.557956, 3.406913], [-76.557967, 3.406915], [-76.55798, 3.406918], [-76.557999, 3.406923], [-76.558028, 3.406929], [-76.558048, 3.406938], [-76.55807, 3.406942], [-76.558081, 3.406944], [-76.5581, 3.406949], [-76.558116, 3.406954], [-76.558138, 3.406957], [-76.558161, 3.406963], [-76.558125, 3.407095], [-76.558097, 3.407183], [-76.558081, 3.407227], [-76.55807, 3.407284], [-76.558068, 3.407348], [-76.558066, 3.40746], [-76.558059, 3.407568], [-76.558058, 3.407617], [-76.558053, 3.407735], [-76.558051, 3.407766], [-76.558038, 3.407929], [-76.558022, 3.4081], [-76.558022, 3.408102], [-76.558009, 3.408283], [-76.557985, 3.408448], [-76.557949, 3.408677], [-76.557937, 3.408751], [-76.5579, 3.408964], [-76.557885, 3.408985], [-76.557886, 3.408996], [-76.557887, 3.409012], [-76.557889, 3.409024], [-76.55789, 3.409033], [-76.55789, 3.409036], [-76.557892, 3.409049], [-76.557894, 3.409063], [-76.557895, 3.409076], [-76.557897, 3.409086], [-76.557898, 3.409095], [-76.557899, 3.409108], [-76.557901, 3.409121], [-76.557901, 3.409133], [-76.557901, 3.409145], [-76.557899, 3.409159], [-76.557897, 3.409171], [-76.557895, 3.409184], [-76.557894, 3.409194], [-76.557895, 3.409209], [-76.557899, 3.409223], [-76.557906, 3.409237], [-76.557912, 3.409249], [-76.557919, 3.40926], [-76.557924, 3.40927], [-76.557929, 3.409278], [-76.557936, 3.409288], [-76.557943, 3.409296], [-76.557949, 3.409305], [-76.557954, 3.409314], [-76.55796, 3.409325], [-76.557963, 3.409337], [-76.557964, 3.40935], [-76.557969, 3.409361], [-76.557973, 3.409366], [-76.557981, 3.409371], [-76.55799, 3.409377], [-76.557997, 3.409381], [-76.558, 3.409384], [-76.558006, 3.40939], [-76.558011, 3.409401], [-76.558022, 3.409415], [-76.55803, 3.409422], [-76.558039, 3.409425], [-76.558049, 3.409425], [-76.558058, 3.409429], [-76.55806, 3.409439], [-76.558056, 3.409453], [-76.558052, 3.409465], [-76.558047, 3.409476], [-76.558042, 3.409489], [-76.558038, 3.409499], [-76.558036, 3.409516], [-76.558035, 3.409525], [-76.558034, 3.409534], [-76.558034, 3.409555], [-76.558035, 3.409564], [-76.558038, 3.409575], [-76.558042, 3.409583], [-76.55805, 3.409591], [-76.558063, 3.409603], [-76.558066, 3.409608], [-76.55807, 3.409615], [-76.558076, 3.409626], [-76.558081, 3.409631], [-76.55811, 3.409636], [-76.558114, 3.409635], [-76.558121, 3.409629], [-76.558127, 3.409622], [-76.558134, 3.409613], [-76.55814, 3.409603], [-76.558149, 3.409598], [-76.558157, 3.409606], [-76.558161, 3.409615], [-76.558163, 3.409624], [-76.558163, 3.409636], [-76.558163, 3.409645], [-76.558162, 3.409649], [-76.558161, 3.409667], [-76.55816, 3.409681], [-76.55816, 3.409694], [-76.558162, 3.409707], [-76.558162, 3.409721], [-76.558162, 3.409734], [-76.558164, 3.409744], [-76.558172, 3.409752], [-76.558178, 3.409759], [-76.558182, 3.409768], [-76.558179, 3.409783], [-76.558177, 3.409799], [-76.558179, 3.409811], [-76.558184, 3.409822], [-76.558192, 3.409828], [-76.558206, 3.409831], [-76.558217, 3.409838], [-76.558223, 3.40985], [-76.558227, 3.409867], [-76.558232, 3.40988], [-76.558241, 3.409891], [-76.558251, 3.409903], [-76.558261, 3.409915], [-76.558266, 3.409924], [-76.558273, 3.409936], [-76.558281, 3.409949], [-76.55829, 3.409958], [-76.558303, 3.409965], [-76.558312, 3.409966], [-76.558321, 3.409974], [-76.558324, 3.409984], [-76.558329, 3.409994], [-76.558335, 3.410009], [-76.558342, 3.410017], [-76.558356, 3.410022], [-76.558369, 3.410025], [-76.558378, 3.410031], [-76.558385, 3.410039], [-76.558389, 3.410045], [-76.558392, 3.410052], [-76.558397, 3.410061], [-76.558401, 3.41007], [-76.558405, 3.41008], [-76.558405, 3.410082], [-76.558408, 3.410091], [-76.558411, 3.410103], [-76.558415, 3.410115], [-76.55842, 3.410126], [-76.558425, 3.410133], [-76.55843, 3.410141], [-76.558437, 3.410149], [-76.558445, 3.410159], [-76.558451, 3.410167], [-76.558456, 3.410177], [-76.558462, 3.410187], [-76.558468, 3.4102], [-76.558473, 3.410214], [-76.558477, 3.410229], [-76.558481, 3.410242], [-76.558483, 3.41025], [-76.558484, 3.410258], [-76.558484, 3.410266], [-76.558484, 3.410277], [-76.558485, 3.410287], [-76.558489, 3.410296], [-76.558499, 3.410302], [-76.558509, 3.410305], [-76.558518, 3.410308], [-76.558528, 3.410308], [-76.558534, 3.410305], [-76.558539, 3.410303], [-76.558541, 3.410301], [-76.558548, 3.410303], [-76.558553, 3.410313], [-76.558555, 3.41033], [-76.558556, 3.41034], [-76.558557, 3.410347], [-76.558557, 3.410351], [-76.558557, 3.410356], [-76.558559, 3.410365], [-76.558561, 3.410376], [-76.558564, 3.410386], [-76.558566, 3.410389], [-76.558567, 3.41039], [-76.558572, 3.410397], [-76.558573, 3.410398], [-76.558576, 3.410402], [-76.558582, 3.410408], [-76.558585, 3.410411], [-76.558593, 3.410425], [-76.558599, 3.410432], [-76.558605, 3.410443], [-76.558609, 3.410452], [-76.558616, 3.410466], [-76.558624, 3.410481], [-76.55863, 3.410496], [-76.558647, 3.410537], [-76.558649, 3.410544], [-76.558665, 3.410587], [-76.558667, 3.410595], [-76.558669, 3.410605], [-76.558671, 3.410611], [-76.558675, 3.410616], [-76.558682, 3.410617], [-76.55869, 3.410615], [-76.558702, 3.410606], [-76.558712, 3.410599], [-76.558728, 3.410589], [-76.558732, 3.410589], [-76.558735, 3.41059], [-76.558735, 3.410591], [-76.558736, 3.410595], [-76.558736, 3.410599], [-76.558734, 3.410616], [-76.558733, 3.41063], [-76.558732, 3.410643], [-76.558729, 3.410652], [-76.558727, 3.41066], [-76.558726, 3.410664], [-76.558727, 3.410676], [-76.558731, 3.410689], [-76.558735, 3.410699], [-76.558736, 3.410705], [-76.558738, 3.410715], [-76.558743, 3.410748], [-76.558749, 3.410788], [-76.55875, 3.410793], [-76.558753, 3.410802], [-76.558756, 3.410811], [-76.558759, 3.410821], [-76.558763, 3.41083], [-76.558763, 3.410831], [-76.558766, 3.410839], [-76.558768, 3.410843], [-76.558771, 3.410849], [-76.558777, 3.410858], [-76.558785, 3.410866], [-76.558789, 3.410874], [-76.55879, 3.410884], [-76.55879, 3.410898], [-76.558789, 3.410909], [-76.55879, 3.410914], [-76.55879, 3.410918], [-76.558793, 3.410931], [-76.558799, 3.410945], [-76.558802, 3.410955], [-76.558807, 3.410967], [-76.558813, 3.410978], [-76.558819, 3.410989], [-76.558825, 3.411], [-76.558825, 3.411001], [-76.558831, 3.411012], [-76.558834, 3.411016], [-76.558838, 3.411024], [-76.558846, 3.411037], [-76.558853, 3.411048], [-76.558861, 3.411059], [-76.558866, 3.411066], [-76.558869, 3.411071], [-76.558875, 3.411082], [-76.55888, 3.411091], [-76.558888, 3.411106], [-76.558896, 3.411122], [-76.558907, 3.411135], [-76.558914, 3.411145], [-76.558914, 3.411146], [-76.558919, 3.411155], [-76.558922, 3.411164], [-76.558922, 3.411165], [-76.558927, 3.411181], [-76.558929, 3.41119], [-76.558934, 3.411202], [-76.558941, 3.411222], [-76.558947, 3.411235], [-76.558956, 3.41125], [-76.558964, 3.411261], [-76.558972, 3.411271], [-76.558977, 3.411279], [-76.558981, 3.411288], [-76.558985, 3.411297], [-76.558988, 3.411308], [-76.558993, 3.41132], [-76.558999, 3.411331], [-76.559005, 3.41134], [-76.55901, 3.41135], [-76.559022, 3.411371], [-76.559027, 3.411381], [-76.559035, 3.411393], [-76.559041, 3.411403], [-76.559048, 3.411414], [-76.559052, 3.411422], [-76.559053, 3.411433], [-76.559056, 3.411442], [-76.559063, 3.41145], [-76.559072, 3.411461], [-76.559084, 3.411468], [-76.559096, 3.411474], [-76.559112, 3.411479], [-76.55912, 3.411483], [-76.559132, 3.411488], [-76.559146, 3.411492], [-76.559162, 3.411497], [-76.559175, 3.411501], [-76.559185, 3.411504], [-76.559199, 3.411507], [-76.559212, 3.41151], [-76.559223, 3.411511], [-76.559235, 3.411512], [-76.559251, 3.411514], [-76.559261, 3.411515], [-76.559272, 3.411518], [-76.559283, 3.411521], [-76.559293, 3.411524], [-76.559307, 3.411528], [-76.559317, 3.411531], [-76.559329, 3.411534], [-76.559338, 3.411537], [-76.559353, 3.41154], [-76.559366, 3.411543], [-76.559382, 3.411547], [-76.559391, 3.411549], [-76.559402, 3.411551], [-76.559413, 3.411554], [-76.559428, 3.411556], [-76.559438, 3.411558], [-76.559445, 3.411558], [-76.559448, 3.411557], [-76.559456, 3.411555], [-76.559464, 3.411549], [-76.559466, 3.41154], [-76.559466, 3.411525], [-76.559472, 3.411516], [-76.55948, 3.411511], [-76.559493, 3.411505], [-76.559504, 3.411499], [-76.559514, 3.411494], [-76.559524, 3.411487], [-76.559534, 3.411478], [-76.559545, 3.411465], [-76.559552, 3.411457], [-76.559559, 3.411449], [-76.559566, 3.411437], [-76.55957, 3.411427], [-76.559575, 3.411414], [-76.559577, 3.411405], [-76.559577, 3.411394], [-76.559578, 3.411379], [-76.559577, 3.411364], [-76.559577, 3.411356], [-76.559578, 3.411345], [-76.559579, 3.411334], [-76.559582, 3.411323], [-76.559584, 3.411314], [-76.559587, 3.411305], [-76.55959, 3.411295], [-76.559593, 3.411285], [-76.559596, 3.411273], [-76.559598, 3.411264], [-76.559601, 3.411254], [-76.559604, 3.411244], [-76.559606, 3.411237], [-76.559606, 3.411234], [-76.559611, 3.411215], [-76.559613, 3.411204], [-76.559628, 3.411136], [-76.559631, 3.411127], [-76.559633, 3.411119], [-76.559636, 3.411108], [-76.559647, 3.411069], [-76.559666, 3.411025], [-76.55967, 3.411015], [-76.559673, 3.411007], [-76.559678, 3.410997], [-76.559686, 3.410984], [-76.559694, 3.410969], [-76.559698, 3.410959], [-76.559702, 3.410948], [-76.559709, 3.410935], [-76.559714, 3.410926], [-76.559715, 3.410925], [-76.559721, 3.410913], [-76.559729, 3.410898], [-76.559734, 3.410887], [-76.55974, 3.410876], [-76.559745, 3.410868], [-76.559751, 3.410857], [-76.559757, 3.410845], [-76.559764, 3.41083], [-76.559766, 3.410818], [-76.559769, 3.410804], [-76.55977, 3.41079], [-76.559772, 3.410779], [-76.559773, 3.410769], [-76.559773, 3.410768], [-76.559776, 3.410736], [-76.559777, 3.410725], [-76.559778, 3.410715], [-76.559779, 3.410703], [-76.559782, 3.410678], [-76.559785, 3.410672], [-76.559788, 3.41067], [-76.55979, 3.410669], [-76.559796, 3.410674], [-76.559803, 3.41068], [-76.559811, 3.410684], [-76.559819, 3.410686], [-76.559859, 3.410696], [-76.559892, 3.410705], [-76.559896, 3.410706], [-76.559901, 3.410707], [-76.559907, 3.410707], [-76.559918, 3.410701], [-76.559927, 3.410694], [-76.559935, 3.410682], [-76.55994, 3.410674], [-76.559946, 3.410665], [-76.559949, 3.41066], [-76.559951, 3.410655], [-76.559958, 3.410646], [-76.559967, 3.410637], [-76.559972, 3.410631], [-76.559976, 3.410627], [-76.559986, 3.410616], [-76.559994, 3.410609], [-76.559996, 3.410608], [-76.559999, 3.410605], [-76.560032, 3.410578], [-76.560055, 3.410557], [-76.560067, 3.410546], [-76.560075, 3.410535], [-76.560083, 3.410527], [-76.560091, 3.41052], [-76.560102, 3.410512], [-76.560112, 3.410504], [-76.560121, 3.410498], [-76.560128, 3.410491], [-76.560137, 3.410482], [-76.560145, 3.410475], [-76.560152, 3.410467], [-76.560158, 3.41046], [-76.560164, 3.410452], [-76.560169, 3.410446], [-76.560176, 3.410436], [-76.560181, 3.410428], [-76.560188, 3.410416], [-76.560195, 3.410404], [-76.560198, 3.410402], [-76.560204, 3.410397], [-76.560213, 3.41039], [-76.56022, 3.410381], [-76.560227, 3.410372], [-76.560235, 3.41036], [-76.560241, 3.410352], [-76.560247, 3.410343], [-76.560253, 3.410331], [-76.560258, 3.410322], [-76.560262, 3.410312], [-76.560267, 3.410303], [-76.560274, 3.410297], [-76.560281, 3.410297], [-76.560288, 3.4103], [-76.560294, 3.410306], [-76.560301, 3.410312], [-76.560306, 3.410318], [-76.560308, 3.410319], [-76.560316, 3.410327], [-76.560323, 3.410333], [-76.560332, 3.410337], [-76.560346, 3.410341], [-76.560355, 3.410342], [-76.560366, 3.410342], [-76.560378, 3.41034], [-76.560391, 3.410339], [-76.560401, 3.410335], [-76.560411, 3.410333], [-76.560421, 3.41033], [-76.56043, 3.410327], [-76.560439, 3.410321], [-76.560448, 3.410316], [-76.560456, 3.410311], [-76.560467, 3.410309], [-76.560479, 3.410312], [-76.560488, 3.410317], [-76.560498, 3.410322], [-76.560507, 3.410327], [-76.560519, 3.410335], [-76.560528, 3.410341], [-76.560538, 3.410349], [-76.56055, 3.410358], [-76.560559, 3.410364], [-76.560566, 3.41037], [-76.560573, 3.410379], [-76.560579, 3.410388], [-76.560583, 3.410399], [-76.560585, 3.410411], [-76.560589, 3.410423], [-76.560599, 3.410432], [-76.560613, 3.410435], [-76.560627, 3.410434], [-76.560642, 3.410433], [-76.560653, 3.410432], [-76.560667, 3.410431], [-76.560681, 3.410429], [-76.560692, 3.410427], [-76.560705, 3.410422], [-76.560714, 3.410416], [-76.560724, 3.410409], [-76.560732, 3.4104], [-76.560742, 3.41039], [-76.560752, 3.410381], [-76.56076, 3.410374], [-76.560767, 3.410367], [-76.560776, 3.410371], [-76.560784, 3.410377], [-76.560795, 3.410386], [-76.560802, 3.410393], [-76.560813, 3.410393], [-76.560817, 3.41039], [-76.560821, 3.410388], [-76.560829, 3.410383], [-76.560838, 3.410376], [-76.560849, 3.410367], [-76.560856, 3.41036], [-76.560863, 3.410353], [-76.56087, 3.410345], [-76.56089, 3.41032], [-76.560894, 3.410312], [-76.560894, 3.410311], [-76.560901, 3.410301], [-76.560908, 3.41029], [-76.560916, 3.410279], [-76.560924, 3.410268], [-76.560935, 3.410254], [-76.560936, 3.410251], [-76.560942, 3.410244], [-76.560948, 3.410235], [-76.560952, 3.410231], [-76.560956, 3.410227], [-76.560968, 3.410217], [-76.560972, 3.410214], [-76.560973, 3.410213], [-76.560975, 3.410212], [-76.560987, 3.410204], [-76.560995, 3.410199], [-76.561003, 3.410194], [-76.561012, 3.410189], [-76.561013, 3.410189], [-76.561013, 3.410189], [-76.561015, 3.410188], [-76.56102, 3.410185], [-76.561021, 3.410184], [-76.561034, 3.410178], [-76.561043, 3.410175], [-76.561052, 3.410171], [-76.561061, 3.410169], [-76.561075, 3.410164], [-76.561087, 3.410161], [-76.561096, 3.410158], [-76.5611, 3.410157], [-76.561107, 3.410155], [-76.561125, 3.410149], [-76.561128, 3.410148], [-76.561139, 3.410144], [-76.561148, 3.410141], [-76.561151, 3.41014], [-76.561223, 3.410111], [-76.561223, 3.410113], [-76.561233, 3.410108], [-76.561239, 3.410103], [-76.56125, 3.410094], [-76.561257, 3.410086], [-76.561266, 3.410074], [-76.561274, 3.410061], [-76.56128, 3.410051], [-76.561288, 3.410039], [-76.561296, 3.410025], [-76.561303, 3.410012], [-76.561308, 3.41], [-76.561312, 3.409991], [-76.561314, 3.409985], [-76.561317, 3.409979], [-76.561319, 3.409971], [-76.561321, 3.409964], [-76.561324, 3.409955], [-76.561329, 3.409942], [-76.561333, 3.409931], [-76.561337, 3.409918], [-76.561342, 3.409904], [-76.561344, 3.409894], [-76.561345, 3.40989], [-76.561347, 3.409879], [-76.561348, 3.40987], [-76.561349, 3.409869], [-76.56135, 3.40987], [-76.561358, 3.409877], [-76.561359, 3.409877], [-76.561366, 3.409885], [-76.561373, 3.409895], [-76.561378, 3.409904], [-76.561388, 3.40992], [-76.561393, 3.40993], [-76.561398, 3.40994], [-76.561406, 3.409954], [-76.56141, 3.409964], [-76.561412, 3.409975], [-76.561412, 3.409985], [-76.561412, 3.409994], [-76.561413, 3.410005], [-76.561414, 3.410015], [-76.561414, 3.410023], [-76.561414, 3.410031], [-76.561416, 3.410049], [-76.561418, 3.410062], [-76.561422, 3.410074], [-76.561429, 3.410086], [-76.561437, 3.410098], [-76.561442, 3.410108], [-76.561446, 3.410118], [-76.56145, 3.410128], [-76.561451, 3.410132], [-76.561456, 3.410144], [-76.561461, 3.410154], [-76.561462, 3.410157], [-76.561467, 3.410172], [-76.56147, 3.410182], [-76.561473, 3.410194], [-76.561476, 3.410204], [-76.561479, 3.410218], [-76.561479, 3.410227], [-76.56148, 3.410237], [-76.561477, 3.41025], [-76.561474, 3.410258], [-76.561471, 3.410263], [-76.561472, 3.410264], [-76.561475, 3.410267], [-76.561479, 3.410271], [-76.561488, 3.410276], [-76.561492, 3.410279], [-76.561506, 3.41028], [-76.561519, 3.41028], [-76.561536, 3.410275], [-76.561549, 3.410262], [-76.561564, 3.410248], [-76.561582, 3.41023], [-76.56159, 3.41022], [-76.561592, 3.410212], [-76.561593, 3.410205], [-76.561595, 3.410197], [-76.561597, 3.410187], [-76.561602, 3.410168], [-76.561614, 3.41015], [-76.561628, 3.410132], [-76.561632, 3.410129], [-76.561638, 3.410126], [-76.561655, 3.410116], [-76.561668, 3.410113], [-76.561681, 3.410109], [-76.561689, 3.410108], [-76.561696, 3.410102], [-76.56171, 3.41009], [-76.561739, 3.410059], [-76.56176, 3.410037], [-76.561768, 3.410031], [-76.561778, 3.410021], [-76.561795, 3.410006], [-76.561798, 3.410005], [-76.561809, 3.409997], [-76.561809, 3.409996], [-76.561824, 3.409988], [-76.561844, 3.409982], [-76.561863, 3.409975], [-76.561878, 3.409972], [-76.561907, 3.409965], [-76.561931, 3.40996], [-76.56194, 3.409958], [-76.561954, 3.409956], [-76.56197, 3.40995], [-76.561983, 3.409947], [-76.562001, 3.409943], [-76.562012, 3.409939], [-76.562022, 3.409938], [-76.562031, 3.409937], [-76.56204, 3.409938], [-76.562048, 3.409939], [-76.562059, 3.40994], [-76.562069, 3.409944], [-76.562077, 3.409945], [-76.562086, 3.409945], [-76.562094, 3.409944], [-76.562103, 3.409941], [-76.562119, 3.409935], [-76.562172, 3.409913], [-76.562213, 3.409897], [-76.562247, 3.409885], [-76.562265, 3.409882], [-76.562287, 3.409879], [-76.562296, 3.409878], [-76.562306, 3.409875], [-76.562316, 3.409872], [-76.562327, 3.409864], [-76.562339, 3.409858], [-76.562351, 3.409849], [-76.562362, 3.409841], [-76.562372, 3.409832], [-76.562386, 3.409819], [-76.562397, 3.409809], [-76.562411, 3.409795], [-76.562427, 3.409778], [-76.562437, 3.409769], [-76.562447, 3.409775], [-76.562458, 3.409781], [-76.562462, 3.409783], [-76.562468, 3.409785], [-76.562474, 3.40979], [-76.562479, 3.409798], [-76.562482, 3.409803], [-76.562482, 3.409812], [-76.56248, 3.40982], [-76.562477, 3.409829], [-76.562476, 3.409838], [-76.562475, 3.409846], [-76.562476, 3.409853], [-76.562479, 3.409858], [-76.562484, 3.40986], [-76.562488, 3.40986], [-76.562494, 3.40986], [-76.562501, 3.409859], [-76.56251, 3.409858], [-76.562519, 3.409855], [-76.562527, 3.409852], [-76.562533, 3.409847], [-76.562538, 3.409842], [-76.562544, 3.409834], [-76.56255, 3.409824], [-76.562556, 3.409816], [-76.562564, 3.409806], [-76.562568, 3.409798], [-76.562574, 3.409791], [-76.562579, 3.409783], [-76.562585, 3.409775], [-76.562591, 3.409766], [-76.562596, 3.409758], [-76.562599, 3.40975], [-76.562604, 3.40974], [-76.562604, 3.40974], [-76.562608, 3.409731], [-76.562613, 3.409719], [-76.562618, 3.409708], [-76.562623, 3.4097], [-76.562627, 3.40969], [-76.562629, 3.409683], [-76.562631, 3.409675], [-76.562631, 3.409673], [-76.562632, 3.409662], [-76.562634, 3.409649], [-76.562634, 3.409639], [-76.562635, 3.409633], [-76.562635, 3.409626], [-76.562635, 3.409619], [-76.562634, 3.40961], [-76.562633, 3.409594], [-76.562632, 3.409584], [-76.562631, 3.409576], [-76.562628, 3.40957], [-76.562616, 3.409532], [-76.562606, 3.409506], [-76.562595, 3.40948], [-76.562587, 3.409466], [-76.562586, 3.409461], [-76.562586, 3.409461], [-76.562589, 3.409456], [-76.56259, 3.409454], [-76.56259, 3.409454], [-76.562595, 3.409453], [-76.5626, 3.409455], [-76.562608, 3.40946], [-76.562611, 3.409461], [-76.562618, 3.409464], [-76.562646, 3.409466], [-76.562655, 3.409466], [-76.562666, 3.409467], [-76.562675, 3.40947], [-76.56268, 3.409475], [-76.562686, 3.409484], [-76.562691, 3.409494], [-76.562697, 3.409499], [-76.562704, 3.409505], [-76.562712, 3.40951], [-76.56272, 3.409513], [-76.562725, 3.409511], [-76.56273, 3.409505], [-76.562733, 3.4095], [-76.562738, 3.40949], [-76.562743, 3.409483], [-76.562746, 3.409476], [-76.562751, 3.409465], [-76.562753, 3.409461], [-76.562756, 3.409453], [-76.56276, 3.40944], [-76.562767, 3.409425], [-76.562774, 3.409413], [-76.562781, 3.4094], [-76.562789, 3.409384], [-76.562796, 3.409372], [-76.562802, 3.409358], [-76.56281, 3.409343], [-76.562817, 3.409327], [-76.562826, 3.40931], [-76.562833, 3.409296], [-76.562835, 3.409292], [-76.562845, 3.40927], [-76.562856, 3.409245], [-76.562871, 3.409215], [-76.562884, 3.409189], [-76.562894, 3.409164], [-76.562905, 3.409136], [-76.562913, 3.409116], [-76.562919, 3.409098], [-76.562926, 3.409082], [-76.562933, 3.409065], [-76.562939, 3.409049], [-76.562942, 3.409044], [-76.562946, 3.409032], [-76.56295, 3.409018], [-76.562951, 3.409012], [-76.562953, 3.409002], [-76.562954, 3.408989], [-76.562956, 3.408977], [-76.562961, 3.408964], [-76.562973, 3.408951], [-76.562985, 3.408945], [-76.562995, 3.408948], [-76.563003, 3.408949], [-76.563011, 3.408947], [-76.563021, 3.408938], [-76.563031, 3.408929], [-76.563041, 3.408919], [-76.563053, 3.408905], [-76.56306, 3.408895], [-76.563068, 3.408883], [-76.563076, 3.408872], [-76.563083, 3.408861], [-76.563086, 3.408856], [-76.563089, 3.408852], [-76.563099, 3.408841], [-76.563108, 3.40883], [-76.563112, 3.408825], [-76.563117, 3.408818], [-76.563125, 3.408806], [-76.563135, 3.408794], [-76.563145, 3.408779], [-76.563153, 3.408767], [-76.563159, 3.408757], [-76.563166, 3.408748], [-76.563172, 3.408739], [-76.563184, 3.40872], [-76.563186, 3.408715], [-76.563187, 3.40871], [-76.563189, 3.408703], [-76.563192, 3.408696], [-76.563195, 3.408687], [-76.563198, 3.408679], [-76.563201, 3.408669], [-76.563204, 3.408657], [-76.563208, 3.40864], [-76.563211, 3.40862], [-76.563214, 3.4086], [-76.563216, 3.408576], [-76.563218, 3.408559], [-76.563218, 3.408558], [-76.563221, 3.408542], [-76.563231, 3.408516], [-76.563243, 3.408495], [-76.563245, 3.408495], [-76.563247, 3.408488], [-76.563255, 3.408473], [-76.563259, 3.408465], [-76.563264, 3.408456], [-76.563264, 3.408455], [-76.563269, 3.408447], [-76.563274, 3.408434], [-76.56328, 3.40842], [-76.563283, 3.40841], [-76.563285, 3.408398], [-76.563287, 3.408388], [-76.56329, 3.408378], [-76.563292, 3.408372], [-76.563294, 3.408367], [-76.563295, 3.408363], [-76.563297, 3.408358], [-76.5633, 3.408348], [-76.5633, 3.408347], [-76.563302, 3.408344], [-76.563302, 3.408343], [-76.563304, 3.408337], [-76.56331, 3.408329], [-76.563318, 3.408323], [-76.563325, 3.408317], [-76.563335, 3.408309], [-76.563345, 3.408305], [-76.563357, 3.408304], [-76.563367, 3.408302], [-76.563376, 3.408295], [-76.563383, 3.408285], [-76.563384, 3.408284], [-76.563387, 3.408279], [-76.563389, 3.408275], [-76.563394, 3.408264], [-76.563399, 3.408255], [-76.563403, 3.408245], [-76.563407, 3.408233], [-76.563411, 3.40822], [-76.563415, 3.40821], [-76.563416, 3.408208], [-76.56342, 3.4082], [-76.563425, 3.408189], [-76.56343, 3.40818], [-76.563432, 3.408171], [-76.563434, 3.408162], [-76.563435, 3.408155], [-76.563436, 3.408148], [-76.563435, 3.408141], [-76.563435, 3.408141], [-76.563437, 3.408125], [-76.563439, 3.408113], [-76.563441, 3.408098], [-76.563445, 3.408079], [-76.563447, 3.408068], [-76.563448, 3.408058], [-76.563449, 3.408047], [-76.56345, 3.408036], [-76.563452, 3.408026], [-76.563455, 3.408016], [-76.563457, 3.408004], [-76.563458, 3.407993], [-76.563459, 3.407981], [-76.563457, 3.407968], [-76.563454, 3.407959], [-76.563446, 3.407945], [-76.563439, 3.407935], [-76.563431, 3.407925], [-76.563422, 3.407915], [-76.563416, 3.407909], [-76.56341, 3.407902], [-76.563401, 3.407894], [-76.563393, 3.407886], [-76.563383, 3.407876], [-76.563377, 3.407868], [-76.563377, 3.407868], [-76.563371, 3.40786], [-76.563364, 3.407848], [-76.563362, 3.407836], [-76.563361, 3.407825], [-76.563361, 3.407814], [-76.563362, 3.407803], [-76.563366, 3.407793], [-76.563372, 3.407784], [-76.563381, 3.407776], [-76.563387, 3.407767], [-76.563391, 3.407758], [-76.563393, 3.407747], [-76.563397, 3.40773], [-76.563399, 3.407718], [-76.563401, 3.407706], [-76.563404, 3.407698], [-76.563408, 3.407684], [-76.563411, 3.407675], [-76.563414, 3.407662], [-76.563416, 3.407652], [-76.56342, 3.407639], [-76.563422, 3.40763], [-76.563427, 3.407619], [-76.56343, 3.407609], [-76.563433, 3.4076], [-76.563437, 3.407589], [-76.563441, 3.40758], [-76.563445, 3.40757], [-76.563446, 3.407567], [-76.563448, 3.407558], [-76.563451, 3.407549], [-76.563454, 3.407538], [-76.563459, 3.407525], [-76.563462, 3.407514], [-76.563467, 3.407504], [-76.563472, 3.407491], [-76.563476, 3.407481], [-76.563479, 3.407472], [-76.563483, 3.407461], [-76.563486, 3.407452], [-76.563491, 3.40744], [-76.563495, 3.407431], [-76.563499, 3.407422], [-76.563504, 3.407409], [-76.563508, 3.407396], [-76.563513, 3.407387], [-76.563518, 3.407377], [-76.563522, 3.407368], [-76.563527, 3.407356], [-76.563534, 3.407346], [-76.563541, 3.407333], [-76.563547, 3.407322], [-76.563552, 3.407313], [-76.563559, 3.407302], [-76.563564, 3.407293], [-76.56357, 3.407283], [-76.563572, 3.407273], [-76.563573, 3.407263], [-76.563573, 3.407256], [-76.563573, 3.407256], [-76.563639, 3.407202], [-76.563654, 3.407212], [-76.563667, 3.407218], [-76.563681, 3.407226], [-76.563691, 3.407231], [-76.5637, 3.407237], [-76.563714, 3.407245], [-76.563721, 3.407251], [-76.563728, 3.407258], [-76.563734, 3.407264], [-76.563741, 3.407273], [-76.563745, 3.407279], [-76.56375, 3.407287], [-76.563754, 3.407296], [-76.563759, 3.407307], [-76.563765, 3.407319], [-76.563772, 3.407326], [-76.56378, 3.40733], [-76.563788, 3.407333], [-76.563795, 3.407335], [-76.563806, 3.407337], [-76.563817, 3.407336], [-76.563829, 3.407336], [-76.56384, 3.407336], [-76.563852, 3.407336], [-76.563865, 3.407335], [-76.563882, 3.407335], [-76.563898, 3.407331], [-76.563911, 3.407328], [-76.563921, 3.407325], [-76.563931, 3.40732], [-76.56394, 3.407317], [-76.563946, 3.407314], [-76.563965, 3.407312], [-76.563981, 3.407315], [-76.564011, 3.407326], [-76.564052, 3.40735], [-76.564092, 3.407377], [-76.56413, 3.407399], [-76.564139, 3.407403], [-76.564179, 3.407423], [-76.564192, 3.40743], [-76.56422, 3.40744], [-76.56425, 3.407454], [-76.564275, 3.407464], [-76.564297, 3.407475], [-76.564343, 3.407487], [-76.564356, 3.407491], [-76.564363, 3.407492], [-76.564363, 3.407492], [-76.564366, 3.407493], [-76.564373, 3.407494], [-76.564382, 3.407499], [-76.564391, 3.407502], [-76.5644, 3.407504], [-76.56441, 3.407507], [-76.56442, 3.407509], [-76.564435, 3.407508], [-76.564443, 3.407503], [-76.564455, 3.407494], [-76.564464, 3.407487], [-76.564472, 3.407481], [-76.56448, 3.407473], [-76.564483, 3.407468], [-76.564482, 3.407458], [-76.564485, 3.407453], [-76.564492, 3.407448], [-76.564496, 3.407445], [-76.564506, 3.407438], [-76.564517, 3.407429], [-76.564527, 3.407421], [-76.564539, 3.407408], [-76.564547, 3.4074], [-76.564554, 3.407393], [-76.564561, 3.407387], [-76.564571, 3.407377], [-76.564579, 3.407369], [-76.564587, 3.407364], [-76.564597, 3.407356], [-76.564606, 3.407349], [-76.564615, 3.407339], [-76.564774, 3.407425], [-76.565039, 3.407346], [-76.56505, 3.407394], [-76.565086, 3.407541], [-76.565098, 3.407551], [-76.565111, 3.407559], [-76.565127, 3.407568], [-76.565144, 3.407574], [-76.565157, 3.407579], [-76.565165, 3.407584], [-76.565173, 3.407591], [-76.565181, 3.407598], [-76.565191, 3.407605], [-76.565194, 3.407609], [-76.565202, 3.407617], [-76.565212, 3.407627], [-76.565221, 3.407639], [-76.565227, 3.407648], [-76.565231, 3.407656], [-76.565236, 3.407666], [-76.565237, 3.407668], [-76.565239, 3.407675], [-76.565293, 3.407796], [-76.56541, 3.408009], [-76.565528, 3.408157], [-76.565543, 3.408176], [-76.565543, 3.408176], [-76.565572, 3.408212], [-76.565574, 3.408211], [-76.565575, 3.408211], [-76.565579, 3.408208], [-76.565589, 3.408203], [-76.5656, 3.408196], [-76.56561, 3.40819], [-76.56562, 3.408186], [-76.565631, 3.408182], [-76.565642, 3.40818], [-76.565655, 3.408177], [-76.565668, 3.408176], [-76.565678, 3.408176], [-76.565692, 3.408176], [-76.565703, 3.408175], [-76.565714, 3.408174], [-76.565716, 3.408175], [-76.565726, 3.408177], [-76.565739, 3.408182], [-76.565748, 3.408187], [-76.565756, 3.408197], [-76.565767, 3.40821], [-76.565773, 3.40822], [-76.565777, 3.40823], [-76.565781, 3.408243], [-76.565785, 3.408257], [-76.565785, 3.408273], [-76.565785, 3.408285], [-76.565783, 3.408295], [-76.56578, 3.408307], [-76.565778, 3.408317], [-76.565777, 3.408328], [-76.565778, 3.408339], [-76.565782, 3.408352], [-76.565784, 3.408359], [-76.565786, 3.408367], [-76.56579, 3.408378], [-76.565794, 3.408391], [-76.565797, 3.408401], [-76.565799, 3.408406], [-76.565801, 3.40841], [-76.565808, 3.408422], [-76.565814, 3.40843], [-76.565818, 3.40844], [-76.565821, 3.40845], [-76.565824, 3.408463], [-76.565825, 3.408474], [-76.565825, 3.408485], [-76.565819, 3.408495], [-76.565813, 3.408502], [-76.5658, 3.40851], [-76.565791, 3.408517], [-76.565789, 3.408518], [-76.565784, 3.408521], [-76.565781, 3.408524], [-76.565773, 3.40853], [-76.565767, 3.408537], [-76.565761, 3.408546], [-76.56576, 3.408548], [-76.565752, 3.40856], [-76.565744, 3.408577], [-76.565743, 3.408579], [-76.56574, 3.408589], [-76.565739, 3.408601], [-76.565744, 3.408609], [-76.56575, 3.40862], [-76.565751, 3.408631], [-76.565752, 3.408632], [-76.56575, 3.408647], [-76.565748, 3.40866], [-76.565745, 3.408671], [-76.565742, 3.408681], [-76.565738, 3.408689], [-76.565733, 3.4087], [-76.565729, 3.408711], [-76.565729, 3.408712], [-76.565723, 3.408725], [-76.565718, 3.408738], [-76.565716, 3.408742], [-76.565715, 3.408743], [-76.565709, 3.408757], [-76.565705, 3.408765], [-76.565703, 3.408769], [-76.565695, 3.408783], [-76.565686, 3.408797], [-76.565681, 3.408806], [-76.565668, 3.408822], [-76.565661, 3.40883], [-76.565651, 3.408842], [-76.565641, 3.408853], [-76.565628, 3.408864], [-76.565615, 3.408875], [-76.565601, 3.408886], [-76.565592, 3.408893], [-76.565584, 3.4089], [-76.565575, 3.408909], [-76.565564, 3.40892], [-76.56555, 3.408936], [-76.565542, 3.408945], [-76.565528, 3.408959], [-76.565521, 3.408965], [-76.565514, 3.408972], [-76.565507, 3.408979], [-76.565492, 3.408992], [-76.56548, 3.409003], [-76.565467, 3.409015], [-76.565457, 3.409023], [-76.565444, 3.409034], [-76.565433, 3.409043], [-76.565422, 3.409052], [-76.565415, 3.409059], [-76.565406, 3.409068], [-76.5654, 3.409074], [-76.565395, 3.40908], [-76.565391, 3.409087], [-76.565388, 3.409095], [-76.565387, 3.409103], [-76.565387, 3.409107], [-76.565405, 3.409132], [-76.565418, 3.409151], [-76.565418, 3.409156], [-76.565416, 3.409163], [-76.565412, 3.40917], [-76.565405, 3.409181], [-76.565394, 3.409197], [-76.565324, 3.40928], [-76.565231, 3.409389], [-76.565229, 3.409391], [-76.565229, 3.409391], [-76.565226, 3.409395], [-76.565186, 3.409496], [-76.565184, 3.409501], [-76.565141, 3.409612], [-76.565106, 3.4097], [-76.565225, 3.409766], [-76.565373, 3.409822], [-76.565432, 3.409852], [-76.565474, 3.409875], [-76.565513, 3.41032], [-76.565557, 3.410579], [-76.565639, 3.410808], [-76.565639, 3.410809], [-76.565642, 3.410818], [-76.56563, 3.410822], [-76.565611, 3.410826], [-76.565601, 3.410827], [-76.56559, 3.410829], [-76.565579, 3.410829], [-76.565568, 3.410824], [-76.565558, 3.410823], [-76.56554, 3.410813], [-76.565528, 3.410809], [-76.565514, 3.410806], [-76.565496, 3.410801], [-76.565475, 3.410795], [-76.565454, 3.410787], [-76.565436, 3.410782], [-76.565415, 3.410775], [-76.565402, 3.41077], [-76.565389, 3.41077], [-76.565374, 3.410771], [-76.565354, 3.410772], [-76.565329, 3.410773], [-76.565305, 3.410773], [-76.565292, 3.410771], [-76.565267, 3.410764], [-76.565239, 3.41076], [-76.565212, 3.410749], [-76.56519, 3.410743], [-76.565165, 3.410735], [-76.565131, 3.410726], [-76.565096, 3.410713], [-76.565079, 3.410703], [-76.565068, 3.410702], [-76.565051, 3.4107], [-76.565017, 3.410696], [-76.564993, 3.410696], [-76.56497, 3.410696], [-76.564948, 3.410696], [-76.564927, 3.410696], [-76.564897, 3.410701], [-76.564866, 3.410704], [-76.56484, 3.410713], [-76.56478, 3.410735], [-76.564721, 3.410761], [-76.564641, 3.410816], [-76.564602, 3.410855], [-76.564542, 3.410895], [-76.5645, 3.410915], [-76.564466, 3.410919], [-76.564436, 3.410925], [-76.564397, 3.410935], [-76.564356, 3.410948], [-76.564325, 3.410963], [-76.564273, 3.410997], [-76.56425, 3.411006], [-76.564172, 3.411038], [-76.564142, 3.411059], [-76.564069, 3.411122], [-76.56399, 3.411184], [-76.563964, 3.4112], [-76.563927, 3.411223], [-76.563898, 3.411241], [-76.563886, 3.411245], [-76.563812, 3.411271], [-76.56378, 3.411288], [-76.563729, 3.411315], [-76.56369, 3.411332], [-76.56364, 3.411353], [-76.563587, 3.411366], [-76.563471, 3.411376], [-76.563368, 3.411386], [-76.563249, 3.411428], [-76.563233, 3.411433], [-76.563168, 3.411454], [-76.563134, 3.411472], [-76.563056, 3.411514], [-76.562962, 3.411571], [-76.56289, 3.411608], [-76.56286, 3.411622], [-76.562815, 3.411639], [-76.562792, 3.411648], [-76.562713, 3.41168], [-76.562698, 3.411688], [-76.562673, 3.411701], [-76.562615, 3.411736], [-76.562605, 3.411748], [-76.562585, 3.411773], [-76.562556, 3.411812], [-76.562527, 3.411844], [-76.562509, 3.411864], [-76.562465, 3.411904], [-76.562418, 3.411956], [-76.562382, 3.41203], [-76.562379, 3.412031], [-76.562349, 3.412063], [-76.56231, 3.412097], [-76.562295, 3.412109], [-76.562256, 3.412116], [-76.562245, 3.412115], [-76.562234, 3.412115], [-76.562225, 3.412115], [-76.562197, 3.412115], [-76.562158, 3.412119], [-76.562153, 3.41212], [-76.562148, 3.412123], [-76.562092, 3.412157], [-76.562027, 3.412214], [-76.562021, 3.412219], [-76.561984, 3.412257], [-76.561978, 3.412263], [-76.561959, 3.41228], [-76.561925, 3.412304], [-76.561902, 3.41233], [-76.561885, 3.412359], [-76.561875, 3.412376], [-76.561871, 3.412386], [-76.561865, 3.412403], [-76.561851, 3.412432], [-76.561837, 3.412458], [-76.561826, 3.412471], [-76.56182, 3.412478], [-76.561804, 3.412497], [-76.561791, 3.412511], [-76.561733, 3.412563], [-76.561694, 3.412605], [-76.561656, 3.412652], [-76.561619, 3.412708], [-76.561584, 3.412775], [-76.561554, 3.412834], [-76.561551, 3.41284], [-76.561526, 3.412882], [-76.561513, 3.412914], [-76.56149, 3.412968], [-76.561477, 3.412975], [-76.561463, 3.412995], [-76.561456, 3.413007], [-76.561453, 3.413022], [-76.561452, 3.413032], [-76.561451, 3.413045], [-76.561446, 3.413067], [-76.561436, 3.413082], [-76.561415, 3.413103], [-76.561392, 3.413122], [-76.561385, 3.413129], [-76.56138, 3.413134], [-76.561368, 3.413139], [-76.561346, 3.413143], [-76.561339, 3.41314], [-76.561335, 3.413136], [-76.561334, 3.413129], [-76.561334, 3.41312], [-76.561334, 3.413111], [-76.561334, 3.413104], [-76.561332, 3.413095], [-76.561327, 3.413086], [-76.561316, 3.413082], [-76.561302, 3.413078], [-76.561292, 3.413078], [-76.561276, 3.413081], [-76.56126, 3.413085], [-76.561246, 3.413093], [-76.561229, 3.4131], [-76.56121, 3.413108], [-76.561204, 3.413112], [-76.561185, 3.413124], [-76.561165, 3.413137], [-76.56115, 3.413149], [-76.561131, 3.413159], [-76.561113, 3.413167], [-76.561091, 3.41317], [-76.561076, 3.413174], [-76.561059, 3.413174], [-76.561028, 3.413175], [-76.560996, 3.413183], [-76.560959, 3.413201], [-76.560944, 3.413214], [-76.560906, 3.413237], [-76.56088, 3.413252], [-76.560855, 3.413264], [-76.560822, 3.413285], [-76.560802, 3.413304], [-76.560786, 3.413323], [-76.560762, 3.413349], [-76.560739, 3.413373], [-76.560724, 3.413386], [-76.560698, 3.413409], [-76.56067, 3.413434], [-76.560632, 3.413457], [-76.560609, 3.413475], [-76.560582, 3.413489], [-76.560538, 3.41353], [-76.560489, 3.413575], [-76.560433, 3.413613], [-76.560398, 3.413639], [-76.560373, 3.413649], [-76.560351, 3.413658], [-76.560326, 3.413665], [-76.56029, 3.41367], [-76.560266, 3.413671], [-76.560247, 3.41367], [-76.560232, 3.41367], [-76.560222, 3.41367], [-76.560204, 3.413671], [-76.560178, 3.41368], [-76.560161, 3.413683], [-76.560132, 3.413679], [-76.560103, 3.413656], [-76.560078, 3.41364], [-76.56004, 3.413613], [-76.560019, 3.413593], [-76.559994, 3.413566], [-76.559967, 3.413551], [-76.559927, 3.413542], [-76.559875, 3.413537], [-76.559828, 3.413538], [-76.559775, 3.41355], [-76.559733, 3.413556], [-76.559684, 3.413573], [-76.55965, 3.413581], [-76.559529, 3.413631], [-76.559423, 3.413677], [-76.55917, 3.413773], [-76.559026, 3.413834], [-76.55898, 3.413849], [-76.558939, 3.413854], [-76.558902, 3.413855], [-76.558864, 3.413853], [-76.558827, 3.413849], [-76.558781, 3.413844], [-76.558728, 3.413839], [-76.558673, 3.413832], [-76.558636, 3.41383], [-76.558612, 3.413815], [-76.558588, 3.413772], [-76.558581, 3.413734], [-76.55857, 3.413694], [-76.558541, 3.41365], [-76.558499, 3.413589], [-76.558443, 3.413528], [-76.558365, 3.413432], [-76.55833, 3.413404], [-76.558262, 3.413313], [-76.558209, 3.413239], [-76.558173, 3.413204], [-76.558149, 3.413186], [-76.558129, 3.41317], [-76.558096, 3.413149], [-76.558076, 3.413139], [-76.55805, 3.413127], [-76.558012, 3.413132], [-76.557969, 3.41314], [-76.557946, 3.413142], [-76.557915, 3.41314], [-76.557849, 3.413141], [-76.557777, 3.413137], [-76.557727, 3.413137], [-76.557687, 3.413137], [-76.557659, 3.413144], [-76.557637, 3.413147], [-76.557614, 3.413163], [-76.557576, 3.413171], [-76.557529, 3.413177], [-76.557447, 3.413153], [-76.557372, 3.413118], [-76.557334, 3.413101], [-76.557281, 3.413069], [-76.557241, 3.413039], [-76.557217, 3.413006], [-76.557207, 3.412957], [-76.557195, 3.412919], [-76.55719, 3.412862], [-76.557177, 3.412799], [-76.557163, 3.412764], [-76.557111, 3.412707], [-76.557001, 3.412577], [-76.556974, 3.412545], [-76.55687, 3.412419], [-76.556863, 3.41241], [-76.556858, 3.412401], [-76.556824, 3.41234], [-76.556799, 3.412294], [-76.556793, 3.412283], [-76.556753, 3.412208], [-76.556746, 3.412195], [-76.556702, 3.412069], [-76.556689, 3.412029], [-76.556686, 3.412007], [-76.556675, 3.411978], [-76.556659, 3.41196], [-76.55663, 3.411941], [-76.556614, 3.411933], [-76.556586, 3.411933], [-76.556563, 3.411941], [-76.556538, 3.41196], [-76.556504, 3.412], [-76.556481, 3.412062], [-76.556449, 3.412152], [-76.556404, 3.412254], [-76.556382, 3.412282], [-76.556352, 3.412303], [-76.556307, 3.412309], [-76.556259, 3.412308], [-76.556209, 3.412294], [-76.556146, 3.412265], [-76.556108, 3.412227], [-76.55609, 3.412203], [-76.55607, 3.412186], [-76.556046, 3.412169], [-76.556032, 3.412166], [-76.55599, 3.412145], [-76.555962, 3.412131], [-76.555937, 3.412108], [-76.555917, 3.412082], [-76.555898, 3.412025], [-76.55587, 3.411976], [-76.555835, 3.411936], [-76.555783, 3.411905], [-76.555753, 3.411894], [-76.555708, 3.411881], [-76.555642, 3.411877], [-76.555642, 3.411985], [-76.555642, 3.412253], [-76.555646, 3.412319], [-76.555652, 3.412702], [-76.555595, 3.413131], [-76.555469, 3.413613], [-76.555437, 3.413705], [-76.555338, 3.414033], [-76.555175, 3.414603], [-76.55498, 3.41524], [-76.554912, 3.41544], [-76.55482, 3.415787], [-76.554751, 3.416114], [-76.554653, 3.416577], [-76.554537, 3.417127], [-76.554533, 3.417145], [-76.554529, 3.417163], [-76.554526, 3.41718], [-76.554522, 3.417198], [-76.554518, 3.417216], [-76.554514, 3.417233], [-76.55451, 3.417251], [-76.554509, 3.417257], [-76.554506, 3.417269], [-76.554502, 3.417286], [-76.554497, 3.417304], [-76.554493, 3.417321], [-76.554489, 3.417339], [-76.554484, 3.417356], [-76.55448, 3.417374], [-76.554475, 3.417391], [-76.55447, 3.417409], [-76.554466, 3.417426], [-76.554461, 3.417444], [-76.554456, 3.417461], [-76.554451, 3.417478], [-76.554446, 3.417496], [-76.554441, 3.417513], [-76.554436, 3.41753], [-76.55443, 3.417548], [-76.554425, 3.417565], [-76.55442, 3.417582], [-76.554414, 3.4176], [-76.554409, 3.417617], [-76.554403, 3.417634], [-76.554398, 3.417651], [-76.554392, 3.417668], [-76.554386, 3.417685], [-76.55438, 3.417702], [-76.554374, 3.41772], [-76.554368, 3.417737], [-76.554362, 3.417754], [-76.554356, 3.417771], [-76.55435, 3.417788], [-76.554344, 3.417805], [-76.554337, 3.417822], [-76.554331, 3.417838], [-76.554325, 3.417855], [-76.554318, 3.417872], [-76.554311, 3.417889], [-76.554305, 3.417906], [-76.554298, 3.417923], [-76.554291, 3.417939], [-76.554284, 3.417956], [-76.554277, 3.417973], [-76.55427, 3.417989], [-76.554263, 3.418006], [-76.554256, 3.418023], [-76.554249, 3.418039], [-76.554242, 3.418056], [-76.554234, 3.418072], [-76.554227, 3.418089], [-76.55422, 3.418105], [-76.554212, 3.418122], [-76.554204, 3.418138], [-76.554197, 3.418154], [-76.554189, 3.418171], [-76.554181, 3.418187], [-76.554173, 3.418203], [-76.554165, 3.41822], [-76.554158, 3.418236], [-76.554149, 3.418252], [-76.554141, 3.418268], [-76.554133, 3.418284], [-76.554125, 3.4183], [-76.554117, 3.418316], [-76.554108, 3.418332], [-76.5541, 3.418348], [-76.554089, 3.418369], [-76.55379, 3.419003], [-76.553556, 3.419528], [-76.553333, 3.420027], [-76.55322, 3.420623], [-76.553138, 3.421239], [-76.553083, 3.421667], [-76.552973, 3.422707], [-76.552845, 3.423765], [-76.552821, 3.423928], [-76.552822, 3.423945], [-76.552819, 3.423954], [-76.552816, 3.423962], [-76.552813, 3.423971], [-76.55281, 3.423979], [-76.552807, 3.423988], [-76.552804, 3.423996], [-76.552801, 3.424005], [-76.552797, 3.424013], [-76.552794, 3.424022], [-76.552791, 3.42403], [-76.552788, 3.424039], [-76.552785, 3.424047], [-76.552782, 3.424056], [-76.552778, 3.424064], [-76.552775, 3.424073], [-76.552772, 3.424081], [-76.552769, 3.424089], [-76.552765, 3.424098], [-76.552762, 3.424106], [-76.552759, 3.424115], [-76.552756, 3.424123], [-76.552752, 3.424132], [-76.552749, 3.42414], [-76.552746, 3.424148], [-76.552742, 3.424157], [-76.552739, 3.424165], [-76.552735, 3.424173], [-76.552732, 3.424182], [-76.552728, 3.42419], [-76.552725, 3.424198], [-76.552721, 3.424207], [-76.552718, 3.424215], [-76.552714, 3.424223], [-76.552711, 3.424232], [-76.552707, 3.42424], [-76.552704, 3.424248], [-76.5527, 3.424257], [-76.552696, 3.424265], [-76.552693, 3.424273], [-76.552689, 3.424281], [-76.552685, 3.42429], [-76.552682, 3.424298], [-76.552678, 3.424306], [-76.552674, 3.424314], [-76.552673, 3.424318], [-76.552671, 3.424323], [-76.552667, 3.424331], [-76.552663, 3.424339], [-76.552659, 3.424347], [-76.552656, 3.424355], [-76.552652, 3.424364], [-76.552647, 3.424374], [-76.552552, 3.424549], [-76.552454, 3.424716], [-76.552429, 3.424791], [-76.552357, 3.424981], [-76.552303, 3.425143], [-76.55224, 3.425415], [-76.552237, 3.425429], [-76.552236, 3.425438], [-76.552234, 3.425447], [-76.552232, 3.425455], [-76.552231, 3.425464], [-76.552229, 3.425473], [-76.552227, 3.425482], [-76.552225, 3.425491], [-76.552223, 3.4255], [-76.552221, 3.425508], [-76.552218, 3.425517], [-76.552216, 3.425526], [-76.552214, 3.425535], [-76.552212, 3.425543], [-76.552209, 3.425552], [-76.552207, 3.425561], [-76.552204, 3.42557], [-76.552202, 3.425578], [-76.552199, 3.425587], [-76.552196, 3.425595], [-76.552193, 3.425604], [-76.552191, 3.425613], [-76.552188, 3.425621], [-76.552185, 3.42563], [-76.552182, 3.425638], [-76.552179, 3.425647], [-76.552176, 3.425655], [-76.552172, 3.425664], [-76.552169, 3.425672], [-76.552166, 3.425681], [-76.552162, 3.425689], [-76.552159, 3.425697], [-76.552155, 3.425706], [-76.552152, 3.425714], [-76.552148, 3.425722], [-76.552145, 3.42573], [-76.552141, 3.42574], [-76.552132, 3.425767], [-76.552114, 3.425813], [-76.552087, 3.425858], [-76.552069, 3.425894], [-76.552033, 3.425939], [-76.552024, 3.425948], [-76.551997, 3.425975], [-76.551907, 3.426048], [-76.551565, 3.426355], [-76.551394, 3.426518], [-76.551349, 3.426563], [-76.551277, 3.426635], [-76.551214, 3.426726], [-76.550962, 3.426961], [-76.550926, 3.426997], [-76.550895, 3.427015], [-76.550773, 3.427053], [-76.550764, 3.427055], [-76.550755, 3.427056], [-76.550746, 3.427057], [-76.550737, 3.427058], [-76.550728, 3.427059], [-76.550719, 3.42706], [-76.550711, 3.427061], [-76.550702, 3.427062], [-76.550693, 3.427063], [-76.550684, 3.427064], [-76.550675, 3.427065], [-76.550666, 3.427066], [-76.550657, 3.427066], [-76.550648, 3.427067], [-76.550639, 3.427068], [-76.55063, 3.427068], [-76.550621, 3.427069], [-76.550612, 3.427069], [-76.550603, 3.42707], [-76.550594, 3.42707], [-76.550585, 3.42707], [-76.550576, 3.427071], [-76.550567, 3.427071], [-76.550558, 3.427071], [-76.550549, 3.42707], [-76.55054, 3.42707], [-76.550531, 3.42707], [-76.550522, 3.42707], [-76.550513, 3.427069], [-76.550504, 3.427069], [-76.550495, 3.427068], [-76.550486, 3.427067], [-76.550477, 3.427066], [-76.550468, 3.427065], [-76.550459, 3.427065], [-76.55045, 3.427064], [-76.550441, 3.427064], [-76.550432, 3.427064], [-76.550423, 3.427064], [-76.550414, 3.427064], [-76.550405, 3.427065], [-76.550396, 3.427065], [-76.550387, 3.427066], [-76.550378, 3.427067], [-76.550369, 3.427068], [-76.55036, 3.427069], [-76.550352, 3.427071], [-76.550343, 3.427072], [-76.550334, 3.427074], [-76.550325, 3.427076], [-76.550316, 3.427077], [-76.550307, 3.427079], [-76.550298, 3.42708], [-76.550289, 3.427081], [-76.550282, 3.427086], [-76.550278, 3.427094], [-76.550278, 3.427103], [-76.550279, 3.427112], [-76.55028, 3.427121], [-76.550284, 3.427138], [-76.55036, 3.42753], [-76.550365, 3.427554], [-76.550367, 3.427563], [-76.550369, 3.427571], [-76.55037, 3.42758], [-76.550372, 3.427589], [-76.550374, 3.427598], [-76.550376, 3.427607], [-76.550378, 3.427616], [-76.550379, 3.427625], [-76.550381, 3.427633], [-76.550383, 3.427642], [-76.550385, 3.427651], [-76.550387, 3.42766], [-76.550388, 3.427669], [-76.55039, 3.427678], [-76.550392, 3.427687], [-76.550394, 3.427695], [-76.550396, 3.427704], [-76.550397, 3.427713], [-76.550399, 3.427722], [-76.550401, 3.427731], [-76.550403, 3.42774], [-76.550405, 3.427749], [-76.550406, 3.427757], [-76.550408, 3.427766], [-76.55041, 3.427775], [-76.550412, 3.427784], [-76.550414, 3.427793], [-76.550415, 3.427802], [-76.550417, 3.427811], [-76.550419, 3.42782], [-76.550421, 3.427828], [-76.550423, 3.427837], [-76.550424, 3.427846], [-76.550426, 3.427855], [-76.550428, 3.427864], [-76.550431, 3.427881], [-76.550431, 3.42789], [-76.550431, 3.427899], [-76.550431, 3.427908], [-76.550432, 3.427917], [-76.550433, 3.427926], [-76.550434, 3.427935], [-76.550438, 3.42795], [-76.550446, 3.427951], [-76.550455, 3.427952], [-76.550464, 3.427953], [-76.550473, 3.427954], [-76.550482, 3.427955], [-76.550491, 3.427956], [-76.5505, 3.427957], [-76.550509, 3.427958], [-76.550518, 3.427959], [-76.550527, 3.42796], [-76.550536, 3.427961], [-76.550545, 3.427963], [-76.550554, 3.427964], [-76.550563, 3.427965], [-76.550572, 3.427966], [-76.550581, 3.427967], [-76.550589, 3.427968], [-76.550598, 3.42797], [-76.550607, 3.427971], [-76.550616, 3.427972], [-76.550625, 3.427973], [-76.550634, 3.427975], [-76.550643, 3.427976], [-76.550652, 3.427977], [-76.550661, 3.427979], [-76.55067, 3.42798], [-76.550679, 3.427981], [-76.550687, 3.427983], [-76.550696, 3.427984], [-76.550705, 3.427985], [-76.550714, 3.427987], [-76.550726, 3.427989], [-76.551036, 3.428051], [-76.551045, 3.428053], [-76.551053, 3.428056], [-76.551062, 3.42806], [-76.55107, 3.428063], [-76.551079, 3.428066], [-76.551087, 3.428069], [-76.551095, 3.428073], [-76.551104, 3.428076], [-76.551112, 3.42808], [-76.55112, 3.428084], [-76.551128, 3.428088], [-76.551136, 3.428092], [-76.551147, 3.428097], [-76.551155, 3.428101], [-76.551162, 3.428107], [-76.551169, 3.428112], [-76.551176, 3.428118], [-76.551182, 3.428125], [-76.551188, 3.428132], [-76.551198, 3.428146], [-76.551202, 3.428154], [-76.551206, 3.428162], [-76.551209, 3.428171], [-76.551211, 3.42818], [-76.551212, 3.428189], [-76.551211, 3.428198], [-76.55121, 3.428207], [-76.551208, 3.428215], [-76.551204, 3.428228], [-76.551199, 3.428236], [-76.551195, 3.428244], [-76.55119, 3.428251], [-76.551186, 3.428259], [-76.551181, 3.428267], [-76.551177, 3.428275], [-76.551173, 3.428283], [-76.551169, 3.428291], [-76.551165, 3.428299], [-76.551161, 3.428308], [-76.551157, 3.428316], [-76.551153, 3.428324], [-76.551148, 3.428335], [-76.551145, 3.428343], [-76.551142, 3.428351], [-76.551139, 3.42836], [-76.551136, 3.428368], [-76.551134, 3.428377], [-76.551131, 3.428386], [-76.551129, 3.428395], [-76.551128, 3.428404], [-76.551126, 3.428413], [-76.551125, 3.428422], [-76.551124, 3.428431], [-76.551124, 3.42844], [-76.551123, 3.428449], [-76.551123, 3.428458], [-76.551124, 3.428467], [-76.551124, 3.428476], [-76.551125, 3.428489], [-76.551125, 3.428498], [-76.551125, 3.428507], [-76.551125, 3.428516], [-76.551125, 3.428525], [-76.551125, 3.428534], [-76.551125, 3.428543], [-76.551126, 3.428552], [-76.551126, 3.428561], [-76.551126, 3.42857], [-76.551126, 3.428579], [-76.551127, 3.428588], [-76.551127, 3.428597], [-76.551128, 3.428606], [-76.551128, 3.428615], [-76.551129, 3.428624], [-76.551129, 3.428633], [-76.55113, 3.428642], [-76.551131, 3.428651], [-76.551132, 3.428662], [-76.551131, 3.428671], [-76.551131, 3.42868], [-76.551132, 3.428689], [-76.551134, 3.428697], [-76.551138, 3.428706], [-76.551142, 3.428714], [-76.551147, 3.428721], [-76.551152, 3.428728], [-76.551162, 3.428737], [-76.551142, 3.428969], [-76.551862, 3.429316], [-76.551884, 3.429327], [-76.552267, 3.429511], [-76.552277, 3.429497], [-76.552279, 3.42948], [-76.552281, 3.429471], [-76.552282, 3.429462], [-76.552283, 3.429453], [-76.552285, 3.429444], [-76.552288, 3.429429], [-76.552291, 3.42942], [-76.552295, 3.429412], [-76.552298, 3.429403], [-76.552304, 3.429393], [-76.552308, 3.429385], [-76.552313, 3.429377], [-76.552318, 3.42937], [-76.552327, 3.429357], [-76.552333, 3.42935], [-76.552339, 3.429344], [-76.552345, 3.429337], [-76.552353, 3.429328], [-76.552359, 3.429321], [-76.552365, 3.429315], [-76.552372, 3.429309], [-76.552379, 3.429303], [-76.552388, 3.429294], [-76.552394, 3.429288], [-76.552401, 3.429282], [-76.552407, 3.429276], [-76.552414, 3.429269], [-76.552421, 3.429263], [-76.552427, 3.429257], [-76.552437, 3.429251], [-76.552447, 3.429242], [-76.552455, 3.429237], [-76.552463, 3.429233], [-76.552474, 3.42923], [-76.552483, 3.429228], [-76.552492, 3.429226], [-76.552502, 3.429225], [-76.552511, 3.429225], [-76.55252, 3.429226], [-76.552529, 3.429227], [-76.552542, 3.429229], [-76.55255, 3.429231], [-76.552559, 3.429233], [-76.552569, 3.429236], [-76.552578, 3.429238], [-76.552587, 3.429238], [-76.552604, 3.429237], [-76.552612, 3.429232], [-76.552621, 3.429219], [-76.552621, 3.42921], [-76.55262, 3.429195], [-76.552619, 3.429186], [-76.552617, 3.429178], [-76.552614, 3.429169], [-76.55261, 3.429159], [-76.552607, 3.42915], [-76.552603, 3.429142], [-76.5526, 3.429134], [-76.552597, 3.429125], [-76.552594, 3.429117], [-76.552588, 3.429102], [-76.552587, 3.429093], [-76.552586, 3.429084], [-76.552587, 3.429072], [-76.552589, 3.429063], [-76.55259, 3.429054], [-76.552593, 3.429043], [-76.552596, 3.429034], [-76.552599, 3.429025], [-76.552602, 3.429017], [-76.552606, 3.429007], [-76.552609, 3.428998], [-76.552612, 3.42899], [-76.552616, 3.428981], [-76.552619, 3.428973], [-76.552625, 3.428956], [-76.552629, 3.428943], [-76.55263, 3.428934], [-76.55263, 3.428925], [-76.552629, 3.428912], [-76.552627, 3.428903], [-76.552625, 3.428894], [-76.552623, 3.428885], [-76.55262, 3.428877], [-76.552617, 3.428868], [-76.552613, 3.428852], [-76.55261, 3.428844], [-76.552607, 3.428835], [-76.552604, 3.428824], [-76.552602, 3.428816], [-76.5526, 3.428807], [-76.552597, 3.428798], [-76.552595, 3.428789], [-76.552593, 3.428781], [-76.552591, 3.428772], [-76.552589, 3.428763], [-76.552587, 3.428754], [-76.552585, 3.428742], [-76.552583, 3.428733], [-76.552581, 3.428724], [-76.552578, 3.428715], [-76.552576, 3.428707], [-76.552573, 3.428698], [-76.552571, 3.428689], [-76.552568, 3.42868], [-76.552566, 3.428672], [-76.552563, 3.428663], [-76.552559, 3.428654], [-76.552556, 3.428646], [-76.552552, 3.428637], [-76.552548, 3.428629], [-76.552545, 3.428621], [-76.55254, 3.428611], [-76.552536, 3.428603], [-76.552533, 3.428594], [-76.55253, 3.428586], [-76.552521, 3.428555], [-76.552515, 3.428534], [-76.552518, 3.428521], [-76.552524, 3.42852], [-76.552529, 3.428524], [-76.552537, 3.428529], [-76.552547, 3.42853], [-76.552555, 3.428524], [-76.552554, 3.428508], [-76.552546, 3.428486], [-76.552536, 3.428472], [-76.553688, 3.429014], [-76.553697, 3.429013], [-76.553706, 3.429011], [-76.553716, 3.429007], [-76.553725, 3.429004], [-76.553733, 3.429001], [-76.553742, 3.428999], [-76.55375, 3.428996], [-76.553759, 3.428993], [-76.553768, 3.428991], [-76.553778, 3.428989], [-76.553787, 3.428988], [-76.553796, 3.428986], [-76.553805, 3.428985], [-76.553813, 3.428984], [-76.553822, 3.428982], [-76.553836, 3.42898], [-76.553845, 3.428978], [-76.553854, 3.428977], [-76.553863, 3.428976], [-76.553872, 3.428975], [-76.553881, 3.428974], [-76.553895, 3.428973], [-76.553904, 3.428972], [-76.553913, 3.428971], [-76.553922, 3.42897], [-76.55393, 3.42897], [-76.553944, 3.428969], [-76.553953, 3.428968], [-76.553962, 3.428967], [-76.553976, 3.428967], [-76.553985, 3.428967], [-76.554001, 3.42897], [-76.55401, 3.428971], [-76.55402, 3.428974], [-76.554029, 3.428974], [-76.554038, 3.428974], [-76.554054, 3.428974], [-76.554063, 3.428974], [-76.554072, 3.428974], [-76.554081, 3.428973], [-76.554092, 3.428972], [-76.554101, 3.428972], [-76.554115, 3.42897], [-76.554129, 3.428962], [-76.554135, 3.428956], [-76.554141, 3.428949], [-76.554148, 3.428937], [-76.554153, 3.42893], [-76.554157, 3.428922], [-76.554161, 3.428912], [-76.554163, 3.428903], [-76.554165, 3.428894], [-76.554168, 3.428886], [-76.554172, 3.428874], [-76.554174, 3.428865], [-76.554177, 3.428857], [-76.554179, 3.428848], [-76.554181, 3.428839], [-76.554182, 3.428829], [-76.554184, 3.42882], [-76.554186, 3.428811], [-76.554187, 3.428799], [-76.55419, 3.42879], [-76.554192, 3.428781], [-76.554198, 3.428765], [-76.5542, 3.428757], [-76.554207, 3.428742], [-76.554211, 3.428734], [-76.554216, 3.428726], [-76.554221, 3.428719], [-76.554228, 3.428712], [-76.554235, 3.428706], [-76.55424, 3.428694], [-76.554239, 3.428685], [-76.554238, 3.428676], [-76.554237, 3.428667], [-76.554238, 3.428658], [-76.554239, 3.428647], [-76.55424, 3.428639], [-76.554243, 3.42863], [-76.55425, 3.428617], [-76.554256, 3.42861], [-76.554263, 3.428598], [-76.55427, 3.428592], [-76.55428, 3.428579], [-76.554286, 3.428573], [-76.554292, 3.428566], [-76.554299, 3.428556], [-76.554304, 3.428549], [-76.554312, 3.42854], [-76.554318, 3.428525], [-76.55432, 3.428516], [-76.554322, 3.428507], [-76.554323, 3.428498], [-76.554325, 3.428481], [-76.554327, 3.428472], [-76.554328, 3.428464], [-76.55433, 3.428455], [-76.554331, 3.428446], [-76.554334, 3.428429], [-76.554336, 3.42842], [-76.554338, 3.428412], [-76.55434, 3.428403], [-76.554341, 3.428394], [-76.554344, 3.428382], [-76.554346, 3.428373], [-76.554348, 3.428364], [-76.55435, 3.428355], [-76.554351, 3.428346], [-76.554363, 3.428337], [-76.553841, 3.427794], [-76.554156, 3.427115], [-76.554323, 3.42712], [-76.55452, 3.42714], [-76.554705, 3.427156], [-76.554966, 3.427205], [-76.555101, 3.428517], [-76.555068, 3.428589], [-76.555069, 3.428615], [-76.555073, 3.428722], [-76.555072, 3.428775], [-76.555072, 3.428787], [-76.555071, 3.428808], [-76.555083, 3.428882], [-76.555107, 3.428964], [-76.555123, 3.429026], [-76.555123, 3.429028], [-76.555117, 3.429081], [-76.555096, 3.429117], [-76.555033, 3.429191], [-76.554991, 3.429221], [-76.554957, 3.429246], [-76.554862, 3.429309], [-76.554846, 3.42933], [-76.554805, 3.429384], [-76.554782, 3.42944], [-76.554768, 3.429519], [-76.554784, 3.429638], [-76.554807, 3.4297], [-76.554841, 3.429753], [-76.554881, 3.429814], [-76.554899, 3.429857], [-76.554905, 3.42991], [-76.554906, 3.429928], [-76.554908, 3.429944], [-76.554925, 3.429993], [-76.554942, 3.430015], [-76.554991, 3.430083], [-76.555037, 3.430153], [-76.555081, 3.430224], [-76.555123, 3.430297], [-76.555162, 3.430372], [-76.555186, 3.430419], [-76.555199, 3.430447], [-76.555199, 3.430447], [-76.555233, 3.430524], [-76.555259, 3.430588], [-76.555264, 3.430602], [-76.555293, 3.430681], [-76.555319, 3.430761], [-76.555342, 3.430842], [-76.555356, 3.430897], [-76.555363, 3.430923], [-76.55535, 3.430976], [-76.555335, 3.431029], [-76.555319, 3.431081], [-76.5553, 3.431133], [-76.55529, 3.43116], [-76.555282, 3.431179], [-76.55528, 3.431184], [-76.555259, 3.431234], [-76.555235, 3.431283], [-76.55523, 3.431294], [-76.555223, 3.431308], [-76.555206, 3.431344], [-76.555193, 3.43137], [-76.555179, 3.431398], [-76.55512, 3.431512], [-76.555059, 3.431624], [-76.55502, 3.43169], [-76.554994, 3.431735], [-76.554943, 3.431826], [-76.554938, 3.431837], [-76.55486, 3.431992], [-76.55485, 3.432012], [-76.554808, 3.432107], [-76.554796, 3.432138], [-76.554771, 3.432204], [-76.554753, 3.432251], [-76.554749, 3.432262], [-76.554711, 3.432359], [-76.554681, 3.432437], [-76.55465, 3.432519], [-76.554642, 3.43254], [-76.554623, 3.432588], [-76.554598, 3.432653], [-76.554547, 3.432785], [-76.554479, 3.432963], [-76.554351, 3.433295], [-76.554242, 3.433579], [-76.554235, 3.433597], [-76.554227, 3.433615], [-76.554219, 3.433633], [-76.55421, 3.43365], [-76.554201, 3.433667], [-76.554191, 3.433684], [-76.554181, 3.4337], [-76.55418, 3.433913], [-76.554179, 3.434022], [-76.554179, 3.434052], [-76.554179, 3.434221], [-76.554178, 3.434262], [-76.554178, 3.434455], [-76.554177, 3.434593], [-76.554161, 3.434596], [-76.554126, 3.434616], [-76.553837, 3.434725], [-76.553807, 3.43477], [-76.553816, 3.434787], [-76.553826, 3.4348], [-76.553834, 3.434816], [-76.553845, 3.434825], [-76.553859, 3.434829], [-76.553866, 3.434832], [-76.553869, 3.434838], [-76.553868, 3.434851], [-76.553868, 3.434866], [-76.55387, 3.434873], [-76.553879, 3.434881], [-76.553888, 3.434888], [-76.553898, 3.434894], [-76.553913, 3.434907], [-76.55391, 3.434912], [-76.553904, 3.434918], [-76.553892, 3.434931], [-76.553886, 3.434938], [-76.553877, 3.434954], [-76.553873, 3.434963], [-76.553872, 3.434978], [-76.553873, 3.434991], [-76.553873, 3.435003], [-76.553874, 3.435009], [-76.553884, 3.435029], [-76.553891, 3.435041], [-76.553901, 3.435053], [-76.553909, 3.435065], [-76.553915, 3.435074], [-76.553921, 3.435085], [-76.553923, 3.435095], [-76.553922, 3.435104], [-76.553922, 3.435113], [-76.553921, 3.435122], [-76.55392, 3.435138], [-76.553918, 3.435154], [-76.553918, 3.435161], [-76.553919, 3.43517], [-76.55392, 3.435178], [-76.553923, 3.435185], [-76.553923, 3.435185], [-76.553927, 3.435192], [-76.553928, 3.435196], [-76.553946, 3.435214], [-76.55396, 3.435219], [-76.553975, 3.43522], [-76.553997, 3.435219], [-76.554021, 3.435219], [-76.554063, 3.435211], [-76.554064, 3.435216], [-76.554047, 3.435253], [-76.554047, 3.435254], [-76.554047, 3.43526], [-76.554051, 3.43527], [-76.554062, 3.435274], [-76.554073, 3.435275], [-76.554088, 3.435276], [-76.554106, 3.435276], [-76.55411, 3.43528], [-76.55411, 3.435288], [-76.554105, 3.435301], [-76.554095, 3.435321], [-76.55409, 3.435337], [-76.55409, 3.435346], [-76.554092, 3.435355], [-76.554101, 3.435364], [-76.554108, 3.435369], [-76.554121, 3.435372], [-76.554139, 3.435371], [-76.554168, 3.435363], [-76.554183, 3.435355], [-76.554196, 3.435348], [-76.554213, 3.435343], [-76.55422, 3.435344], [-76.554258, 3.435361], [-76.554275, 3.435362], [-76.554291, 3.435361], [-76.55431, 3.435357], [-76.554326, 3.435354], [-76.554375, 3.435352], [-76.554395, 3.435353], [-76.554405, 3.435357], [-76.554426, 3.435359], [-76.554449, 3.435363], [-76.554468, 3.435363], [-76.554484, 3.43537], [-76.554496, 3.435374], [-76.554503, 3.435378], [-76.55453, 3.43539], [-76.554551, 3.4354], [-76.554558, 3.435402], [-76.554562, 3.435402], [-76.554577, 3.435398], [-76.554591, 3.435403], [-76.554593, 3.435408], [-76.554593, 3.435408], [-76.554596, 3.435418], [-76.554597, 3.435419], [-76.554601, 3.435423], [-76.554606, 3.435428], [-76.554617, 3.435436], [-76.554629, 3.435441], [-76.554635, 3.435445], [-76.554652, 3.435462], [-76.554665, 3.435483], [-76.554677, 3.4355], [-76.55469, 3.435514], [-76.554701, 3.435519], [-76.554714, 3.435524], [-76.554733, 3.435526], [-76.554749, 3.435525], [-76.554785, 3.435527], [-76.554801, 3.435527], [-76.554823, 3.435523], [-76.554843, 3.435515], [-76.554856, 3.435513], [-76.554884, 3.435512], [-76.554918, 3.435514], [-76.554937, 3.43551], [-76.554964, 3.435504], [-76.55498, 3.435496], [-76.554994, 3.435486], [-76.555012, 3.435482], [-76.555021, 3.435481], [-76.555036, 3.435468], [-76.555041, 3.43546], [-76.555048, 3.435452], [-76.555055, 3.435444], [-76.555063, 3.435448], [-76.555069, 3.43546], [-76.555076, 3.435476], [-76.555095, 3.435493], [-76.555122, 3.435502], [-76.555124, 3.435503], [-76.555145, 3.435509], [-76.555153, 3.435512], [-76.555161, 3.435516], [-76.555166, 3.43552], [-76.555161, 3.435526], [-76.555145, 3.435536], [-76.555115, 3.435549], [-76.555115, 3.435549], [-76.555083, 3.43556], [-76.555062, 3.43557], [-76.555046, 3.43558], [-76.555027, 3.435602], [-76.555019, 3.435615], [-76.555016, 3.435621], [-76.555007, 3.435644], [-76.554994, 3.435662], [-76.554974, 3.435677], [-76.554945, 3.435678], [-76.554929, 3.435678], [-76.554908, 3.435685], [-76.554886, 3.435703], [-76.554867, 3.435718], [-76.554864, 3.43572], [-76.554839, 3.435736], [-76.554804, 3.435774], [-76.554781, 3.435794], [-76.554751, 3.435819], [-76.55473, 3.435836], [-76.55473, 3.435836], [-76.554729, 3.435836], [-76.554724, 3.43584], [-76.554711, 3.435851], [-76.5547, 3.435859], [-76.554687, 3.435867], [-76.554679, 3.435873], [-76.554659, 3.435884], [-76.55463, 3.435895], [-76.554606, 3.435899], [-76.554578, 3.435903], [-76.554557, 3.435902], [-76.554541, 3.435902], [-76.554526, 3.435901], [-76.554503, 3.43591], [-76.554489, 3.435917], [-76.554466, 3.435932], [-76.554448, 3.435957], [-76.554437, 3.435979], [-76.554429, 3.436], [-76.554427, 3.436023], [-76.554428, 3.436041], [-76.554423, 3.436054], [-76.554404, 3.43606], [-76.554373, 3.436072], [-76.554356, 3.436089], [-76.554346, 3.436105], [-76.554341, 3.436117], [-76.554336, 3.436129], [-76.554326, 3.43613], [-76.554309, 3.436122], [-76.554288, 3.436104], [-76.554282, 3.436101], [-76.554264, 3.43609], [-76.554237, 3.436071], [-76.554221, 3.436065], [-76.554203, 3.436064], [-76.554181, 3.436064], [-76.554159, 3.436078], [-76.554144, 3.436104], [-76.554137, 3.43613], [-76.554135, 3.436157], [-76.554133, 3.43618], [-76.554133, 3.436209], [-76.554134, 3.436229], [-76.554139, 3.436255], [-76.554144, 3.436277], [-76.554151, 3.4363], [-76.554159, 3.436321], [-76.554163, 3.436341], [-76.554153, 3.436354], [-76.554125, 3.436348], [-76.554107, 3.436342], [-76.55409, 3.436335], [-76.554078, 3.436327], [-76.554058, 3.436312], [-76.554039, 3.436303], [-76.55401, 3.436299], [-76.55399, 3.436296], [-76.553971, 3.436293], [-76.553955, 3.436292], [-76.553926, 3.436291], [-76.553902, 3.436288], [-76.553876, 3.436292], [-76.553853, 3.436304], [-76.553834, 3.436318], [-76.553822, 3.436332], [-76.553807, 3.436358], [-76.553798, 3.43638], [-76.553787, 3.436412], [-76.553776, 3.436432], [-76.55377, 3.436441], [-76.553757, 3.436456], [-76.553746, 3.436473], [-76.553736, 3.4365], [-76.55373, 3.436514], [-76.553717, 3.436538], [-76.553695, 3.436512], [-76.553685, 3.436493], [-76.553674, 3.436478], [-76.553653, 3.436461], [-76.553625, 3.436447], [-76.553602, 3.436445], [-76.55358, 3.436447], [-76.553553, 3.43645], [-76.553531, 3.43645], [-76.5535, 3.436454], [-76.55347, 3.436461], [-76.553444, 3.436473], [-76.553415, 3.436493], [-76.553402, 3.436508], [-76.553379, 3.436525], [-76.553362, 3.436527], [-76.553337, 3.436522], [-76.553311, 3.436515], [-76.553288, 3.436506], [-76.553272, 3.4365], [-76.55324, 3.436494], [-76.553206, 3.436497], [-76.553179, 3.4365], [-76.553149, 3.436504], [-76.553123, 3.436507], [-76.553096, 3.436518], [-76.553072, 3.43653], [-76.553048, 3.436543], [-76.553035, 3.436553], [-76.553022, 3.436564], [-76.553011, 3.436573], [-76.552991, 3.436589], [-76.552947, 3.43662], [-76.552922, 3.436635], [-76.552895, 3.436647], [-76.552871, 3.436658], [-76.552843, 3.436664], [-76.552812, 3.436668], [-76.552765, 3.436672], [-76.552753, 3.436679], [-76.552728, 3.436693], [-76.552688, 3.436728], [-76.552663, 3.43675], [-76.552644, 3.43677], [-76.552615, 3.436805], [-76.552597, 3.436834], [-76.55259, 3.436851], [-76.552586, 3.436869], [-76.552577, 3.436891], [-76.552571, 3.436905], [-76.552563, 3.436928], [-76.552559, 3.436949], [-76.552553, 3.436974], [-76.552546, 3.437001], [-76.552539, 3.437013], [-76.552526, 3.437033], [-76.552504, 3.43706], [-76.552489, 3.437077], [-76.55247, 3.4371], [-76.552453, 3.437132], [-76.552448, 3.437152], [-76.552448, 3.437171], [-76.552452, 3.437191], [-76.55246, 3.437204], [-76.552465, 3.437211], [-76.552472, 3.437218], [-76.552476, 3.437223], [-76.552474, 3.437229], [-76.552466, 3.437234], [-76.552457, 3.437236], [-76.552446, 3.437238], [-76.552443, 3.437239], [-76.552437, 3.43724], [-76.552428, 3.437244], [-76.552407, 3.437252], [-76.552375, 3.437271], [-76.552356, 3.437287], [-76.552344, 3.437308], [-76.55233, 3.437346], [-76.552325, 3.43736], [-76.552322, 3.437368], [-76.552315, 3.437371], [-76.55229, 3.437371], [-76.552265, 3.437374], [-76.552233, 3.437395], [-76.552211, 3.437432], [-76.5522, 3.437466], [-76.552184, 3.437492], [-76.552157, 3.43751], [-76.552132, 3.43753], [-76.552118, 3.437557], [-76.552106, 3.437584], [-76.552093, 3.437633], [-76.552092, 3.437639], [-76.552086, 3.437662], [-76.552073, 3.43766], [-76.552065, 3.437652], [-76.552051, 3.437627], [-76.552039, 3.437616], [-76.552019, 3.437614], [-76.552014, 3.437611], [-76.552011, 3.4376], [-76.552012, 3.437592], [-76.552008, 3.437568], [-76.551985, 3.437553], [-76.551963, 3.437549], [-76.551919, 3.437552], [-76.551881, 3.437566], [-76.551872, 3.437569], [-76.551845, 3.437583], [-76.551842, 3.43758], [-76.551841, 3.437574], [-76.551842, 3.437534], [-76.55184, 3.437499], [-76.55184, 3.437489], [-76.551808, 3.437462], [-76.551783, 3.437445], [-76.551759, 3.437429], [-76.551729, 3.437414], [-76.551686, 3.437401], [-76.551653, 3.437389], [-76.551626, 3.43738], [-76.551598, 3.437372], [-76.551588, 3.437354], [-76.551586, 3.437334], [-76.551585, 3.437298], [-76.551578, 3.437278], [-76.55154, 3.437247], [-76.551508, 3.437249], [-76.551484, 3.437253], [-76.551454, 3.43727], [-76.551448, 3.437276], [-76.551437, 3.437276], [-76.551421, 3.437224], [-76.551419, 3.437198], [-76.551404, 3.437186], [-76.551389, 3.437184], [-76.551372, 3.437181], [-76.551321, 3.437179], [-76.55126, 3.437186], [-76.55126, 3.437186], [-76.551174, 3.437213], [-76.551123, 3.437229], [-76.551071, 3.437235], [-76.551054, 3.437275], [-76.551027, 3.437268], [-76.550959, 3.437268], [-76.550912, 3.437288], [-76.55085, 3.437295], [-76.550791, 3.437295], [-76.550762, 3.437294], [-76.5507, 3.437294], [-76.550672, 3.437288], [-76.550664, 3.43729], [-76.550655, 3.437308], [-76.550618, 3.437311], [-76.550569, 3.437321], [-76.550513, 3.437362], [-76.550459, 3.437412], [-76.550405, 3.437463], [-76.550402, 3.437467], [-76.550374, 3.437498], [-76.550351, 3.437541], [-76.55035, 3.437562], [-76.550354, 3.437584], [-76.550366, 3.437595], [-76.55037, 3.437608], [-76.550363, 3.437615], [-76.550347, 3.437629], [-76.550327, 3.437646], [-76.550306, 3.437677], [-76.550302, 3.437701], [-76.5503, 3.437712], [-76.550297, 3.437725], [-76.55028, 3.437736], [-76.550255, 3.43779], [-76.550251, 3.437834], [-76.550265, 3.437897], [-76.55027, 3.437909], [-76.550266, 3.437933], [-76.550262, 3.437946], [-76.550255, 3.437964], [-76.550243, 3.437999], [-76.550232, 3.438058], [-76.550229, 3.43807], [-76.55023, 3.438133], [-76.550227, 3.438173], [-76.550218, 3.438222], [-76.550212, 3.438275], [-76.550212, 3.438318], [-76.550211, 3.438342], [-76.550211, 3.438355], [-76.550199, 3.438401], [-76.550179, 3.438453], [-76.550167, 3.438496], [-76.55016, 3.438526], [-76.550151, 3.438563], [-76.550145, 3.438632], [-76.550149, 3.438696], [-76.550144, 3.43874], [-76.550143, 3.438769], [-76.55015, 3.43881], [-76.550132, 3.438871], [-76.550129, 3.438883], [-76.55012, 3.438903], [-76.550113, 3.438917], [-76.550106, 3.438939], [-76.550103, 3.438971], [-76.550085, 3.438987], [-76.550074, 3.439006], [-76.550075, 3.439033], [-76.550084, 3.439051], [-76.550092, 3.439074], [-76.550093, 3.439079], [-76.55011, 3.439135], [-76.550111, 3.43916], [-76.550105, 3.439194], [-76.550097, 3.439238], [-76.550111, 3.439284], [-76.550119, 3.439352], [-76.550129, 3.439379], [-76.550134, 3.439395], [-76.550148, 3.439415], [-76.550159, 3.43943], [-76.550164, 3.439452], [-76.550186, 3.439517], [-76.550186, 3.439583], [-76.550187, 3.439639], [-76.550194, 3.439694], [-76.55021, 3.43974], [-76.550221, 3.439756], [-76.550265, 3.439787], [-76.550311, 3.439801], [-76.55037, 3.439798], [-76.550398, 3.439789], [-76.550412, 3.439776], [-76.550426, 3.439758], [-76.550431, 3.439734], [-76.550453, 3.439682], [-76.550454, 3.439636], [-76.550456, 3.439569], [-76.550457, 3.439547], [-76.550465, 3.439516], [-76.550469, 3.439504], [-76.550473, 3.43949], [-76.55048, 3.439475], [-76.550485, 3.439449], [-76.55049, 3.439425], [-76.550504, 3.439389], [-76.550508, 3.439379], [-76.550518, 3.439348], [-76.550544, 3.43927], [-76.550557, 3.439227], [-76.550563, 3.439188], [-76.550568, 3.439137], [-76.550576, 3.439098], [-76.550582, 3.439085], [-76.550589, 3.439085], [-76.550594, 3.439095], [-76.550598, 3.439114], [-76.550606, 3.439139], [-76.550622, 3.439161], [-76.550652, 3.439195], [-76.550683, 3.439236], [-76.550701, 3.439251], [-76.550707, 3.439259], [-76.550702, 3.439264], [-76.550674, 3.439281], [-76.550664, 3.439309], [-76.550652, 3.439338], [-76.550649, 3.439364], [-76.550652, 3.439379], [-76.550655, 3.439395], [-76.550657, 3.439411], [-76.550683, 3.439461], [-76.550703, 3.439493], [-76.550716, 3.439514], [-76.550739, 3.43954], [-76.550757, 3.439574], [-76.55079, 3.439612], [-76.550816, 3.439633], [-76.550818, 3.439637], [-76.550828, 3.439654], [-76.55084, 3.439685], [-76.550846, 3.439702], [-76.550873, 3.439736], [-76.550905, 3.43976], [-76.550936, 3.439778], [-76.550944, 3.43979], [-76.550944, 3.4398], [-76.550942, 3.439841], [-76.550944, 3.439852], [-76.550944, 3.439852], [-76.550944, 3.439852], [-76.550944, 3.439856], [-76.550947, 3.439866], [-76.55095, 3.439876], [-76.550991, 3.439879], [-76.551166, 3.439893], [-76.551168, 3.439898], [-76.551169, 3.439902], [-76.55117, 3.439905], [-76.551173, 3.439911], [-76.551174, 3.439916], [-76.551175, 3.439921], [-76.551176, 3.439926], [-76.551178, 3.43993], [-76.551179, 3.439935], [-76.55118, 3.43994], [-76.551181, 3.439945], [-76.551182, 3.43995], [-76.551184, 3.439955], [-76.551185, 3.43996], [-76.551187, 3.439966], [-76.551188, 3.43997], [-76.551189, 3.439975], [-76.551192, 3.439985], [-76.551193, 3.43999], [-76.551196, 3.439998], [-76.551197, 3.440003], [-76.551198, 3.440009], [-76.551201, 3.440017], [-76.551203, 3.440024], [-76.551204, 3.44003], [-76.551206, 3.440035], [-76.551208, 3.440041], [-76.55121, 3.440048], [-76.551211, 3.440052], [-76.551211, 3.440055], [-76.551211, 3.440057], [-76.551212, 3.440061], [-76.551212, 3.440065], [-76.551213, 3.440069], [-76.551213, 3.440073], [-76.551213, 3.440077], [-76.551213, 3.440082], [-76.551213, 3.440086], [-76.551213, 3.44009], [-76.551213, 3.440095], [-76.551213, 3.440101], [-76.551213, 3.440104], [-76.551213, 3.440111], [-76.551213, 3.440117], [-76.551212, 3.440123], [-76.551212, 3.440128], [-76.551211, 3.440134], [-76.55121, 3.44014], [-76.55121, 3.440146], [-76.551209, 3.440153], [-76.551209, 3.440154], [-76.551208, 3.440159], [-76.551208, 3.440163], [-76.551208, 3.440163], [-76.551207, 3.440166], [-76.551204, 3.440182], [-76.551202, 3.440197], [-76.551197, 3.440217], [-76.551197, 3.440232], [-76.551195, 3.440246], [-76.551195, 3.440247], [-76.551195, 3.440252], [-76.551194, 3.44026], [-76.551193, 3.440264], [-76.551193, 3.440268], [-76.551193, 3.440273], [-76.551192, 3.440278], [-76.551192, 3.440282], [-76.551191, 3.440287], [-76.551191, 3.440292], [-76.551191, 3.440297], [-76.551191, 3.440301], [-76.551191, 3.440305], [-76.551191, 3.440305], [-76.551191, 3.440311], [-76.55119, 3.440317], [-76.551189, 3.440325], [-76.551189, 3.440328], [-76.551189, 3.440334], [-76.551189, 3.440338], [-76.551189, 3.440342], [-76.551189, 3.440346], [-76.551189, 3.440349], [-76.551189, 3.440353], [-76.551189, 3.440356], [-76.551189, 3.440359], [-76.551189, 3.440363], [-76.551189, 3.440369], [-76.551189, 3.440372], [-76.551189, 3.440378], [-76.55119, 3.440382], [-76.55119, 3.440387], [-76.551191, 3.440394], [-76.551193, 3.4404], [-76.551194, 3.440404], [-76.551194, 3.440407], [-76.551195, 3.440414], [-76.551195, 3.440417], [-76.551196, 3.440421], [-76.551196, 3.440425], [-76.551197, 3.440429], [-76.551201, 3.440437], [-76.551205, 3.44044], [-76.55121, 3.440442], [-76.551213, 3.440441], [-76.551223, 3.44044], [-76.551253, 3.440425], [-76.551269, 3.440421], [-76.551303, 3.44041], [-76.551318, 3.440405], [-76.55134, 3.440399], [-76.55136, 3.440396], [-76.551379, 3.44039], [-76.551392, 3.440384], [-76.551408, 3.440373], [-76.551432, 3.440359], [-76.551456, 3.440361], [-76.551464, 3.440365], [-76.551476, 3.440375], [-76.551486, 3.440388], [-76.551493, 3.440402], [-76.551501, 3.440421], [-76.551514, 3.440428], [-76.551532, 3.440427], [-76.551548, 3.440419], [-76.551559, 3.440414], [-76.551571, 3.440411], [-76.551591, 3.44041], [-76.551606, 3.44041], [-76.551614, 3.440408], [-76.551619, 3.440408], [-76.551731, 3.440247], [-76.55177, 3.44019], [-76.551802, 3.440145], [-76.551906, 3.439995], [-76.551908, 3.439992], [-76.551912, 3.439986], [-76.551928, 3.439995], [-76.551977, 3.440022], [-76.552061, 3.440067], [-76.552105, 3.440106], [-76.552123, 3.440122], [-76.552153, 3.440148], [-76.552161, 3.440161], [-76.552177, 3.44019], [-76.55218, 3.440195], [-76.552209, 3.440247], [-76.55225, 3.440318], [-76.552263, 3.440351], [-76.552312, 3.44047], [-76.55242, 3.440734], [-76.552509, 3.440951], [-76.552554, 3.440935], [-76.552957, 3.440787], [-76.552982, 3.440776], [-76.552982, 3.440776], [-76.553023, 3.440759], [-76.553029, 3.44076], [-76.553087, 3.440768], [-76.553124, 3.44087], [-76.553199, 3.441007], [-76.553245, 3.441109], [-76.553278, 3.441168], [-76.553301, 3.441209], [-76.553337, 3.441291], [-76.553369, 3.441362], [-76.553408, 3.44142], [-76.553459, 3.441469], [-76.553529, 3.44152], [-76.553599, 3.441564], [-76.553672, 3.441605], [-76.553754, 3.441644], [-76.553829, 3.44168], [-76.55388, 3.441702], [-76.553952, 3.441722], [-76.554027, 3.441749], [-76.5541, 3.44179], [-76.554144, 3.441824], [-76.554211, 3.441873], [-76.554286, 3.441924], [-76.554374, 3.441992], [-76.554441, 3.442055], [-76.554485, 3.442106], [-76.554558, 3.442152], [-76.554645, 3.442206], [-76.554717, 3.442245], [-76.554792, 3.442291], [-76.554817, 3.442311], [-76.554875, 3.442359], [-76.55493, 3.4424], [-76.554981, 3.442447], [-76.555008, 3.442478], [-76.555039, 3.442517], [-76.555061, 3.442549], [-76.555076, 3.442588], [-76.55509, 3.442634], [-76.555097, 3.442685], [-76.555095, 3.442722], [-76.55509, 3.442763], [-76.555088, 3.442809], [-76.555076, 3.442865], [-76.555063, 3.442904], [-76.555049, 3.442945], [-76.555032, 3.442984], [-76.555013, 3.443023], [-76.554988, 3.443065], [-76.555016, 3.443105], [-76.555073, 3.443186], [-76.555122, 3.443254], [-76.555247, 3.44343], [-76.555305, 3.443511], [-76.555382, 3.443621], [-76.555654, 3.444003], [-76.555681, 3.444041], [-76.555797, 3.444204], [-76.555835, 3.444258], [-76.555957, 3.44443], [-76.556084, 3.444608], [-76.556166, 3.444723], [-76.556234, 3.444819], [-76.556256, 3.44485], [-76.556278, 3.444881], [-76.556353, 3.444987], [-76.556454, 3.445129], [-76.556538, 3.445246], [-76.55659, 3.445319], [-76.55662, 3.445361], [-76.556672, 3.445436], [-76.55675, 3.445545], [-76.556807, 3.445616], [-76.556815, 3.445627], [-76.556858, 3.445685], [-76.557006, 3.445636], [-76.557104, 3.445362], [-76.557263, 3.44537], [-76.557256, 3.44573], [-76.557255, 3.44578], [-76.557375, 3.445795], [-76.557375, 3.445796], [-76.557382, 3.445849], [-76.557396, 3.445958], [-76.557388, 3.446174], [-76.557386, 3.446176], [-76.557367, 3.446217], [-76.55746, 3.446216], [-76.557536, 3.446216], [-76.557583, 3.446217], [-76.557678, 3.44622], [-76.557782, 3.446224], [-76.558047, 3.446237], [-76.558238, 3.446244], [-76.558406, 3.44625], [-76.558533, 3.446251], [-76.558545, 3.44629], [-76.558566, 3.44639], [-76.558604, 3.446512], [-76.558606, 3.446742], [-76.558629, 3.446828], [-76.558637, 3.446906], [-76.55864, 3.446942], [-76.558641, 3.447053], [-76.558641, 3.447053], [-76.558641, 3.447059], [-76.558617, 3.447086], [-76.558599, 3.447105], [-76.558595, 3.447111], [-76.558595, 3.447111], [-76.558584, 3.447123], [-76.558568, 3.44714], [-76.558533, 3.447162], [-76.558453, 3.447212], [-76.558448, 3.447215], [-76.558434, 3.447224], [-76.558404, 3.447232], [-76.55838, 3.447239], [-76.558324, 3.447255], [-76.558274, 3.447269], [-76.558163, 3.4473], [-76.558163, 3.4473], [-76.55816, 3.447301], [-76.558149, 3.447304], [-76.558111, 3.447315], [-76.558038, 3.447335], [-76.557975, 3.447346], [-76.557848, 3.447367], [-76.557803, 3.447374], [-76.55778, 3.44738], [-76.557705, 3.447401], [-76.557642, 3.447418], [-76.557486, 3.447451], [-76.557431, 3.447462], [-76.557412, 3.447466], [-76.557387, 3.447472], [-76.557341, 3.447485], [-76.557266, 3.447506], [-76.557182, 3.44753], [-76.557165, 3.447535], [-76.557154, 3.44754], [-76.557113, 3.44756], [-76.557013, 3.447608], [-76.556918, 3.447665], [-76.5569, 3.447675], [-76.556874, 3.447691], [-76.55687, 3.447694], [-76.55687, 3.447694], [-76.556815, 3.447738], [-76.556728, 3.447807], [-76.556684, 3.447842], [-76.556669, 3.447854], [-76.556659, 3.447862], [-76.556658, 3.44786], [-76.556655, 3.447858], [-76.556559, 3.44777], [-76.556514, 3.447734], [-76.556397, 3.44768], [-76.556352, 3.447662], [-76.556334, 3.447662], [-76.556298, 3.447662], [-76.556253, 3.447662], [-76.556226, 3.447671], [-76.55619, 3.44768], [-76.556145, 3.447698], [-76.556082, 3.447725], [-76.556073, 3.447734], [-76.555965, 3.447806], [-76.555911, 3.447851], [-76.555812, 3.447951], [-76.555776, 3.447987], [-76.555731, 3.448014], [-76.555695, 3.448032], [-76.555659, 3.44805], [-76.555614, 3.448068], [-76.555605, 3.448068], [-76.555481, 3.448092]]]]}, "geometry_name": "the_geom", "properties": {"gid": 19, "id_comuna": 19, "nombre": "Comuna 19", "no_arboles": 27723, "area_m2": 1531856.269, "cobarb_ha": 153.186, "arb_habita": 0.245, "arb_eep": 0, "m2_eep": 0, "ha_eep": 0, "arb_eep_ro": 1138, "m2_eep_ron": 66687.518, "ha_eep_ron": 6.669, "arb_eec_ep": 1214, "m2_eec_ep": 71136.886, "ha_eec_ep": 7.114, "arb_eec_eq": 465, "m2_eec_eq": 29074.741, "ha_eec_eq": 2.907, "arb_muerto": 0, "arb_regula": 21894, "arbol_sano": 5558, "arbol_seco": 271}}, {"type": "Feature", "id": "emc_amb_sos_car_censo_arboreo_comuna.fid--215d4958_1a10e591eea_-c5", "geometry": {"type": "MultiPolygon", "coordinates": [[[[-76.551862, 3.429316], [-76.551142, 3.428969], [-76.551162, 3.428737], [-76.551152, 3.428728], [-76.551147, 3.428721], [-76.551142, 3.428714], [-76.551138, 3.428706], [-76.551134, 3.428697], [-76.551132, 3.428689], [-76.551131, 3.42868], [-76.551131, 3.428671], [-76.551132, 3.428662], [-76.551131, 3.428651], [-76.55113, 3.428642], [-76.551129, 3.428633], [-76.551129, 3.428624], [-76.551128, 3.428615], [-76.551128, 3.428606], [-76.551127, 3.428597], [-76.551127, 3.428588], [-76.551126, 3.428579], [-76.551126, 3.42857], [-76.551126, 3.428561], [-76.551126, 3.428552], [-76.551125, 3.428543], [-76.551125, 3.428534], [-76.551125, 3.428525], [-76.551125, 3.428516], [-76.551125, 3.428507], [-76.551125, 3.428498], [-76.551125, 3.428489], [-76.551124, 3.428476], [-76.551124, 3.428467], [-76.551123, 3.428458], [-76.551123, 3.428449], [-76.551124, 3.42844], [-76.551124, 3.428431], [-76.551125, 3.428422], [-76.551126, 3.428413], [-76.551128, 3.428404], [-76.551129, 3.428395], [-76.551131, 3.428386], [-76.551134, 3.428377], [-76.551136, 3.428368], [-76.551139, 3.42836], [-76.551142, 3.428351], [-76.551145, 3.428343], [-76.551148, 3.428335], [-76.551153, 3.428324], [-76.551157, 3.428316], [-76.551161, 3.428308], [-76.551165, 3.428299], [-76.551169, 3.428291], [-76.551173, 3.428283], [-76.551177, 3.428275], [-76.551181, 3.428267], [-76.551186, 3.428259], [-76.55119, 3.428251], [-76.551195, 3.428244], [-76.551199, 3.428236], [-76.551204, 3.428228], [-76.551208, 3.428215], [-76.55121, 3.428207], [-76.551211, 3.428198], [-76.551212, 3.428189], [-76.551211, 3.42818], [-76.551209, 3.428171], [-76.551206, 3.428162], [-76.551202, 3.428154], [-76.551198, 3.428146], [-76.551188, 3.428132], [-76.551182, 3.428125], [-76.551176, 3.428118], [-76.551169, 3.428112], [-76.551162, 3.428107], [-76.551155, 3.428101], [-76.551147, 3.428097], [-76.551136, 3.428092], [-76.551128, 3.428088], [-76.55112, 3.428084], [-76.551112, 3.42808], [-76.551104, 3.428076], [-76.551095, 3.428073], [-76.551087, 3.428069], [-76.551079, 3.428066], [-76.55107, 3.428063], [-76.551062, 3.42806], [-76.551053, 3.428056], [-76.551045, 3.428053], [-76.551036, 3.428051], [-76.550726, 3.427989], [-76.550714, 3.427987], [-76.550705, 3.427985], [-76.550696, 3.427984], [-76.550687, 3.427983], [-76.550679, 3.427981], [-76.55067, 3.42798], [-76.550661, 3.427979], [-76.550652, 3.427977], [-76.550643, 3.427976], [-76.550634, 3.427975], [-76.550625, 3.427973], [-76.550616, 3.427972], [-76.550607, 3.427971], [-76.550598, 3.42797], [-76.550589, 3.427968], [-76.550581, 3.427967], [-76.550572, 3.427966], [-76.550563, 3.427965], [-76.550554, 3.427964], [-76.550545, 3.427963], [-76.550536, 3.427961], [-76.550527, 3.42796], [-76.550518, 3.427959], [-76.550509, 3.427958], [-76.5505, 3.427957], [-76.550491, 3.427956], [-76.550482, 3.427955], [-76.550473, 3.427954], [-76.550464, 3.427953], [-76.550455, 3.427952], [-76.550446, 3.427951], [-76.550438, 3.42795], [-76.550434, 3.427935], [-76.550433, 3.427926], [-76.550432, 3.427917], [-76.550431, 3.427908], [-76.550431, 3.427899], [-76.550431, 3.42789], [-76.550431, 3.427881], [-76.550428, 3.427864], [-76.550426, 3.427855], [-76.550424, 3.427846], [-76.550423, 3.427837], [-76.550421, 3.427828], [-76.550419, 3.42782], [-76.550417, 3.427811], [-76.550415, 3.427802], [-76.550414, 3.427793], [-76.550412, 3.427784], [-76.55041, 3.427775], [-76.550408, 3.427766], [-76.550406, 3.427757], [-76.550405, 3.427749], [-76.550403, 3.42774], [-76.550401, 3.427731], [-76.550399, 3.427722], [-76.550397, 3.427713], [-76.550396, 3.427704], [-76.550394, 3.427695], [-76.550392, 3.427687], [-76.55039, 3.427678], [-76.550388, 3.427669], [-76.550387, 3.42766], [-76.550385, 3.427651], [-76.550383, 3.427642], [-76.550381, 3.427633], [-76.550379, 3.427625], [-76.550378, 3.427616], [-76.550376, 3.427607], [-76.550374, 3.427598], [-76.550372, 3.427589], [-76.55037, 3.42758], [-76.550369, 3.427571], [-76.550367, 3.427563], [-76.550365, 3.427554], [-76.55036, 3.42753], [-76.550284, 3.427138], [-76.55028, 3.427121], [-76.550279, 3.427112], [-76.550278, 3.427103], [-76.550278, 3.427094], [-76.550282, 3.427086], [-76.550289, 3.427081], [-76.550298, 3.42708], [-76.550307, 3.427079], [-76.550316, 3.427077], [-76.550325, 3.427076], [-76.550334, 3.427074], [-76.550343, 3.427072], [-76.550352, 3.427071], [-76.55036, 3.427069], [-76.550369, 3.427068], [-76.550378, 3.427067], [-76.550387, 3.427066], [-76.550396, 3.427065], [-76.550405, 3.427065], [-76.550414, 3.427064], [-76.550423, 3.427064], [-76.550432, 3.427064], [-76.550441, 3.427064], [-76.55045, 3.427064], [-76.550459, 3.427065], [-76.550468, 3.427065], [-76.550477, 3.427066], [-76.550486, 3.427067], [-76.550495, 3.427068], [-76.550504, 3.427069], [-76.550513, 3.427069], [-76.550522, 3.42707], [-76.550531, 3.42707], [-76.55054, 3.42707], [-76.550549, 3.42707], [-76.550558, 3.427071], [-76.550567, 3.427071], [-76.550576, 3.427071], [-76.550585, 3.42707], [-76.550594, 3.42707], [-76.550603, 3.42707], [-76.550612, 3.427069], [-76.550621, 3.427069], [-76.55063, 3.427068], [-76.550639, 3.427068], [-76.550648, 3.427067], [-76.550657, 3.427066], [-76.550666, 3.427066], [-76.550675, 3.427065], [-76.550684, 3.427064], [-76.550693, 3.427063], [-76.550702, 3.427062], [-76.550711, 3.427061], [-76.550719, 3.42706], [-76.550728, 3.427059], [-76.550737, 3.427058], [-76.550746, 3.427057], [-76.550755, 3.427056], [-76.550764, 3.427055], [-76.550773, 3.427053], [-76.550895, 3.427015], [-76.550926, 3.426997], [-76.550962, 3.426961], [-76.551214, 3.426726], [-76.551277, 3.426635], [-76.551349, 3.426563], [-76.551394, 3.426518], [-76.551565, 3.426355], [-76.551907, 3.426048], [-76.551997, 3.425975], [-76.552024, 3.425948], [-76.552033, 3.425939], [-76.552069, 3.425894], [-76.552087, 3.425858], [-76.552114, 3.425813], [-76.552132, 3.425767], [-76.552141, 3.42574], [-76.552145, 3.42573], [-76.552148, 3.425722], [-76.552152, 3.425714], [-76.552155, 3.425706], [-76.552159, 3.425697], [-76.552162, 3.425689], [-76.552166, 3.425681], [-76.552169, 3.425672], [-76.552172, 3.425664], [-76.552176, 3.425655], [-76.552179, 3.425647], [-76.552182, 3.425638], [-76.552185, 3.42563], [-76.552188, 3.425621], [-76.552191, 3.425613], [-76.552193, 3.425604], [-76.552196, 3.425595], [-76.552199, 3.425587], [-76.552202, 3.425578], [-76.552204, 3.42557], [-76.552207, 3.425561], [-76.552209, 3.425552], [-76.552212, 3.425543], [-76.552214, 3.425535], [-76.552216, 3.425526], [-76.552218, 3.425517], [-76.552221, 3.425508], [-76.552223, 3.4255], [-76.552225, 3.425491], [-76.552227, 3.425482], [-76.552229, 3.425473], [-76.552231, 3.425464], [-76.552232, 3.425455], [-76.552234, 3.425447], [-76.552236, 3.425438], [-76.552237, 3.425429], [-76.55224, 3.425415], [-76.552303, 3.425143], [-76.552357, 3.424981], [-76.552429, 3.424791], [-76.552454, 3.424716], [-76.552552, 3.424549], [-76.552647, 3.424374], [-76.552652, 3.424364], [-76.552656, 3.424355], [-76.552659, 3.424347], [-76.552663, 3.424339], [-76.552667, 3.424331], [-76.552671, 3.424323], [-76.552673, 3.424318], [-76.552674, 3.424314], [-76.552678, 3.424306], [-76.552682, 3.424298], [-76.552685, 3.42429], [-76.552689, 3.424281], [-76.552693, 3.424273], [-76.552696, 3.424265], [-76.5527, 3.424257], [-76.552704, 3.424248], [-76.552707, 3.42424], [-76.552711, 3.424232], [-76.552714, 3.424223], [-76.552718, 3.424215], [-76.552721, 3.424207], [-76.552725, 3.424198], [-76.552728, 3.42419], [-76.552732, 3.424182], [-76.552735, 3.424173], [-76.552739, 3.424165], [-76.552742, 3.424157], [-76.552746, 3.424148], [-76.552749, 3.42414], [-76.552752, 3.424132], [-76.552756, 3.424123], [-76.552759, 3.424115], [-76.552762, 3.424106], [-76.552765, 3.424098], [-76.552769, 3.424089], [-76.552772, 3.424081], [-76.552775, 3.424073], [-76.552778, 3.424064], [-76.552782, 3.424056], [-76.552785, 3.424047], [-76.552788, 3.424039], [-76.552791, 3.42403], [-76.552794, 3.424022], [-76.552797, 3.424013], [-76.552801, 3.424005], [-76.552804, 3.423996], [-76.552807, 3.423988], [-76.55281, 3.423979], [-76.552813, 3.423971], [-76.552816, 3.423962], [-76.552819, 3.423954], [-76.552822, 3.423945], [-76.552821, 3.423928], [-76.552845, 3.423765], [-76.552973, 3.422707], [-76.553083, 3.421667], [-76.553138, 3.421239], [-76.55322, 3.420623], [-76.553333, 3.420027], [-76.553556, 3.419528], [-76.55379, 3.419003], [-76.554089, 3.418369], [-76.5541, 3.418348], [-76.554108, 3.418332], [-76.554117, 3.418316], [-76.554125, 3.4183], [-76.554133, 3.418284], [-76.554141, 3.418268], [-76.554149, 3.418252], [-76.554158, 3.418236], [-76.554165, 3.41822], [-76.554173, 3.418203], [-76.554181, 3.418187], [-76.554189, 3.418171], [-76.554197, 3.418154], [-76.554204, 3.418138], [-76.554212, 3.418122], [-76.55422, 3.418105], [-76.554227, 3.418089], [-76.554234, 3.418072], [-76.554242, 3.418056], [-76.554249, 3.418039], [-76.554256, 3.418023], [-76.554263, 3.418006], [-76.55427, 3.417989], [-76.554277, 3.417973], [-76.554284, 3.417956], [-76.554291, 3.417939], [-76.554298, 3.417923], [-76.554305, 3.417906], [-76.554311, 3.417889], [-76.554318, 3.417872], [-76.554325, 3.417855], [-76.554331, 3.417838], [-76.554337, 3.417822], [-76.554344, 3.417805], [-76.55435, 3.417788], [-76.554356, 3.417771], [-76.554362, 3.417754], [-76.554368, 3.417737], [-76.554374, 3.41772], [-76.55438, 3.417702], [-76.554386, 3.417685], [-76.554392, 3.417668], [-76.554398, 3.417651], [-76.554403, 3.417634], [-76.554409, 3.417617], [-76.554414, 3.4176], [-76.55442, 3.417582], [-76.554425, 3.417565], [-76.55443, 3.417548], [-76.554436, 3.41753], [-76.554441, 3.417513], [-76.554446, 3.417496], [-76.554451, 3.417478], [-76.554456, 3.417461], [-76.554461, 3.417444], [-76.554466, 3.417426], [-76.55447, 3.417409], [-76.554475, 3.417391], [-76.55448, 3.417374], [-76.554484, 3.417356], [-76.554489, 3.417339], [-76.554493, 3.417321], [-76.554497, 3.417304], [-76.554502, 3.417286], [-76.554506, 3.417269], [-76.554509, 3.417257], [-76.55451, 3.417251], [-76.554514, 3.417233], [-76.554518, 3.417216], [-76.554522, 3.417198], [-76.554526, 3.41718], [-76.554529, 3.417163], [-76.554533, 3.417145], [-76.554537, 3.417127], [-76.554653, 3.416577], [-76.554751, 3.416114], [-76.55482, 3.415787], [-76.554912, 3.41544], [-76.55498, 3.41524], [-76.555175, 3.414603], [-76.555338, 3.414033], [-76.555437, 3.413705], [-76.555469, 3.413613], [-76.555595, 3.413131], [-76.555652, 3.412702], [-76.555646, 3.412319], [-76.555642, 3.412253], [-76.555642, 3.411985], [-76.555642, 3.411877], [-76.555708, 3.411881], [-76.555753, 3.411894], [-76.555783, 3.411905], [-76.555835, 3.411936], [-76.55587, 3.411976], [-76.555898, 3.412025], [-76.555917, 3.412082], [-76.555937, 3.412108], [-76.555962, 3.412131], [-76.55599, 3.412145], [-76.556032, 3.412166], [-76.556046, 3.412169], [-76.55607, 3.412186], [-76.55609, 3.412203], [-76.556108, 3.412227], [-76.556146, 3.412265], [-76.556209, 3.412294], [-76.556259, 3.412308], [-76.556307, 3.412309], [-76.556352, 3.412303], [-76.556382, 3.412282], [-76.556404, 3.412254], [-76.556449, 3.412152], [-76.556481, 3.412062], [-76.556504, 3.412], [-76.556538, 3.41196], [-76.556563, 3.411941], [-76.556586, 3.411933], [-76.556614, 3.411933], [-76.55663, 3.411941], [-76.556659, 3.41196], [-76.556675, 3.411978], [-76.556686, 3.412007], [-76.556689, 3.412029], [-76.556702, 3.412069], [-76.556746, 3.412195], [-76.556753, 3.412208], [-76.556793, 3.412283], [-76.556799, 3.412294], [-76.556824, 3.41234], [-76.556858, 3.412401], [-76.556863, 3.41241], [-76.55687, 3.412419], [-76.556974, 3.412545], [-76.557001, 3.412577], [-76.557111, 3.412707], [-76.557163, 3.412764], [-76.557177, 3.412799], [-76.55719, 3.412862], [-76.557195, 3.412919], [-76.557207, 3.412957], [-76.557217, 3.413006], [-76.557241, 3.413039], [-76.557281, 3.413069], [-76.557334, 3.413101], [-76.557372, 3.413118], [-76.557447, 3.413153], [-76.557529, 3.413177], [-76.557576, 3.413171], [-76.557614, 3.413163], [-76.557637, 3.413147], [-76.557659, 3.413144], [-76.557687, 3.413137], [-76.557727, 3.413137], [-76.557777, 3.413137], [-76.557849, 3.413141], [-76.557915, 3.41314], [-76.557946, 3.413142], [-76.557969, 3.41314], [-76.558012, 3.413132], [-76.55805, 3.413127], [-76.558076, 3.413139], [-76.558096, 3.413149], [-76.558129, 3.41317], [-76.558149, 3.413186], [-76.558173, 3.413204], [-76.558209, 3.413239], [-76.558262, 3.413313], [-76.55833, 3.413404], [-76.558365, 3.413432], [-76.558443, 3.413528], [-76.558499, 3.413589], [-76.558541, 3.41365], [-76.55857, 3.413694], [-76.558581, 3.413734], [-76.558588, 3.413772], [-76.558612, 3.413815], [-76.558636, 3.41383], [-76.558673, 3.413832], [-76.558728, 3.413839], [-76.558781, 3.413844], [-76.558827, 3.413849], [-76.558864, 3.413853], [-76.558902, 3.413855], [-76.558939, 3.413854], [-76.55898, 3.413849], [-76.559026, 3.413834], [-76.55917, 3.413773], [-76.559423, 3.413677], [-76.559529, 3.413631], [-76.55965, 3.413581], [-76.559684, 3.413573], [-76.559733, 3.413556], [-76.559775, 3.41355], [-76.559828, 3.413538], [-76.559875, 3.413537], [-76.559927, 3.413542], [-76.559967, 3.413551], [-76.559994, 3.413566], [-76.560019, 3.413593], [-76.56004, 3.413613], [-76.560078, 3.41364], [-76.560103, 3.413656], [-76.560132, 3.413679], [-76.560161, 3.413683], [-76.560178, 3.41368], [-76.560204, 3.413671], [-76.560222, 3.41367], [-76.560232, 3.41367], [-76.560247, 3.41367], [-76.560266, 3.413671], [-76.56029, 3.41367], [-76.560326, 3.413665], [-76.560351, 3.413658], [-76.560373, 3.413649], [-76.560398, 3.413639], [-76.560433, 3.413613], [-76.560489, 3.413575], [-76.560538, 3.41353], [-76.560582, 3.413489], [-76.560609, 3.413475], [-76.560632, 3.413457], [-76.56067, 3.413434], [-76.560698, 3.413409], [-76.560724, 3.413386], [-76.560739, 3.413373], [-76.560762, 3.413349], [-76.560786, 3.413323], [-76.560802, 3.413304], [-76.560822, 3.413285], [-76.560855, 3.413264], [-76.56088, 3.413252], [-76.560906, 3.413237], [-76.560944, 3.413214], [-76.560959, 3.413201], [-76.560996, 3.413183], [-76.561028, 3.413175], [-76.561059, 3.413174], [-76.561076, 3.413174], [-76.561091, 3.41317], [-76.561113, 3.413167], [-76.561131, 3.413159], [-76.56115, 3.413149], [-76.561165, 3.413137], [-76.561185, 3.413124], [-76.561204, 3.413112], [-76.56121, 3.413108], [-76.561229, 3.4131], [-76.561246, 3.413093], [-76.56126, 3.413085], [-76.561276, 3.413081], [-76.561292, 3.413078], [-76.561302, 3.413078], [-76.561316, 3.413082], [-76.561327, 3.413086], [-76.561332, 3.413095], [-76.561334, 3.413104], [-76.561334, 3.413111], [-76.561334, 3.41312], [-76.561334, 3.413129], [-76.561335, 3.413136], [-76.561339, 3.41314], [-76.561346, 3.413143], [-76.561368, 3.413139], [-76.56138, 3.413134], [-76.561385, 3.413129], [-76.561392, 3.413122], [-76.561415, 3.413103], [-76.561436, 3.413082], [-76.561446, 3.413067], [-76.561451, 3.413045], [-76.561452, 3.413032], [-76.561453, 3.413022], [-76.561456, 3.413007], [-76.561463, 3.412995], [-76.561477, 3.412975], [-76.56149, 3.412968], [-76.561513, 3.412914], [-76.561526, 3.412882], [-76.561551, 3.41284], [-76.561554, 3.412834], [-76.561584, 3.412775], [-76.561619, 3.412708], [-76.561656, 3.412652], [-76.561694, 3.412605], [-76.561733, 3.412563], [-76.561791, 3.412511], [-76.561804, 3.412497], [-76.56182, 3.412478], [-76.561826, 3.412471], [-76.561837, 3.412458], [-76.561851, 3.412432], [-76.561865, 3.412403], [-76.561871, 3.412386], [-76.561875, 3.412376], [-76.561885, 3.412359], [-76.561902, 3.41233], [-76.561925, 3.412304], [-76.561959, 3.41228], [-76.561978, 3.412263], [-76.561984, 3.412257], [-76.562021, 3.412219], [-76.562027, 3.412214], [-76.562092, 3.412157], [-76.562148, 3.412123], [-76.562153, 3.41212], [-76.562158, 3.412119], [-76.562197, 3.412115], [-76.562225, 3.412115], [-76.562234, 3.412115], [-76.562245, 3.412115], [-76.562256, 3.412116], [-76.562295, 3.412109], [-76.56231, 3.412097], [-76.562349, 3.412063], [-76.562379, 3.412031], [-76.562382, 3.41203], [-76.562418, 3.411956], [-76.562465, 3.411904], [-76.562509, 3.411864], [-76.562527, 3.411844], [-76.562556, 3.411812], [-76.562585, 3.411773], [-76.562605, 3.411748], [-76.562615, 3.411736], [-76.562673, 3.411701], [-76.562698, 3.411688], [-76.562713, 3.41168], [-76.562792, 3.411648], [-76.562815, 3.411639], [-76.56286, 3.411622], [-76.56289, 3.411608], [-76.562962, 3.411571], [-76.563056, 3.411514], [-76.563134, 3.411472], [-76.563168, 3.411454], [-76.563233, 3.411433], [-76.563249, 3.411428], [-76.563368, 3.411386], [-76.563471, 3.411376], [-76.563587, 3.411366], [-76.56364, 3.411353], [-76.56369, 3.411332], [-76.563729, 3.411315], [-76.56378, 3.411288], [-76.563812, 3.411271], [-76.563886, 3.411245], [-76.563898, 3.411241], [-76.563927, 3.411223], [-76.563964, 3.4112], [-76.56399, 3.411184], [-76.564069, 3.411122], [-76.564142, 3.411059], [-76.564172, 3.411038], [-76.56425, 3.411006], [-76.564273, 3.410997], [-76.564325, 3.410963], [-76.564356, 3.410948], [-76.564397, 3.410935], [-76.564436, 3.410925], [-76.564466, 3.410919], [-76.5645, 3.410915], [-76.564542, 3.410895], [-76.564602, 3.410855], [-76.564641, 3.410816], [-76.564721, 3.410761], [-76.56478, 3.410735], [-76.56484, 3.410713], [-76.564866, 3.410704], [-76.564897, 3.410701], [-76.564927, 3.410696], [-76.564948, 3.410696], [-76.56497, 3.410696], [-76.564993, 3.410696], [-76.565017, 3.410696], [-76.565051, 3.4107], [-76.565068, 3.410702], [-76.565079, 3.410703], [-76.565096, 3.410713], [-76.565131, 3.410726], [-76.565165, 3.410735], [-76.56519, 3.410743], [-76.565212, 3.410749], [-76.565239, 3.41076], [-76.565267, 3.410764], [-76.565292, 3.410771], [-76.565305, 3.410773], [-76.565329, 3.410773], [-76.565354, 3.410772], [-76.565374, 3.410771], [-76.565389, 3.41077], [-76.565402, 3.41077], [-76.565415, 3.410775], [-76.565436, 3.410782], [-76.565454, 3.410787], [-76.565475, 3.410795], [-76.565496, 3.410801], [-76.565514, 3.410806], [-76.565528, 3.410809], [-76.56554, 3.410813], [-76.565558, 3.410823], [-76.565568, 3.410824], [-76.565579, 3.410829], [-76.56559, 3.410829], [-76.565601, 3.410827], [-76.565611, 3.410826], [-76.56563, 3.410822], [-76.565642, 3.410818], [-76.565643, 3.410821], [-76.565656, 3.410857], [-76.565686, 3.410944], [-76.565723, 3.411051], [-76.565734, 3.411082], [-76.565776, 3.411205], [-76.565859, 3.411444], [-76.56586, 3.411447], [-76.565896, 3.411553], [-76.566149, 3.41229], [-76.566065, 3.412313], [-76.565932, 3.412348], [-76.565663, 3.412419], [-76.56482, 3.41252], [-76.564658, 3.412529], [-76.564531, 3.412536], [-76.564468, 3.412539], [-76.564324, 3.412561], [-76.564117, 3.412593], [-76.564091, 3.412597], [-76.564069, 3.412602], [-76.563959, 3.412627], [-76.563887, 3.412647], [-76.563864, 3.412653], [-76.563788, 3.412679], [-76.563752, 3.412691], [-76.563747, 3.412694], [-76.563726, 3.412705], [-76.563691, 3.412724], [-76.563681, 3.412729], [-76.563644, 3.412752], [-76.563628, 3.412762], [-76.563625, 3.412764], [-76.563612, 3.412772], [-76.563561, 3.412809], [-76.563584, 3.412855], [-76.563728, 3.413149], [-76.563793, 3.413282], [-76.563818, 3.413334], [-76.563817, 3.413354], [-76.563758, 3.413422], [-76.563865, 3.413604], [-76.563905, 3.413668], [-76.563989, 3.413801], [-76.564037, 3.413877], [-76.564059, 3.413902], [-76.564174, 3.414035], [-76.564245, 3.41413], [-76.564257, 3.414145], [-76.5643, 3.414243], [-76.564301, 3.41425], [-76.564311, 3.414332], [-76.564309, 3.414426], [-76.564296, 3.414477], [-76.564287, 3.414514], [-76.564201, 3.414652], [-76.564125, 3.414762], [-76.56409, 3.414811], [-76.564002, 3.414965], [-76.564101, 3.415002], [-76.564047, 3.41511], [-76.564134, 3.415132], [-76.564135, 3.415132], [-76.564148, 3.415135], [-76.564191, 3.415146], [-76.564313, 3.415176], [-76.564462, 3.415213], [-76.564512, 3.415228], [-76.564704, 3.415283], [-76.564728, 3.415289], [-76.564845, 3.415302], [-76.564846, 3.415302], [-76.564858, 3.415303], [-76.564864, 3.415304], [-76.564993, 3.41531], [-76.564993, 3.41531], [-76.56503, 3.415312], [-76.565108, 3.415316], [-76.56524, 3.415322], [-76.565445, 3.415331], [-76.565491, 3.415342], [-76.565576, 3.415361], [-76.565578, 3.415361], [-76.565595, 3.415365], [-76.565606, 3.415368], [-76.565618, 3.415374], [-76.565619, 3.415375], [-76.565637, 3.415384], [-76.565641, 3.415386], [-76.565714, 3.415424], [-76.565768, 3.415452], [-76.565783, 3.415463], [-76.565833, 3.415499], [-76.565852, 3.415513], [-76.565909, 3.415554], [-76.566011, 3.415628], [-76.566037, 3.415646], [-76.566047, 3.415654], [-76.566123, 3.415716], [-76.566127, 3.41572], [-76.56614, 3.41573], [-76.566216, 3.415792], [-76.566232, 3.415805], [-76.566352, 3.415898], [-76.566513, 3.416023], [-76.566635, 3.416139], [-76.566655, 3.416158], [-76.566658, 3.416161], [-76.56673, 3.416268], [-76.566736, 3.416278], [-76.566737, 3.416278], [-76.56676, 3.416312], [-76.566769, 3.416326], [-76.566775, 3.416335], [-76.566816, 3.416428], [-76.566823, 3.416444], [-76.566857, 3.41652], [-76.566898, 3.416611], [-76.566936, 3.416694], [-76.566968, 3.416765], [-76.567001, 3.416839], [-76.567015, 3.416871], [-76.567032, 3.416909], [-76.567062, 3.416977], [-76.567064, 3.41698], [-76.567064, 3.416981], [-76.567111, 3.41706], [-76.567144, 3.417117], [-76.567192, 3.417187], [-76.567214, 3.417218], [-76.567312, 3.417282], [-76.567424, 3.417313], [-76.567546, 3.417286], [-76.567653, 3.417241], [-76.567747, 3.41719], [-76.567819, 3.417183], [-76.567903, 3.417194], [-76.568014, 3.417173], [-76.56809, 3.417117], [-76.568201, 3.41706], [-76.568233, 3.417043], [-76.568245, 3.41706], [-76.568321, 3.417164], [-76.568111, 3.417375], [-76.567967, 3.417493], [-76.567796, 3.417555], [-76.567681, 3.417594], [-76.567537, 3.417721], [-76.567373, 3.417907], [-76.56727, 3.418001], [-76.567143, 3.418102], [-76.567143, 3.418103], [-76.567125, 3.41816], [-76.567099, 3.418241], [-76.567097, 3.418246], [-76.567093, 3.41826], [-76.56709, 3.418264], [-76.567068, 3.418288], [-76.566998, 3.418366], [-76.566993, 3.418371], [-76.566819, 3.418504], [-76.566801, 3.418522], [-76.5668, 3.418523], [-76.566794, 3.418528], [-76.566647, 3.41867], [-76.566625, 3.41869], [-76.566524, 3.418789], [-76.566378, 3.418885], [-76.566249, 3.418942], [-76.566158, 3.419027], [-76.566149, 3.419049], [-76.566116, 3.419137], [-76.566118, 3.419163], [-76.566128, 3.419302], [-76.566172, 3.419488], [-76.566189, 3.419537], [-76.5662, 3.419567], [-76.566222, 3.419631], [-76.566232, 3.41966], [-76.566234, 3.419666], [-76.566242, 3.419689], [-76.566311, 3.419888], [-76.566446, 3.420195], [-76.566502, 3.420349], [-76.566508, 3.420665], [-76.566593, 3.420887], [-76.566649, 3.420959], [-76.566707, 3.421076], [-76.566722, 3.421138], [-76.566722, 3.421208], [-76.566679, 3.421274], [-76.566613, 3.421349], [-76.566598, 3.421424], [-76.566601, 3.421487], [-76.566605, 3.421495], [-76.566624, 3.421535], [-76.566676, 3.421593], [-76.566707, 3.421623], [-76.566747, 3.421662], [-76.566747, 3.421662], [-76.566774, 3.421688], [-76.566883, 3.421812], [-76.566946, 3.421899], [-76.566987, 3.421965], [-76.567005, 3.42202], [-76.567008, 3.422061], [-76.566998, 3.422092], [-76.566972, 3.422119], [-76.566944, 3.422133], [-76.566899, 3.422129], [-76.566803, 3.422107], [-76.566709, 3.422079], [-76.566603, 3.422057], [-76.566533, 3.422049], [-76.566502, 3.422051], [-76.56646, 3.422055], [-76.566457, 3.422055], [-76.566457, 3.422056], [-76.566421, 3.422061], [-76.566328, 3.422094], [-76.566322, 3.422096], [-76.566259, 3.422127], [-76.566196, 3.422157], [-76.566052, 3.422238], [-76.565984, 3.422292], [-76.56591, 3.422375], [-76.565861, 3.422457], [-76.565819, 3.422571], [-76.565787, 3.422674], [-76.565771, 3.422771], [-76.565768, 3.422844], [-76.565779, 3.422912], [-76.565783, 3.42297], [-76.565783, 3.42297], [-76.565784, 3.422974], [-76.565727, 3.42305], [-76.565725, 3.42305], [-76.565725, 3.42305], [-76.565717, 3.423051], [-76.565715, 3.423051], [-76.565705, 3.423051], [-76.565616, 3.42305], [-76.565598, 3.423048], [-76.565511, 3.42304], [-76.565501, 3.423039], [-76.565403, 3.423029], [-76.565311, 3.423011], [-76.565255, 3.423064], [-76.565197, 3.423051], [-76.565114, 3.423019], [-76.565027, 3.422999], [-76.56501, 3.422996], [-76.564947, 3.422999], [-76.564898, 3.423029], [-76.564853, 3.423056], [-76.564852, 3.423057], [-76.564744, 3.423151], [-76.5647, 3.4232], [-76.564653, 3.423252], [-76.564454, 3.423472], [-76.564405, 3.423526], [-76.564387, 3.423546], [-76.564374, 3.423584], [-76.56436, 3.423628], [-76.564355, 3.423682], [-76.564362, 3.423735], [-76.564365, 3.423753], [-76.564371, 3.423773], [-76.564379, 3.423797], [-76.564384, 3.423808], [-76.564385, 3.423827], [-76.564392, 3.423855], [-76.564397, 3.423872], [-76.564397, 3.423873], [-76.564406, 3.423908], [-76.564421, 3.423942], [-76.564436, 3.423966], [-76.564461, 3.424004], [-76.564483, 3.424043], [-76.564491, 3.424057], [-76.564505, 3.42408], [-76.564489, 3.424074], [-76.564465, 3.424057], [-76.564455, 3.42405], [-76.564431, 3.424034], [-76.564417, 3.424026], [-76.564381, 3.424006], [-76.564359, 3.423992], [-76.564338, 3.423976], [-76.564318, 3.423968], [-76.564289, 3.423965], [-76.564275, 3.42397], [-76.564242, 3.423982], [-76.564238, 3.423968], [-76.564214, 3.423958], [-76.564187, 3.423958], [-76.56415, 3.423957], [-76.56411, 3.423959], [-76.564087, 3.423966], [-76.564062, 3.423973], [-76.564032, 3.423987], [-76.56401, 3.424001], [-76.563977, 3.424004], [-76.563927, 3.424036], [-76.563903, 3.424055], [-76.5639, 3.424057], [-76.563874, 3.424078], [-76.563869, 3.424082], [-76.56385, 3.424094], [-76.563837, 3.424105], [-76.563835, 3.424105], [-76.563813, 3.424123], [-76.563795, 3.424136], [-76.56378, 3.424147], [-76.563758, 3.424166], [-76.563736, 3.424182], [-76.563714, 3.424208], [-76.5637, 3.424236], [-76.563687, 3.424271], [-76.56368, 3.424304], [-76.563677, 3.42434], [-76.563676, 3.424343], [-76.563671, 3.42436], [-76.563667, 3.424359], [-76.563653, 3.424354], [-76.563623, 3.424356], [-76.563598, 3.424346], [-76.563574, 3.424333], [-76.563545, 3.424311], [-76.563523, 3.42429], [-76.563491, 3.424278], [-76.563468, 3.424277], [-76.563446, 3.424285], [-76.563417, 3.42431], [-76.563366, 3.424349], [-76.563322, 3.424372], [-76.563272, 3.424394], [-76.563243, 3.424397], [-76.563205, 3.424396], [-76.563161, 3.424386], [-76.563123, 3.424374], [-76.563088, 3.424356], [-76.563072, 3.424318], [-76.563069, 3.424293], [-76.563057, 3.424266], [-76.563024, 3.424252], [-76.563, 3.424247], [-76.562949, 3.424235], [-76.562911, 3.424233], [-76.562911, 3.424247], [-76.562911, 3.424269], [-76.562898, 3.424275], [-76.562873, 3.424286], [-76.562856, 3.424297], [-76.562834, 3.424316], [-76.562811, 3.424342], [-76.562793, 3.424369], [-76.562777, 3.424401], [-76.562761, 3.424436], [-76.562749, 3.424465], [-76.56274, 3.424489], [-76.56273, 3.424509], [-76.562714, 3.424539], [-76.562692, 3.424565], [-76.562671, 3.424586], [-76.56265, 3.424606], [-76.562625, 3.424624], [-76.562596, 3.424649], [-76.562559, 3.42467], [-76.562529, 3.424683], [-76.562507, 3.424693], [-76.562474, 3.424713], [-76.562478, 3.424737], [-76.562472, 3.424754], [-76.562451, 3.424762], [-76.562427, 3.424769], [-76.562402, 3.424785], [-76.562387, 3.42481], [-76.562372, 3.424832], [-76.562358, 3.42482], [-76.562336, 3.424806], [-76.562304, 3.424792], [-76.562275, 3.424778], [-76.56226, 3.424772], [-76.562239, 3.424768], [-76.562204, 3.424784], [-76.562179, 3.424807], [-76.562166, 3.424832], [-76.562161, 3.424844], [-76.562161, 3.424898], [-76.562159, 3.424947], [-76.562156, 3.424994], [-76.562157, 3.425031], [-76.562156, 3.42509], [-76.562153, 3.425118], [-76.562153, 3.425118], [-76.562153, 3.425121], [-76.562144, 3.425117], [-76.562117, 3.425106], [-76.562072, 3.425086], [-76.562027, 3.425066], [-76.56198, 3.425045], [-76.561979, 3.425045], [-76.561928, 3.425043], [-76.56188, 3.425042], [-76.561654, 3.425037], [-76.561541, 3.425035], [-76.561328, 3.42503], [-76.561328, 3.425027], [-76.561328, 3.425027], [-76.561327, 3.425016], [-76.561327, 3.424993], [-76.561327, 3.424953], [-76.561327, 3.424916], [-76.561326, 3.424893], [-76.561314, 3.424852], [-76.561299, 3.42482], [-76.561296, 3.424797], [-76.561293, 3.424782], [-76.561282, 3.424769], [-76.561259, 3.424767], [-76.561242, 3.424758], [-76.561242, 3.42473], [-76.561246, 3.424699], [-76.561253, 3.424655], [-76.561252, 3.424626], [-76.561247, 3.424603], [-76.561245, 3.42458], [-76.561245, 3.424558], [-76.561244, 3.424533], [-76.561244, 3.424517], [-76.561243, 3.424472], [-76.561243, 3.424459], [-76.561233, 3.424435], [-76.561225, 3.424428], [-76.561225, 3.424413], [-76.561233, 3.42439], [-76.561231, 3.424371], [-76.561227, 3.424349], [-76.561223, 3.424324], [-76.561224, 3.424306], [-76.561242, 3.424299], [-76.561261, 3.424294], [-76.561249, 3.424232], [-76.561193, 3.424091], [-76.561132, 3.423982], [-76.561096, 3.423935], [-76.561055, 3.423903], [-76.561007, 3.423877], [-76.560947, 3.423869], [-76.560904, 3.423867], [-76.560898, 3.423868], [-76.560865, 3.423878], [-76.560833, 3.423883], [-76.560774, 3.423889], [-76.560735, 3.423886], [-76.560624, 3.42388], [-76.560544, 3.423845], [-76.560446, 3.423792], [-76.56037, 3.42373], [-76.560255, 3.423665], [-76.560247, 3.423661], [-76.560158, 3.423623], [-76.560044, 3.423618], [-76.559978, 3.423635], [-76.559923, 3.423664], [-76.559855, 3.423703], [-76.559787, 3.423785], [-76.559701, 3.423886], [-76.559633, 3.423963], [-76.559585, 3.424014], [-76.559562, 3.424039], [-76.559482, 3.424095], [-76.559389, 3.424138], [-76.55941, 3.424185], [-76.559494, 3.424274], [-76.55959, 3.424367], [-76.559599, 3.424375], [-76.559631, 3.424408], [-76.559664, 3.424441], [-76.559674, 3.424451], [-76.559705, 3.424505], [-76.559722, 3.424552], [-76.55972, 3.42461], [-76.559714, 3.424634], [-76.559712, 3.424636], [-76.559687, 3.424672], [-76.559674, 3.42469], [-76.559661, 3.424725], [-76.559651, 3.424753], [-76.559651, 3.424774], [-76.559657, 3.424803], [-76.559657, 3.424844], [-76.559658, 3.424876], [-76.559658, 3.424903], [-76.559659, 3.424954], [-76.559659, 3.424972], [-76.55966, 3.424973], [-76.55966, 3.42499], [-76.55966, 3.42499], [-76.559659, 3.425], [-76.559659, 3.425017], [-76.559658, 3.425043], [-76.559656, 3.425061], [-76.559648, 3.425088], [-76.559634, 3.425137], [-76.559619, 3.425194], [-76.559378, 3.425153], [-76.558952, 3.425147], [-76.558709, 3.4252], [-76.558698, 3.425209], [-76.558677, 3.425223], [-76.55866, 3.425233], [-76.558643, 3.425243], [-76.558623, 3.425251], [-76.558617, 3.425252], [-76.558596, 3.425255], [-76.558576, 3.425261], [-76.558559, 3.425267], [-76.558532, 3.425279], [-76.558502, 3.425298], [-76.558436, 3.425338], [-76.558403, 3.425371], [-76.55838, 3.425397], [-76.558359, 3.425431], [-76.558346, 3.425458], [-76.558339, 3.4255], [-76.558338, 3.425506], [-76.558334, 3.425514], [-76.55833, 3.425521], [-76.558322, 3.425529], [-76.558316, 3.425533], [-76.558299, 3.425571], [-76.558281, 3.425614], [-76.558276, 3.425636], [-76.558253, 3.425684], [-76.558241, 3.425708], [-76.558225, 3.425755], [-76.558213, 3.425773], [-76.558175, 3.425803], [-76.55814, 3.425848], [-76.558122, 3.425875], [-76.558098, 3.425905], [-76.558065, 3.425931], [-76.558028, 3.425972], [-76.558002, 3.426008], [-76.55798, 3.426038], [-76.557974, 3.426044], [-76.557974, 3.426044], [-76.557943, 3.426083], [-76.557924, 3.426107], [-76.557906, 3.426147], [-76.557893, 3.426191], [-76.557889, 3.42626], [-76.557889, 3.42628], [-76.557887, 3.426306], [-76.557873, 3.426325], [-76.557854, 3.426337], [-76.557834, 3.42635], [-76.557814, 3.426362], [-76.557792, 3.426374], [-76.557758, 3.426408], [-76.557746, 3.426447], [-76.557753, 3.426488], [-76.55777, 3.426521], [-76.557799, 3.426567], [-76.557814, 3.426588], [-76.55782, 3.426599], [-76.55782, 3.426626], [-76.557813, 3.426648], [-76.557805, 3.42666], [-76.557788, 3.426683], [-76.557775, 3.426706], [-76.557769, 3.426731], [-76.557765, 3.426779], [-76.557767, 3.426825], [-76.557765, 3.426859], [-76.557755, 3.42689], [-76.557743, 3.426925], [-76.557742, 3.426955], [-76.557674, 3.427052], [-76.557551, 3.427197], [-76.557389, 3.427485], [-76.557239, 3.427756], [-76.557216, 3.427796], [-76.557204, 3.427823], [-76.557156, 3.427892], [-76.557067, 3.428055], [-76.556977, 3.428218], [-76.55704, 3.428335], [-76.557089, 3.428427], [-76.556864, 3.428625], [-76.556831, 3.428653], [-76.556829, 3.428655], [-76.556829, 3.428655], [-76.556825, 3.428659], [-76.556626, 3.428659], [-76.556463, 3.428659], [-76.556463, 3.428659], [-76.556258, 3.428659], [-76.556228, 3.428659], [-76.556222, 3.428659], [-76.556222, 3.428659], [-76.556222, 3.428659], [-76.556218, 3.428659], [-76.556166, 3.42866], [-76.55609, 3.428662], [-76.556076, 3.428662], [-76.555802, 3.428669], [-76.555555, 3.428663], [-76.555539, 3.428663], [-76.555467, 3.428661], [-76.555217, 3.428613], [-76.555068, 3.428589], [-76.555101, 3.428517], [-76.554966, 3.427205], [-76.554705, 3.427156], [-76.55452, 3.42714], [-76.554323, 3.42712], [-76.554156, 3.427115], [-76.553841, 3.427794], [-76.554363, 3.428337], [-76.554351, 3.428346], [-76.55435, 3.428355], [-76.554348, 3.428364], [-76.554346, 3.428373], [-76.554344, 3.428382], [-76.554341, 3.428394], [-76.55434, 3.428403], [-76.554338, 3.428412], [-76.554336, 3.42842], [-76.554334, 3.428429], [-76.554331, 3.428446], [-76.55433, 3.428455], [-76.554328, 3.428464], [-76.554327, 3.428472], [-76.554325, 3.428481], [-76.554323, 3.428498], [-76.554322, 3.428507], [-76.55432, 3.428516], [-76.554318, 3.428525], [-76.554312, 3.42854], [-76.554304, 3.428549], [-76.554299, 3.428556], [-76.554292, 3.428566], [-76.554286, 3.428573], [-76.55428, 3.428579], [-76.55427, 3.428592], [-76.554263, 3.428598], [-76.554256, 3.42861], [-76.55425, 3.428617], [-76.554243, 3.42863], [-76.55424, 3.428639], [-76.554239, 3.428647], [-76.554238, 3.428658], [-76.554237, 3.428667], [-76.554238, 3.428676], [-76.554239, 3.428685], [-76.55424, 3.428694], [-76.554235, 3.428706], [-76.554228, 3.428712], [-76.554221, 3.428719], [-76.554216, 3.428726], [-76.554211, 3.428734], [-76.554207, 3.428742], [-76.5542, 3.428757], [-76.554198, 3.428765], [-76.554192, 3.428781], [-76.55419, 3.42879], [-76.554187, 3.428799], [-76.554186, 3.428811], [-76.554184, 3.42882], [-76.554182, 3.428829], [-76.554181, 3.428839], [-76.554179, 3.428848], [-76.554177, 3.428857], [-76.554174, 3.428865], [-76.554172, 3.428874], [-76.554168, 3.428886], [-76.554165, 3.428894], [-76.554163, 3.428903], [-76.554161, 3.428912], [-76.554157, 3.428922], [-76.554153, 3.42893], [-76.554148, 3.428937], [-76.554141, 3.428949], [-76.554135, 3.428956], [-76.554129, 3.428962], [-76.554115, 3.42897], [-76.554101, 3.428972], [-76.554092, 3.428972], [-76.554081, 3.428973], [-76.554072, 3.428974], [-76.554063, 3.428974], [-76.554054, 3.428974], [-76.554038, 3.428974], [-76.554029, 3.428974], [-76.55402, 3.428974], [-76.55401, 3.428971], [-76.554001, 3.42897], [-76.553985, 3.428967], [-76.553976, 3.428967], [-76.553962, 3.428967], [-76.553953, 3.428968], [-76.553944, 3.428969], [-76.55393, 3.42897], [-76.553922, 3.42897], [-76.553913, 3.428971], [-76.553904, 3.428972], [-76.553895, 3.428973], [-76.553881, 3.428974], [-76.553872, 3.428975], [-76.553863, 3.428976], [-76.553854, 3.428977], [-76.553845, 3.428978], [-76.553836, 3.42898], [-76.553822, 3.428982], [-76.553813, 3.428984], [-76.553805, 3.428985], [-76.553796, 3.428986], [-76.553787, 3.428988], [-76.553778, 3.428989], [-76.553768, 3.428991], [-76.553759, 3.428993], [-76.55375, 3.428996], [-76.553742, 3.428999], [-76.553733, 3.429001], [-76.553725, 3.429004], [-76.553716, 3.429007], [-76.553706, 3.429011], [-76.553697, 3.429013], [-76.553688, 3.429014], [-76.552536, 3.428472], [-76.552546, 3.428486], [-76.552554, 3.428508], [-76.552555, 3.428524], [-76.552547, 3.42853], [-76.552537, 3.428529], [-76.552529, 3.428524], [-76.552524, 3.42852], [-76.552518, 3.428521], [-76.552515, 3.428534], [-76.552521, 3.428555], [-76.55253, 3.428586], [-76.552533, 3.428594], [-76.552536, 3.428603], [-76.55254, 3.428611], [-76.552545, 3.428621], [-76.552548, 3.428629], [-76.552552, 3.428637], [-76.552556, 3.428646], [-76.552559, 3.428654], [-76.552563, 3.428663], [-76.552566, 3.428672], [-76.552568, 3.42868], [-76.552571, 3.428689], [-76.552573, 3.428698], [-76.552576, 3.428707], [-76.552578, 3.428715], [-76.552581, 3.428724], [-76.552583, 3.428733], [-76.552585, 3.428742], [-76.552587, 3.428754], [-76.552589, 3.428763], [-76.552591, 3.428772], [-76.552593, 3.428781], [-76.552595, 3.428789], [-76.552597, 3.428798], [-76.5526, 3.428807], [-76.552602, 3.428816], [-76.552604, 3.428824], [-76.552607, 3.428835], [-76.55261, 3.428844], [-76.552613, 3.428852], [-76.552617, 3.428868], [-76.55262, 3.428877], [-76.552623, 3.428885], [-76.552625, 3.428894], [-76.552627, 3.428903], [-76.552629, 3.428912], [-76.55263, 3.428925], [-76.55263, 3.428934], [-76.552629, 3.428943], [-76.552625, 3.428956], [-76.552619, 3.428973], [-76.552616, 3.428981], [-76.552612, 3.42899], [-76.552609, 3.428998], [-76.552606, 3.429007], [-76.552602, 3.429017], [-76.552599, 3.429025], [-76.552596, 3.429034], [-76.552593, 3.429043], [-76.55259, 3.429054], [-76.552589, 3.429063], [-76.552587, 3.429072], [-76.552586, 3.429084], [-76.552587, 3.429093], [-76.552588, 3.429102], [-76.552594, 3.429117], [-76.552597, 3.429125], [-76.5526, 3.429134], [-76.552603, 3.429142], [-76.552607, 3.42915], [-76.55261, 3.429159], [-76.552614, 3.429169], [-76.552617, 3.429178], [-76.552619, 3.429186], [-76.55262, 3.429195], [-76.552621, 3.42921], [-76.552621, 3.429219], [-76.552612, 3.429232], [-76.552604, 3.429237], [-76.552587, 3.429238], [-76.552578, 3.429238], [-76.552569, 3.429236], [-76.552559, 3.429233], [-76.55255, 3.429231], [-76.552542, 3.429229], [-76.552529, 3.429227], [-76.55252, 3.429226], [-76.552511, 3.429225], [-76.552502, 3.429225], [-76.552492, 3.429226], [-76.552483, 3.429228], [-76.552474, 3.42923], [-76.552463, 3.429233], [-76.552455, 3.429237], [-76.552447, 3.429242], [-76.552437, 3.429251], [-76.552427, 3.429257], [-76.552421, 3.429263], [-76.552414, 3.429269], [-76.552407, 3.429276], [-76.552401, 3.429282], [-76.552394, 3.429288], [-76.552388, 3.429294], [-76.552379, 3.429303], [-76.552372, 3.429309], [-76.552365, 3.429315], [-76.552359, 3.429321], [-76.552353, 3.429328], [-76.552345, 3.429337], [-76.552339, 3.429344], [-76.552333, 3.42935], [-76.552327, 3.429357], [-76.552318, 3.42937], [-76.552313, 3.429377], [-76.552308, 3.429385], [-76.552304, 3.429393], [-76.552298, 3.429403], [-76.552295, 3.429412], [-76.552291, 3.42942], [-76.552288, 3.429429], [-76.552285, 3.429444], [-76.552283, 3.429453], [-76.552282, 3.429462], [-76.552281, 3.429471], [-76.552279, 3.42948], [-76.552277, 3.429497], [-76.552267, 3.429511], [-76.551884, 3.429327], [-76.551862, 3.429316]]]]}, "geometry_name": "the_geom", "properties": {"gid": 20, "id_comuna": 20, "nombre": "Comuna 20", "no_arboles": 1004, "area_m2": 41488.399, "cobarb_ha": 4.149, "arb_habita": 0.014, "arb_eep": 0, "m2_eep": 0, "ha_eep": 0, "arb_eep_ro": 159, "m2_eep_ron": 10495.056, "ha_eep_ron": 1.05, "arb_eec_ep": 58, "m2_eec_ep": 1136.738, "ha_eec_ep": 0.114, "arb_eec_eq": 6, "m2_eec_eq": 263.548, "ha_eec_eq": 0.026, "arb_muerto": 9, "arb_regula": 877, "arbol_sano": 118, "arbol_seco": 0}}, {"type": "Feature", "id": "emc_amb_sos_car_censo_arboreo_comuna.fid--215d4958_1a10e591eea_-c4", "geometry": {"type": "MultiPolygon", "coordinates": [[[[-76.47577, 3.444981], [-76.475802, 3.444717], [-76.475802, 3.444301], [-76.475802, 3.444121], [-76.475724, 3.443724], [-76.47566, 3.443396], [-76.475384, 3.442604], [-76.475365, 3.442549], [-76.475364, 3.442547], [-76.475315, 3.442451], [-76.47531, 3.442439], [-76.475253, 3.442328], [-76.475252, 3.442325], [-76.475226, 3.442273], [-76.47513, 3.442082], [-76.475049, 3.441922], [-76.474994, 3.441812], [-76.474904, 3.441633], [-76.474887, 3.441613], [-76.474833, 3.441549], [-76.474721, 3.441417], [-76.474486, 3.441139], [-76.474483, 3.441136], [-76.474419, 3.44106], [-76.47436, 3.44099], [-76.474342, 3.44097], [-76.474342, 3.44097], [-76.47434, 3.440968], [-76.474313, 3.440937], [-76.474025, 3.440607], [-76.473964, 3.440545], [-76.473928, 3.440511], [-76.473891, 3.440479], [-76.473853, 3.440447], [-76.473814, 3.440416], [-76.473774, 3.440387], [-76.473733, 3.440358], [-76.473692, 3.440331], [-76.47365, 3.440305], [-76.473607, 3.44028], [-76.473563, 3.440256], [-76.473519, 3.440234], [-76.473474, 3.440212], [-76.473429, 3.440192], [-76.473419, 3.440188], [-76.473383, 3.440174], [-76.473337, 3.440156], [-76.47329, 3.44014], [-76.473243, 3.440126], [-76.473195, 3.440112], [-76.473147, 3.4401], [-76.473099, 3.440089], [-76.47305, 3.44008], [-76.473001, 3.440072], [-76.472952, 3.440065], [-76.472903, 3.44006], [-76.472854, 3.440056], [-76.472804, 3.440054], [-76.472755, 3.440053], [-76.472705, 3.440053], [-76.472656, 3.440055], [-76.472606, 3.440058], [-76.472149, 3.440126], [-76.472038, 3.440189], [-76.471693, 3.44023], [-76.471682, 3.440228], [-76.471559, 3.440206], [-76.469458, 3.440574], [-76.469363, 3.440602], [-76.469314, 3.440609], [-76.469265, 3.440611], [-76.469215, 3.44061], [-76.469166, 3.440603], [-76.469118, 3.440592], [-76.469071, 3.440577], [-76.469065, 3.440574], [-76.469025, 3.440557], [-76.468982, 3.440533], [-76.468941, 3.440505], [-76.468902, 3.440474], [-76.468867, 3.440439], [-76.468788, 3.440408], [-76.468743, 3.440389], [-76.468697, 3.440369], [-76.468653, 3.440347], [-76.468608, 3.440325], [-76.468564, 3.440302], [-76.468521, 3.440278], [-76.468478, 3.440254], [-76.468436, 3.440228], [-76.468394, 3.440201], [-76.468352, 3.440174], [-76.468312, 3.440146], [-76.468272, 3.440117], [-76.468232, 3.440087], [-76.468193, 3.440056], [-76.468155, 3.440025], [-76.468117, 3.439992], [-76.46808, 3.439959], [-76.468044, 3.439925], [-76.468008, 3.439891], [-76.467333, 3.439128], [-76.467121, 3.438979], [-76.466983, 3.438821], [-76.466882, 3.438627], [-76.466204, 3.437919], [-76.465424, 3.437105], [-76.465363, 3.43704], [-76.465328, 3.437005], [-76.465292, 3.436971], [-76.465256, 3.436938], [-76.465218, 3.436905], [-76.46518, 3.436873], [-76.465141, 3.436842], [-76.465102, 3.436812], [-76.465062, 3.436783], [-76.465021, 3.436755], [-76.464979, 3.436728], [-76.464938, 3.436701], [-76.464929, 3.436696], [-76.464895, 3.436676], [-76.464877, 3.436666], [-76.464875, 3.436665], [-76.464852, 3.436652], [-76.464808, 3.436628], [-76.46466, 3.436536], [-76.464134, 3.436209], [-76.464063, 3.436163], [-76.464022, 3.436136], [-76.463981, 3.436108], [-76.46394, 3.436079], [-76.463901, 3.43605], [-76.463861, 3.43602], [-76.463822, 3.435989], [-76.463784, 3.435958], [-76.463746, 3.435926], [-76.463708, 3.435893], [-76.463671, 3.43586], [-76.463634, 3.435827], [-76.463598, 3.435793], [-76.463563, 3.435758], [-76.463528, 3.435723], [-76.463493, 3.435687], [-76.46346, 3.435651], [-76.463426, 3.435614], [-76.463394, 3.435577], [-76.463362, 3.435539], [-76.46333, 3.435501], [-76.463299, 3.435462], [-76.463269, 3.435422], [-76.463239, 3.435383], [-76.46321, 3.435343], [-76.463181, 3.435302], [-76.463153, 3.435261], [-76.463126, 3.435219], [-76.4631, 3.435177], [-76.463074, 3.435135], [-76.463048, 3.435092], [-76.463024, 3.435049], [-76.463, 3.435006], [-76.462976, 3.434962], [-76.462954, 3.434917], [-76.462862, 3.434652], [-76.462794, 3.434432], [-76.46278, 3.434223], [-76.462647, 3.433645], [-76.462646, 3.433643], [-76.462643, 3.433631], [-76.462638, 3.433608], [-76.462631, 3.433578], [-76.462173, 3.431599], [-76.462093, 3.431252], [-76.462091, 3.431242], [-76.46209, 3.43124], [-76.462071, 3.431159], [-76.46207, 3.431154], [-76.462043, 3.431035], [-76.462007, 3.430879], [-76.461962, 3.430687], [-76.461911, 3.430456], [-76.461904, 3.430423], [-76.461851, 3.430186], [-76.461844, 3.430151], [-76.461841, 3.430138], [-76.461838, 3.430125], [-76.461833, 3.430102], [-76.46178, 3.429864], [-76.461746, 3.429712], [-76.461685, 3.429588], [-76.461673, 3.429543], [-76.461661, 3.4295], [-76.461644, 3.429389], [-76.461638, 3.429347], [-76.461638, 3.429347], [-76.461624, 3.429262], [-76.461624, 3.429262], [-76.461621, 3.429244], [-76.461622, 3.429242], [-76.461636, 3.429126], [-76.461636, 3.429124], [-76.461577, 3.428782], [-76.46153, 3.428515], [-76.461405, 3.427802], [-76.461361, 3.427546], [-76.461302, 3.427207], [-76.461268, 3.426949], [-76.461258, 3.426871], [-76.461248, 3.426804], [-76.461244, 3.426754], [-76.461243, 3.426704], [-76.461243, 3.426704], [-76.461245, 3.426655], [-76.46125, 3.426605], [-76.461253, 3.426589], [-76.461259, 3.426556], [-76.46127, 3.426508], [-76.461284, 3.42646], [-76.461302, 3.426414], [-76.461405, 3.426089], [-76.46154, 3.425666], [-76.461663, 3.42528], [-76.461819, 3.42479], [-76.461978, 3.424289], [-76.462115, 3.423858], [-76.462325, 3.423198], [-76.462337, 3.42316], [-76.462345, 3.422965], [-76.462364, 3.422897], [-76.462419, 3.422691], [-76.462514, 3.422543], [-76.462595, 3.422269], [-76.462714, 3.421865], [-76.462716, 3.42186], [-76.462744, 3.421789], [-76.462759, 3.421742], [-76.462774, 3.421694], [-76.462786, 3.421646], [-76.462797, 3.421598], [-76.462806, 3.421549], [-76.462813, 3.4215], [-76.462818, 3.42145], [-76.462821, 3.4214], [-76.462823, 3.421351], [-76.462827, 3.421296], [-76.462858, 3.420927], [-76.462889, 3.42054], [-76.462906, 3.420333], [-76.46291, 3.420287], [-76.462913, 3.420253], [-76.462915, 3.420233], [-76.462915, 3.420231], [-76.462915, 3.420231], [-76.462935, 3.419989], [-76.462964, 3.419632], [-76.462984, 3.419382], [-76.463001, 3.419175], [-76.463078, 3.418238], [-76.463088, 3.418121], [-76.463104, 3.417917], [-76.463108, 3.417861], [-76.463112, 3.417812], [-76.463118, 3.417763], [-76.463127, 3.417713], [-76.463136, 3.417665], [-76.463148, 3.417616], [-76.463161, 3.417568], [-76.463176, 3.417521], [-76.463193, 3.417474], [-76.463211, 3.417428], [-76.463232, 3.417383], [-76.463253, 3.417338], [-76.463276, 3.417294], [-76.463301, 3.417251], [-76.463327, 3.417209], [-76.463333, 3.4172], [-76.463355, 3.417168], [-76.463384, 3.417127], [-76.463415, 3.417088], [-76.463447, 3.417051], [-76.463481, 3.417014], [-76.463515, 3.416978], [-76.463542, 3.416953], [-76.463551, 3.416944], [-76.463588, 3.416911], [-76.463627, 3.41688], [-76.463666, 3.41685], [-76.464283, 3.416344], [-76.464302, 3.41633], [-76.464342, 3.416301], [-76.464352, 3.416293], [-76.464352, 3.416293], [-76.464542, 3.416152], [-76.464666, 3.416081], [-76.46516, 3.415799], [-76.465236, 3.415755], [-76.465299, 3.415714], [-76.465338, 3.415684], [-76.465375, 3.415651], [-76.46541, 3.415616], [-76.465443, 3.415578], [-76.465473, 3.415539], [-76.4655, 3.415497], [-76.465525, 3.415454], [-76.465547, 3.41541], [-76.465655, 3.415217], [-76.465872, 3.41483], [-76.466104, 3.414417], [-76.46625, 3.414079], [-76.466345, 3.413859], [-76.466355, 3.413804], [-76.466394, 3.413586], [-76.466491, 3.413338], [-76.46655, 3.413253], [-76.466702, 3.412865], [-76.466823, 3.412556], [-76.46688, 3.412412], [-76.466954, 3.412222], [-76.467001, 3.412101], [-76.467093, 3.411865], [-76.467146, 3.411732], [-76.467216, 3.411552], [-76.46729, 3.411363], [-76.467349, 3.411212], [-76.467352, 3.411199], [-76.467361, 3.411163], [-76.46737, 3.411114], [-76.467378, 3.411065], [-76.467381, 3.411038], [-76.467383, 3.411015], [-76.467386, 3.410965], [-76.467388, 3.410916], [-76.467388, 3.410913], [-76.467387, 3.410866], [-76.467384, 3.410816], [-76.46738, 3.410775], [-76.467379, 3.41077], [-76.467379, 3.410767], [-76.467372, 3.410718], [-76.467366, 3.4107], [-76.467341, 3.410617], [-76.467332, 3.410588], [-76.467319, 3.410548], [-76.467317, 3.410541], [-76.467317, 3.410541], [-76.467317, 3.41054], [-76.467316, 3.410538], [-76.467253, 3.410335], [-76.467246, 3.410311], [-76.467135, 3.409955], [-76.467103, 3.409852], [-76.467051, 3.409683], [-76.466977, 3.409567], [-76.46694, 3.40951], [-76.466927, 3.409465], [-76.466859, 3.409236], [-76.466859, 3.409232], [-76.466858, 3.409106], [-76.466858, 3.4091], [-76.46684, 3.409049], [-76.466797, 3.408927], [-76.46673, 3.408772], [-76.466725, 3.408761], [-76.466685, 3.408667], [-76.466562, 3.408382], [-76.466507, 3.408256], [-76.46637, 3.407938], [-76.466358, 3.40791], [-76.466337, 3.407862], [-76.466296, 3.407794], [-76.466275, 3.407749], [-76.466259, 3.407702], [-76.466248, 3.407653], [-76.466246, 3.407639], [-76.466242, 3.407624], [-76.466206, 3.407496], [-76.466188, 3.407432], [-76.466157, 3.407254], [-76.466155, 3.40718], [-76.466154, 3.407172], [-76.466151, 3.407074], [-76.466151, 3.407073], [-76.466167, 3.406894], [-76.466172, 3.406797], [-76.466176, 3.406722], [-76.466184, 3.406553], [-76.466233, 3.406382], [-76.466234, 3.40638], [-76.466261, 3.406322], [-76.466311, 3.406217], [-76.466494, 3.405952], [-76.466563, 3.405854], [-76.466635, 3.40575], [-76.466638, 3.405743], [-76.466658, 3.405697], [-76.466683, 3.405654], [-76.466711, 3.405613], [-76.466731, 3.405589], [-76.466743, 3.405575], [-76.466778, 3.40554], [-76.466816, 3.405508], [-76.466887, 3.405432], [-76.466892, 3.405427], [-76.467052, 3.405257], [-76.467193, 3.405108], [-76.467395, 3.404894], [-76.467551, 3.404729], [-76.467762, 3.404505], [-76.467911, 3.404347], [-76.468066, 3.404183], [-76.468124, 3.404122], [-76.468191, 3.404054], [-76.468216, 3.404011], [-76.468215, 3.404008], [-76.468214, 3.404006], [-76.468213, 3.404002], [-76.468211, 3.40399], [-76.468201, 3.403951], [-76.468202, 3.403949], [-76.468204, 3.403935], [-76.468222, 3.403805], [-76.468226, 3.403777], [-76.468236, 3.403709], [-76.468241, 3.40367], [-76.468242, 3.403663], [-76.468248, 3.403621], [-76.468251, 3.403604], [-76.468257, 3.403564], [-76.468265, 3.403507], [-76.468273, 3.40345], [-76.468278, 3.403411], [-76.468285, 3.403363], [-76.468285, 3.403363], [-76.468287, 3.403353], [-76.468287, 3.403348], [-76.468288, 3.403345], [-76.468291, 3.40332], [-76.468292, 3.403316], [-76.468294, 3.403304], [-76.468297, 3.403279], [-76.468297, 3.403279], [-76.468301, 3.40325], [-76.468302, 3.403243], [-76.468305, 3.403223], [-76.468306, 3.403214], [-76.468308, 3.403201], [-76.468309, 3.403195], [-76.46831, 3.403186], [-76.468313, 3.403167], [-76.468315, 3.403155], [-76.468317, 3.403139], [-76.468318, 3.40313], [-76.468321, 3.40311], [-76.468323, 3.403099], [-76.468325, 3.403082], [-76.468327, 3.403069], [-76.468329, 3.403056], [-76.468331, 3.403045], [-76.468333, 3.403024], [-76.468334, 3.403019], [-76.468337, 3.402997], [-76.468339, 3.402986], [-76.468341, 3.402969], [-76.468343, 3.402956], [-76.468345, 3.402944], [-76.468347, 3.40293], [-76.468349, 3.402915], [-76.46835, 3.402905], [-76.46835, 3.402905], [-76.468351, 3.402888], [-76.468351, 3.402879], [-76.468351, 3.402866], [-76.468351, 3.402854], [-76.468352, 3.402843], [-76.468352, 3.402829], [-76.468352, 3.402822], [-76.468352, 3.40282], [-76.468352, 3.402805], [-76.468353, 3.402803], [-76.468353, 3.402796], [-76.468353, 3.402795], [-76.468345, 3.402727], [-76.468335, 3.402679], [-76.46833, 3.402659], [-76.468323, 3.40263], [-76.468319, 3.402616], [-76.468313, 3.402595], [-76.46831, 3.402583], [-76.468295, 3.402535], [-76.468293, 3.402528], [-76.468286, 3.402511], [-76.468269, 3.402465], [-76.468255, 3.402428], [-76.468254, 3.402424], [-76.46824, 3.402388], [-76.468196, 3.40227], [-76.46819, 3.402255], [-76.468133, 3.402102], [-76.468124, 3.402077], [-76.468119, 3.402065], [-76.468059, 3.401906], [-76.468046, 3.40187], [-76.467988, 3.401715], [-76.46798, 3.401696], [-76.467923, 3.401543], [-76.467905, 3.401494], [-76.467867, 3.401394], [-76.46785, 3.401347], [-76.467849, 3.401345], [-76.467802, 3.401223], [-76.467788, 3.401188], [-76.467728, 3.401032], [-76.467725, 3.401023], [-76.46767, 3.400882], [-76.467644, 3.400814], [-76.467603, 3.400708], [-76.467587, 3.400665], [-76.467539, 3.400542], [-76.467524, 3.400503], [-76.467486, 3.400404], [-76.467468, 3.400358], [-76.467456, 3.400327], [-76.467401, 3.400186], [-76.467381, 3.400132], [-76.467357, 3.40007], [-76.467357, 3.400067], [-76.467357, 3.400066], [-76.467358, 3.400036], [-76.467362, 3.40001], [-76.467368, 3.399982], [-76.46738, 3.399948], [-76.467391, 3.399919], [-76.467419, 3.399894], [-76.467426, 3.399906], [-76.467449, 3.399948], [-76.467449, 3.399948], [-76.467473, 3.399985], [-76.467475, 3.399988], [-76.467488, 3.400008], [-76.467503, 3.400029], [-76.467516, 3.400045], [-76.467533, 3.400068], [-76.467537, 3.400073], [-76.467548, 3.400089], [-76.467563, 3.400113], [-76.467572, 3.400123], [-76.467576, 3.400129], [-76.467587, 3.400142], [-76.467595, 3.400153], [-76.467615, 3.400177], [-76.467635, 3.4002], [-76.467656, 3.400224], [-76.467656, 3.400225], [-76.467665, 3.400236], [-76.467675, 3.400248], [-76.467683, 3.400257], [-76.467698, 3.400276], [-76.467714, 3.400295], [-76.467731, 3.400315], [-76.467735, 3.400319], [-76.467747, 3.400335], [-76.467763, 3.400354], [-76.467781, 3.400376], [-76.467796, 3.400393], [-76.4678, 3.400398], [-76.467823, 3.400421], [-76.467849, 3.400445], [-76.467849, 3.400446], [-76.467878, 3.400468], [-76.467889, 3.400476], [-76.467905, 3.40049], [-76.467935, 3.400512], [-76.467957, 3.400527], [-76.467983, 3.400545], [-76.468004, 3.400561], [-76.468024, 3.400576], [-76.468028, 3.400579], [-76.468056, 3.400599], [-76.468077, 3.400614], [-76.468096, 3.400627], [-76.468129, 3.40065], [-76.468131, 3.400652], [-76.468157, 3.40067], [-76.468182, 3.400688], [-76.468184, 3.40069], [-76.468209, 3.400703], [-76.468253, 3.400725], [-76.468273, 3.400734], [-76.468298, 3.400746], [-76.468314, 3.400752], [-76.468324, 3.400756], [-76.468347, 3.400765], [-76.468374, 3.400773], [-76.468396, 3.40078], [-76.468421, 3.400785], [-76.468445, 3.400788], [-76.468457, 3.400789], [-76.46847, 3.40079], [-76.468496, 3.400792], [-76.468528, 3.400794], [-76.468559, 3.400795], [-76.468579, 3.400796], [-76.468593, 3.400796], [-76.468622, 3.400797], [-76.468659, 3.400798], [-76.468688, 3.400799], [-76.468731, 3.400798], [-76.46875, 3.400798], [-76.468777, 3.400799], [-76.468803, 3.400798], [-76.468825, 3.400797], [-76.468865, 3.400797], [-76.468913, 3.400796], [-76.46896, 3.400796], [-76.468992, 3.400795], [-76.469006, 3.400795], [-76.469053, 3.400797], [-76.469059, 3.400797], [-76.469093, 3.400797], [-76.469136, 3.400798], [-76.469176, 3.400798], [-76.469213, 3.400799], [-76.469217, 3.400799], [-76.469255, 3.4008], [-76.469287, 3.4008], [-76.469321, 3.4008], [-76.469328, 3.4008], [-76.469367, 3.400799], [-76.469404, 3.400799], [-76.469439, 3.400799], [-76.469487, 3.400799], [-76.469492, 3.400799], [-76.469523, 3.400798], [-76.469552, 3.400799], [-76.469567, 3.400799], [-76.469578, 3.400799], [-76.469604, 3.400799], [-76.469632, 3.4008], [-76.469659, 3.4008], [-76.46969, 3.400802], [-76.469722, 3.400802], [-76.469726, 3.400802], [-76.469752, 3.400803], [-76.469759, 3.400803], [-76.469799, 3.400804], [-76.469841, 3.400806], [-76.469884, 3.400807], [-76.469928, 3.400809], [-76.469954, 3.40081], [-76.469973, 3.400811], [-76.469994, 3.400812], [-76.470018, 3.400812], [-76.470053, 3.400814], [-76.470096, 3.400815], [-76.470126, 3.400817], [-76.47014, 3.400817], [-76.47017, 3.400818], [-76.470215, 3.40082], [-76.470256, 3.400823], [-76.470288, 3.400824], [-76.470329, 3.400827], [-76.470373, 3.400829], [-76.470416, 3.400832], [-76.470432, 3.400832], [-76.470438, 3.400832], [-76.470446, 3.400833], [-76.470487, 3.400834], [-76.470525, 3.400836], [-76.470563, 3.400839], [-76.470587, 3.400842], [-76.47062, 3.400846], [-76.470651, 3.400851], [-76.470661, 3.400852], [-76.470672, 3.400854], [-76.470681, 3.400855], [-76.470708, 3.400859], [-76.470739, 3.400864], [-76.470767, 3.400868], [-76.470798, 3.400872], [-76.470827, 3.400875], [-76.470858, 3.400878], [-76.470865, 3.400878], [-76.470887, 3.40088], [-76.470917, 3.400882], [-76.470926, 3.400883], [-76.470947, 3.400885], [-76.470979, 3.400888], [-76.471013, 3.400891], [-76.471066, 3.400898], [-76.471095, 3.400902], [-76.471101, 3.400903], [-76.471136, 3.400909], [-76.471138, 3.400909], [-76.471175, 3.400914], [-76.471216, 3.40092], [-76.471259, 3.400929], [-76.471304, 3.400935], [-76.471349, 3.400944], [-76.471356, 3.400945], [-76.471392, 3.400951], [-76.471399, 3.400952], [-76.471435, 3.40096], [-76.471477, 3.400967], [-76.471521, 3.400976], [-76.471562, 3.400984], [-76.471599, 3.40099], [-76.471607, 3.400992], [-76.471649, 3.400999], [-76.471673, 3.401002], [-76.471694, 3.401005], [-76.471736, 3.401011], [-76.47178, 3.401017], [-76.47182, 3.401022], [-76.471846, 3.401027], [-76.471858, 3.401028], [-76.471893, 3.401033], [-76.471927, 3.401038], [-76.471942, 3.40104], [-76.47196, 3.401043], [-76.471996, 3.401048], [-76.472034, 3.401055], [-76.47207, 3.401061], [-76.472103, 3.401065], [-76.472121, 3.401068], [-76.472132, 3.40107], [-76.472167, 3.401075], [-76.472201, 3.401079], [-76.472236, 3.401083], [-76.472268, 3.401085], [-76.472278, 3.401086], [-76.472304, 3.401088], [-76.47235, 3.40109], [-76.472379, 3.401091], [-76.472384, 3.401091], [-76.472409, 3.401092], [-76.472438, 3.401093], [-76.472469, 3.401094], [-76.472502, 3.401096], [-76.472552, 3.401097], [-76.472582, 3.401098], [-76.472586, 3.401098], [-76.472612, 3.401097], [-76.472642, 3.401098], [-76.472666, 3.401096], [-76.472708, 3.401093], [-76.472717, 3.401091], [-76.472745, 3.401087], [-76.472793, 3.401079], [-76.472818, 3.401074], [-76.472834, 3.40107], [-76.472861, 3.401064], [-76.472888, 3.401057], [-76.472915, 3.40105], [-76.472942, 3.401042], [-76.472942, 3.401042], [-76.472944, 3.401042], [-76.47295, 3.40104], [-76.47296, 3.401038], [-76.472991, 3.401028], [-76.473033, 3.401013], [-76.473058, 3.401003], [-76.473071, 3.400997], [-76.47308, 3.400993], [-76.473103, 3.400983], [-76.473125, 3.400972], [-76.47316, 3.400951], [-76.47319, 3.400932], [-76.473217, 3.400915], [-76.473225, 3.40091], [-76.473253, 3.400892], [-76.473285, 3.400868], [-76.473305, 3.400856], [-76.473312, 3.400851], [-76.473342, 3.400831], [-76.47337, 3.400808], [-76.473401, 3.400777], [-76.473409, 3.400765], [-76.473417, 3.400755], [-76.473436, 3.40073], [-76.473444, 3.400718], [-76.473456, 3.400701], [-76.473478, 3.400667], [-76.473495, 3.40064], [-76.473503, 3.400626], [-76.473525, 3.400593], [-76.473526, 3.400591], [-76.473547, 3.400559], [-76.473561, 3.400536], [-76.473574, 3.400512], [-76.473577, 3.400507], [-76.473592, 3.400479], [-76.473604, 3.400454], [-76.473607, 3.40045], [-76.473622, 3.400424], [-76.473636, 3.400397], [-76.473636, 3.400397], [-76.47365, 3.400369], [-76.473658, 3.400354], [-76.47368, 3.400308], [-76.473689, 3.400291], [-76.473696, 3.400279], [-76.47371, 3.40025], [-76.473715, 3.40024], [-76.473724, 3.400221], [-76.473739, 3.400192], [-76.47375, 3.400171], [-76.473763, 3.400146], [-76.473764, 3.400143], [-76.47378, 3.400106], [-76.473784, 3.400096], [-76.473796, 3.400071], [-76.473811, 3.400045], [-76.473823, 3.400024], [-76.473837, 3.4], [-76.473844, 3.399987], [-76.47385, 3.399976], [-76.473866, 3.399949], [-76.473878, 3.39993], [-76.473882, 3.399923], [-76.473899, 3.399896], [-76.473915, 3.399868], [-76.473933, 3.39984], [-76.473951, 3.399814], [-76.473971, 3.399787], [-76.473984, 3.399767], [-76.473989, 3.399759], [-76.47399, 3.399758], [-76.474007, 3.399735], [-76.474026, 3.399713], [-76.474041, 3.399695], [-76.474056, 3.399676], [-76.47408, 3.399643], [-76.474097, 3.399624], [-76.474108, 3.399614], [-76.474118, 3.399606], [-76.474151, 3.399573], [-76.474168, 3.399557], [-76.474187, 3.399542], [-76.474218, 3.399519], [-76.474248, 3.3995], [-76.474264, 3.399491], [-76.474282, 3.399481], [-76.474315, 3.399463], [-76.474341, 3.399449], [-76.474367, 3.399437], [-76.474393, 3.399431], [-76.474415, 3.39943], [-76.474428, 3.399429], [-76.474463, 3.399426], [-76.474478, 3.399426], [-76.474499, 3.399426], [-76.474532, 3.399426], [-76.474558, 3.399427], [-76.474584, 3.399428], [-76.474608, 3.399431], [-76.474636, 3.399437], [-76.474641, 3.399438], [-76.474665, 3.399445], [-76.474671, 3.399448], [-76.474693, 3.399457], [-76.474717, 3.399466], [-76.474746, 3.399474], [-76.474785, 3.39949], [-76.474824, 3.399513], [-76.474845, 3.399528], [-76.474859, 3.399538], [-76.47486, 3.399539], [-76.47487, 3.399547], [-76.474906, 3.399574], [-76.474923, 3.39959], [-76.474937, 3.399609], [-76.474951, 3.399627], [-76.474952, 3.399629], [-76.474964, 3.399647], [-76.474967, 3.39965], [-76.474981, 3.399673], [-76.474994, 3.399697], [-76.475009, 3.399725], [-76.475021, 3.399747], [-76.475024, 3.399752], [-76.47504, 3.399779], [-76.47504, 3.399779], [-76.475065, 3.399824], [-76.475079, 3.399851], [-76.47509, 3.399871], [-76.475094, 3.399878], [-76.475104, 3.399896], [-76.47512, 3.399924], [-76.475135, 3.399952], [-76.475146, 3.399976], [-76.475148, 3.399981], [-76.47516, 3.400008], [-76.475161, 3.40001], [-76.475174, 3.400038], [-76.475189, 3.400065], [-76.475199, 3.400087], [-76.475201, 3.400092], [-76.475212, 3.400117], [-76.475217, 3.400127], [-76.475224, 3.400143], [-76.475237, 3.400169], [-76.475249, 3.400197], [-76.475263, 3.400223], [-76.475264, 3.400225], [-76.475278, 3.400254], [-76.475281, 3.400259], [-76.475294, 3.400285], [-76.475306, 3.400307], [-76.475322, 3.400335], [-76.475327, 3.400342], [-76.475338, 3.400362], [-76.475343, 3.400371], [-76.475353, 3.400389], [-76.475378, 3.400432], [-76.475386, 3.400447], [-76.475392, 3.400458], [-76.475402, 3.400476], [-76.475408, 3.400485], [-76.475434, 3.400535], [-76.475451, 3.400566], [-76.475454, 3.40057], [-76.475462, 3.400582], [-76.47547, 3.400593], [-76.475485, 3.40062], [-76.475486, 3.400622], [-76.475502, 3.400648], [-76.475518, 3.400675], [-76.475521, 3.400679], [-76.475536, 3.400704], [-76.475554, 3.400735], [-76.475573, 3.400764], [-76.475593, 3.400792], [-76.475614, 3.400823], [-76.475617, 3.400827], [-76.475634, 3.400852], [-76.475653, 3.400879], [-76.475666, 3.4009], [-76.475671, 3.400908], [-76.475693, 3.400936], [-76.475698, 3.400945], [-76.47571, 3.400962], [-76.475729, 3.40099], [-76.475748, 3.401016], [-76.475751, 3.40102], [-76.475767, 3.401042], [-76.475784, 3.401066], [-76.475798, 3.401085], [-76.475805, 3.401096], [-76.475815, 3.401112], [-76.47583, 3.401133], [-76.475833, 3.401137], [-76.475852, 3.401164], [-76.475869, 3.40119], [-76.475887, 3.401219], [-76.475896, 3.401233], [-76.475912, 3.401258], [-76.475913, 3.40126], [-76.475931, 3.401286], [-76.475948, 3.401313], [-76.475964, 3.401338], [-76.475965, 3.401339], [-76.47598, 3.401359], [-76.475981, 3.40136], [-76.475997, 3.401382], [-76.476011, 3.401403], [-76.476025, 3.401424], [-76.476039, 3.401444], [-76.476044, 3.401451], [-76.476055, 3.401467], [-76.476057, 3.40147], [-76.476071, 3.401488], [-76.476089, 3.401511], [-76.476104, 3.401529], [-76.476106, 3.401532], [-76.476124, 3.401554], [-76.476141, 3.401574], [-76.476152, 3.401587], [-76.476172, 3.401612], [-76.476172, 3.401612], [-76.476201, 3.401646], [-76.476217, 3.401666], [-76.476233, 3.401686], [-76.476245, 3.401702], [-76.476264, 3.401726], [-76.476282, 3.401751], [-76.476296, 3.401769], [-76.476301, 3.401774], [-76.476319, 3.401796], [-76.476338, 3.401819], [-76.476352, 3.401835], [-76.476358, 3.401841], [-76.476369, 3.401853], [-76.476398, 3.401888], [-76.476409, 3.401904], [-76.476415, 3.401912], [-76.476427, 3.401927], [-76.476434, 3.401936], [-76.476451, 3.401959], [-76.476468, 3.401984], [-76.476481, 3.402004], [-76.476498, 3.402027], [-76.476498, 3.402027], [-76.476511, 3.402048], [-76.476519, 3.402062], [-76.476526, 3.402077], [-76.476537, 3.4021], [-76.476558, 3.402136], [-76.476558, 3.402138], [-76.476577, 3.402169], [-76.476582, 3.402178], [-76.476592, 3.4022], [-76.476603, 3.402222], [-76.476613, 3.402246], [-76.476621, 3.402267], [-76.476623, 3.402272], [-76.476633, 3.402299], [-76.476635, 3.402305], [-76.476644, 3.402328], [-76.476657, 3.402359], [-76.476668, 3.402385], [-76.47667, 3.40239], [-76.476685, 3.402421], [-76.4767, 3.402449], [-76.4767, 3.40245], [-76.476714, 3.402476], [-76.476727, 3.4025], [-76.476728, 3.402501], [-76.476738, 3.402523], [-76.476754, 3.402563], [-76.476766, 3.402599], [-76.476768, 3.402603], [-76.47678, 3.402633], [-76.476793, 3.402662], [-76.476795, 3.402665], [-76.47681, 3.402697], [-76.476826, 3.402736], [-76.47683, 3.402746], [-76.476835, 3.402759], [-76.476846, 3.402782], [-76.476864, 3.402825], [-76.476866, 3.402829], [-76.476883, 3.402876], [-76.476888, 3.402897], [-76.47689, 3.402905], [-76.476897, 3.402933], [-76.476902, 3.402955], [-76.476908, 3.402979], [-76.476914, 3.403005], [-76.476918, 3.40302], [-76.476922, 3.403031], [-76.476935, 3.403069], [-76.476941, 3.403086], [-76.476943, 3.40309], [-76.476945, 3.403099], [-76.47695, 3.403118], [-76.476952, 3.403124], [-76.476956, 3.403139], [-76.476961, 3.403163], [-76.476962, 3.403166], [-76.476963, 3.403171], [-76.476968, 3.403202], [-76.476968, 3.403211], [-76.476969, 3.403222], [-76.476969, 3.403229], [-76.47697, 3.403236], [-76.47697, 3.403238], [-76.47697, 3.403242], [-76.47697, 3.403244], [-76.47697, 3.403255], [-76.47697, 3.403256], [-76.476969, 3.403263], [-76.476969, 3.403269], [-76.476969, 3.403273], [-76.476969, 3.403281], [-76.476968, 3.403285], [-76.476967, 3.403324], [-76.476965, 3.403351], [-76.476964, 3.403363], [-76.476962, 3.403402], [-76.476962, 3.403404], [-76.47696, 3.403439], [-76.476959, 3.403442], [-76.476955, 3.403482], [-76.476941, 3.403521], [-76.476936, 3.40353], [-76.476917, 3.403562], [-76.476908, 3.403578], [-76.476906, 3.403582], [-76.476886, 3.40362], [-76.476868, 3.403656], [-76.476862, 3.40367], [-76.476858, 3.403681], [-76.476855, 3.403686], [-76.476844, 3.403707], [-76.476819, 3.403752], [-76.476802, 3.403778], [-76.476794, 3.40379], [-76.476789, 3.403798], [-76.476784, 3.403806], [-76.476783, 3.403807], [-76.476756, 3.403852], [-76.47674, 3.40388], [-76.476726, 3.403906], [-76.476725, 3.403908], [-76.47671, 3.403938], [-76.47671, 3.403939], [-76.476698, 3.403968], [-76.476697, 3.403971], [-76.476682, 3.404006], [-76.476669, 3.404043], [-76.476666, 3.40405], [-76.476653, 3.404081], [-76.476635, 3.404118], [-76.476634, 3.40412], [-76.476616, 3.404157], [-76.476614, 3.404161], [-76.476595, 3.404199], [-76.476574, 3.404234], [-76.476568, 3.404244], [-76.47654, 3.404287], [-76.476511, 3.404327], [-76.476511, 3.404328], [-76.476497, 3.404347], [-76.476491, 3.404355], [-76.476463, 3.404393], [-76.476437, 3.404432], [-76.476409, 3.404471], [-76.476392, 3.404499], [-76.476368, 3.404537], [-76.476355, 3.404557], [-76.476344, 3.404575], [-76.476322, 3.404615], [-76.476306, 3.404642], [-76.476284, 3.404682], [-76.476263, 3.404723], [-76.476241, 3.404761], [-76.476239, 3.404764], [-76.47622, 3.404798], [-76.4762, 3.404836], [-76.476181, 3.404871], [-76.476177, 3.40488], [-76.476162, 3.404907], [-76.476147, 3.40494], [-76.476129, 3.404995], [-76.476121, 3.405031], [-76.476114, 3.405065], [-76.476113, 3.40507], [-76.476107, 3.405106], [-76.476101, 3.405141], [-76.476098, 3.405178], [-76.476093, 3.405209], [-76.476089, 3.405242], [-76.476086, 3.40527], [-76.476084, 3.405297], [-76.476082, 3.405323], [-76.47608, 3.405368], [-76.476081, 3.405403], [-76.476081, 3.405406], [-76.476081, 3.405437], [-76.476085, 3.405467], [-76.476094, 3.405503], [-76.476107, 3.405543], [-76.476127, 3.40559], [-76.476141, 3.405613], [-76.476155, 3.405637], [-76.47617, 3.405661], [-76.476186, 3.405686], [-76.476205, 3.405712], [-76.476219, 3.405732], [-76.476221, 3.405736], [-76.476238, 3.40576], [-76.476256, 3.405784], [-76.476276, 3.405808], [-76.476296, 3.405829], [-76.476315, 3.40585], [-76.476331, 3.405868], [-76.476359, 3.405899], [-76.476387, 3.40593], [-76.476419, 3.405965], [-76.476436, 3.405982], [-76.476453, 3.406], [-76.476457, 3.406005], [-76.476468, 3.406017], [-76.47647, 3.406019], [-76.476489, 3.406038], [-76.476509, 3.406057], [-76.476527, 3.406075], [-76.476547, 3.406093], [-76.476564, 3.406111], [-76.476583, 3.406129], [-76.476601, 3.406146], [-76.476622, 3.406166], [-76.476644, 3.406187], [-76.476666, 3.406209], [-76.476693, 3.406232], [-76.476721, 3.406257], [-76.476749, 3.406282], [-76.476778, 3.406305], [-76.476807, 3.406329], [-76.476835, 3.406351], [-76.47686, 3.406371], [-76.476874, 3.406381], [-76.476885, 3.406389], [-76.476906, 3.406405], [-76.476928, 3.406421], [-76.47695, 3.406436], [-76.476975, 3.406453], [-76.477001, 3.406469], [-76.477028, 3.406486], [-76.477055, 3.406502], [-76.477059, 3.406505], [-76.477084, 3.406521], [-76.477115, 3.406537], [-76.477145, 3.406554], [-76.477174, 3.40657], [-76.477203, 3.406585], [-76.477232, 3.406599], [-76.477262, 3.406613], [-76.477287, 3.406624], [-76.477294, 3.406627], [-76.477326, 3.406641], [-76.477358, 3.406655], [-76.47739, 3.406669], [-76.47742, 3.406682], [-76.477449, 3.406695], [-76.477474, 3.406706], [-76.477497, 3.406717], [-76.477502, 3.40672], [-76.477518, 3.406727], [-76.477557, 3.406748], [-76.477591, 3.406768], [-76.477602, 3.406775], [-76.477624, 3.40679], [-76.477654, 3.406811], [-76.477689, 3.406825], [-76.477725, 3.40684], [-76.477735, 3.406845], [-76.477757, 3.406855], [-76.477797, 3.406875], [-76.477821, 3.406887], [-76.477842, 3.406897], [-76.477867, 3.406909], [-76.477873, 3.406912], [-76.477888, 3.40692], [-76.477908, 3.406931], [-76.477927, 3.406944], [-76.477948, 3.406957], [-76.477968, 3.406974], [-76.477991, 3.406991], [-76.478013, 3.407012], [-76.478032, 3.407026], [-76.478039, 3.407031], [-76.478061, 3.407051], [-76.478085, 3.407072], [-76.478105, 3.407089], [-76.47812, 3.407104], [-76.478121, 3.407106], [-76.478138, 3.407122], [-76.478154, 3.407139], [-76.47818, 3.407163], [-76.478213, 3.407193], [-76.478228, 3.407205], [-76.478237, 3.407213], [-76.478257, 3.40723], [-76.478281, 3.40725], [-76.478302, 3.407265], [-76.478307, 3.407269], [-76.478332, 3.407288], [-76.478353, 3.407307], [-76.478388, 3.407331], [-76.478425, 3.407349], [-76.478449, 3.407363], [-76.478458, 3.407368], [-76.478468, 3.407374], [-76.478473, 3.407378], [-76.478495, 3.407391], [-76.478522, 3.407404], [-76.478541, 3.407414], [-76.478556, 3.407421], [-76.478594, 3.40744], [-76.478636, 3.407458], [-76.478655, 3.407468], [-76.478694, 3.407485], [-76.478715, 3.407496], [-76.478727, 3.407502], [-76.478757, 3.40752], [-76.478784, 3.407538], [-76.478811, 3.407555], [-76.478829, 3.407566], [-76.478867, 3.40759], [-76.478885, 3.407602], [-76.478905, 3.407614], [-76.478942, 3.407637], [-76.478961, 3.40765], [-76.478981, 3.407663], [-76.478989, 3.407668], [-76.479016, 3.407688], [-76.479044, 3.407709], [-76.479064, 3.407724], [-76.479085, 3.407744], [-76.479087, 3.407745], [-76.479096, 3.407755], [-76.479106, 3.407765], [-76.479128, 3.407787], [-76.479153, 3.407813], [-76.479155, 3.407815], [-76.479171, 3.40783], [-76.479187, 3.407846], [-76.479202, 3.407859], [-76.479206, 3.407863], [-76.479239, 3.407895], [-76.479254, 3.407911], [-76.479267, 3.407925], [-76.479289, 3.407949], [-76.479302, 3.407963], [-76.479318, 3.407981], [-76.479342, 3.40801], [-76.479351, 3.408023], [-76.479352, 3.408024], [-76.479362, 3.408037], [-76.479371, 3.408051], [-76.47939, 3.408084], [-76.47939, 3.408084], [-76.479403, 3.40811], [-76.479414, 3.408138], [-76.479424, 3.408164], [-76.479433, 3.408188], [-76.47944, 3.408205], [-76.479441, 3.408207], [-76.479453, 3.408239], [-76.479466, 3.408271], [-76.479475, 3.408298], [-76.479477, 3.408305], [-76.479484, 3.408337], [-76.479485, 3.408342], [-76.479489, 3.408362], [-76.479492, 3.408388], [-76.479493, 3.408414], [-76.479493, 3.408422], [-76.479494, 3.408444], [-76.479495, 3.408476], [-76.479495, 3.408479], [-76.479498, 3.408501], [-76.479499, 3.408513], [-76.479501, 3.408528], [-76.479504, 3.408546], [-76.479506, 3.408556], [-76.479509, 3.40857], [-76.479511, 3.408586], [-76.479512, 3.408587], [-76.479513, 3.408596], [-76.479516, 3.408618], [-76.479519, 3.408638], [-76.479521, 3.40865], [-76.479521, 3.40865], [-76.479523, 3.408675], [-76.479524, 3.408681], [-76.479524, 3.408682], [-76.479526, 3.408703], [-76.479526, 3.408736], [-76.479526, 3.408749], [-76.479526, 3.408751], [-76.479526, 3.408756], [-76.479526, 3.408758], [-76.479526, 3.408778], [-76.479525, 3.408801], [-76.479524, 3.408845], [-76.479524, 3.408851], [-76.479524, 3.408851], [-76.479524, 3.408859], [-76.479524, 3.408859], [-76.479523, 3.408889], [-76.479519, 3.408925], [-76.479518, 3.408933], [-76.479514, 3.408969], [-76.479509, 3.409003], [-76.479509, 3.409004], [-76.479504, 3.40904], [-76.479497, 3.409073], [-76.479492, 3.40909], [-76.479486, 3.409111], [-76.47948, 3.409144], [-76.479476, 3.409166], [-76.479474, 3.409178], [-76.479468, 3.409214], [-76.479461, 3.409248], [-76.479458, 3.409263], [-76.479453, 3.409283], [-76.479446, 3.409325], [-76.479443, 3.409348], [-76.479442, 3.40939], [-76.479441, 3.409427], [-76.479441, 3.409428], [-76.479442, 3.409463], [-76.479442, 3.409496], [-76.479443, 3.40953], [-76.479443, 3.409537], [-76.479444, 3.409568], [-76.479447, 3.409599], [-76.479451, 3.409622], [-76.479453, 3.409631], [-76.479464, 3.409663], [-76.479477, 3.409696], [-76.47949, 3.409732], [-76.479491, 3.409735], [-76.479501, 3.409771], [-76.479507, 3.409801], [-76.479511, 3.409828], [-76.479516, 3.409864], [-76.479524, 3.409903], [-76.479526, 3.409915], [-76.479532, 3.409944], [-76.479536, 3.409965], [-76.479544, 3.409992], [-76.479548, 3.410009], [-76.479555, 3.410048], [-76.479559, 3.410082], [-76.479564, 3.410122], [-76.479566, 3.410137], [-76.479572, 3.410164], [-76.479576, 3.410183], [-76.479584, 3.410212], [-76.479588, 3.41022], [-76.479597, 3.410243], [-76.47961, 3.410277], [-76.479622, 3.410309], [-76.479644, 3.41036], [-76.47965, 3.410375], [-76.479663, 3.410404], [-76.479675, 3.41043], [-76.479683, 3.410448], [-76.479695, 3.410474], [-76.479706, 3.410512], [-76.479711, 3.410526], [-76.479717, 3.410545], [-76.479727, 3.410576], [-76.479738, 3.410605], [-76.479748, 3.410634], [-76.479757, 3.410659], [-76.479764, 3.410682], [-76.479766, 3.410688], [-76.479777, 3.41072], [-76.479792, 3.410757], [-76.479804, 3.410793], [-76.479805, 3.410796], [-76.479815, 3.41083], [-76.479824, 3.410865], [-76.479832, 3.410893], [-76.479835, 3.410902], [-76.479842, 3.410927], [-76.479852, 3.410956], [-76.479863, 3.410988], [-76.479863, 3.41099], [-76.479874, 3.411022], [-76.479877, 3.41103], [-76.479887, 3.411068], [-76.479889, 3.411082], [-76.479892, 3.411093], [-76.479894, 3.411104], [-76.479899, 3.41113], [-76.479901, 3.411143], [-76.47991, 3.411184], [-76.479915, 3.411215], [-76.479918, 3.411228], [-76.479921, 3.411269], [-76.479944, 3.411398], [-76.47995, 3.411433], [-76.479953, 3.41145], [-76.479965, 3.411519], [-76.479966, 3.411526], [-76.479967, 3.411527], [-76.479968, 3.411535], [-76.479977, 3.411586], [-76.479986, 3.411644], [-76.47999, 3.411669], [-76.480005, 3.411764], [-76.480007, 3.411778], [-76.48001, 3.411795], [-76.480011, 3.411805], [-76.480013, 3.411812], [-76.480015, 3.41183], [-76.480017, 3.411842], [-76.480019, 3.411854], [-76.480019, 3.411854], [-76.480021, 3.411865], [-76.480021, 3.411865], [-76.479886, 3.411884], [-76.479677, 3.411889], [-76.47867, 3.411915], [-76.476331, 3.411867], [-76.475921, 3.411846], [-76.47574, 3.411837], [-76.473909, 3.411836], [-76.473718, 3.411735], [-76.473311, 3.411567], [-76.473252, 3.411671], [-76.473223, 3.411717], [-76.473223, 3.411718], [-76.473126, 3.411871], [-76.473037, 3.412045], [-76.472534, 3.412956], [-76.472062, 3.413796], [-76.471894, 3.414132], [-76.471844, 3.41423], [-76.471294, 3.415228], [-76.471098, 3.415594], [-76.470969, 3.415791], [-76.470769, 3.416136], [-76.470462, 3.416617], [-76.470183, 3.417091], [-76.469926, 3.417546], [-76.46929, 3.418684], [-76.468952, 3.419255], [-76.46864, 3.419815], [-76.467886, 3.421164], [-76.467508, 3.421811], [-76.466775, 3.423066], [-76.466561, 3.423525], [-76.466482, 3.423762], [-76.466439, 3.423963], [-76.466404, 3.424229], [-76.466411, 3.424487], [-76.466461, 3.424717], [-76.466503, 3.424889], [-76.466596, 3.425126], [-76.466761, 3.425428], [-76.467103, 3.425858], [-76.467703, 3.426626], [-76.468118, 3.427186], [-76.468582, 3.427761], [-76.469439, 3.428881], [-76.470102, 3.429769], [-76.470271, 3.429989], [-76.470621, 3.430456], [-76.470634, 3.430473], [-76.471164, 3.431149], [-76.471534, 3.431659], [-76.471592, 3.431718], [-76.471931, 3.432172], [-76.472515, 3.432932], [-76.473107, 3.433681], [-76.473247, 3.433835], [-76.473485, 3.434081], [-76.473598, 3.434224], [-76.473638, 3.434282], [-76.473753, 3.434445], [-76.474544, 3.435468], [-76.475169, 3.436288], [-76.475496, 3.436719], [-76.475978, 3.437347], [-76.476365, 3.437873], [-76.476609, 3.438053], [-76.476996, 3.438328], [-76.477257, 3.438513], [-76.480151, 3.440332], [-76.481484, 3.441158], [-76.481684, 3.441212], [-76.48189, 3.441315], [-76.482258, 3.441481], [-76.482347, 3.441344], [-76.482455, 3.441229], [-76.482638, 3.44104], [-76.482992, 3.440771], [-76.483357, 3.44049], [-76.483631, 3.4403], [-76.483856, 3.440236], [-76.483913, 3.440201], [-76.483945, 3.440181], [-76.483955, 3.44018], [-76.484034, 3.440179], [-76.484032, 3.440208], [-76.48405, 3.440385], [-76.484057, 3.440503], [-76.484059, 3.44053], [-76.484065, 3.440617], [-76.484068, 3.441104], [-76.484087, 3.441366], [-76.484125, 3.442888], [-76.48413, 3.443449], [-76.484149, 3.443715], [-76.484152, 3.443836], [-76.484138, 3.443969], [-76.484126, 3.444024], [-76.484126, 3.444024], [-76.484116, 3.444069], [-76.48411, 3.444179], [-76.484108, 3.444223], [-76.484108, 3.444254], [-76.484106, 3.444325], [-76.484101, 3.44436], [-76.484101, 3.444371], [-76.484081, 3.444482], [-76.483852, 3.444493], [-76.483794, 3.444496], [-76.483538, 3.444509], [-76.48262, 3.444572], [-76.482512, 3.44459], [-76.482467, 3.44459], [-76.482332, 3.444618], [-76.482251, 3.444627], [-76.482134, 3.444645], [-76.48172, 3.444717], [-76.481648, 3.444726], [-76.481621, 3.444735], [-76.481585, 3.444735], [-76.481531, 3.444753], [-76.481513, 3.444771], [-76.481486, 3.44478], [-76.481468, 3.444798], [-76.48145, 3.444816], [-76.481432, 3.444834], [-76.481414, 3.444862], [-76.481396, 3.444898], [-76.481378, 3.444934], [-76.481333, 3.445042], [-76.481288, 3.445178], [-76.481162, 3.445504], [-76.481126, 3.445603], [-76.480982, 3.445974], [-76.480937, 3.4461], [-76.480856, 3.446209], [-76.480838, 3.446236], [-76.480532, 3.446589], [-76.48046, 3.44667], [-76.480415, 3.446715], [-76.480379, 3.446761], [-76.480316, 3.44686], [-76.48028, 3.446932], [-76.480262, 3.446978], [-76.480235, 3.447077], [-76.480154, 3.447158], [-76.4801, 3.447213], [-76.479418, 3.447582], [-76.47941, 3.447586], [-76.479396, 3.447594], [-76.479254, 3.447673], [-76.479119, 3.447737], [-76.479056, 3.447753], [-76.478947, 3.447781], [-76.4786, 3.447913], [-76.478469, 3.447966], [-76.478465, 3.447966], [-76.478464, 3.447967], [-76.478443, 3.447976], [-76.478223, 3.44808], [-76.477917, 3.448232], [-76.477783, 3.448308], [-76.47768, 3.448367], [-76.477416, 3.44855], [-76.477325, 3.448624], [-76.477241, 3.448691], [-76.477184, 3.44873], [-76.477136, 3.448798], [-76.477071, 3.448907], [-76.476974, 3.449054], [-76.476971, 3.449059], [-76.47697, 3.449061], [-76.476969, 3.449063], [-76.476968, 3.449063], [-76.476914, 3.449146], [-76.476897, 3.449167], [-76.476866, 3.449206], [-76.476792, 3.449299], [-76.47679, 3.449301], [-76.476785, 3.449295], [-76.476674, 3.449182], [-76.476551, 3.449086], [-76.476405, 3.448974], [-76.476395, 3.448966], [-76.476314, 3.448918], [-76.475824, 3.448629], [-76.475545, 3.448335], [-76.475514, 3.448274], [-76.475425, 3.448099], [-76.475361, 3.447976], [-76.475295, 3.447846], [-76.475288, 3.447806], [-76.475274, 3.447724], [-76.475235, 3.44749], [-76.475224, 3.447423], [-76.475286, 3.447181], [-76.475338, 3.446978], [-76.475502, 3.446389], [-76.475512, 3.446361], [-76.475594, 3.446118], [-76.475689, 3.445835], [-76.475692, 3.445824], [-76.475704, 3.445791], [-76.47572, 3.445743], [-76.475731, 3.44571], [-76.475736, 3.445694], [-76.475738, 3.445637], [-76.475747, 3.445297], [-76.475752, 3.445126], [-76.47577, 3.444981]]]]}, "geometry_name": "the_geom", "properties": {"gid": 21, "id_comuna": 21, "nombre": "Comuna 21", "no_arboles": 6960, "area_m2": 186780.385, "cobarb_ha": 18.678, "arb_habita": 0.062, "arb_eep": 123, "m2_eep": 4940.736, "ha_eep": 0.494, "arb_eep_ro": 0, "m2_eep_ron": 0, "ha_eep_ron": 0, "arb_eec_ep": 1025, "m2_eec_ep": 27506.764, "ha_eec_ep": 2.751, "arb_eec_eq": 0, "m2_eec_eq": 0, "ha_eec_eq": 0, "arb_muerto": 0, "arb_regula": 4746, "arbol_sano": 2158, "arbol_seco": 56}}, {"type": "Feature", "id": "emc_amb_sos_car_censo_arboreo_comuna.fid--215d4958_1a10e591eea_-c3", "geometry": {"type": "MultiPolygon", "coordinates": [[[[-76.542288, 3.375068], [-76.542189, 3.374649], [-76.542104, 3.374439], [-76.542095, 3.374414], [-76.542035, 3.374245], [-76.54194, 3.37407], [-76.541816, 3.373876], [-76.541652, 3.373646], [-76.541414, 3.373416], [-76.541196, 3.373227], [-76.540937, 3.373057], [-76.540481, 3.372822], [-76.540329, 3.372746], [-76.539572, 3.372363], [-76.538579, 3.371839], [-76.537948, 3.371495], [-76.537506, 3.371195], [-76.537143, 3.371016], [-76.536667, 3.370781], [-76.535882, 3.370482], [-76.533842, 3.369434], [-76.531518, 3.368241], [-76.530912, 3.367926], [-76.530311, 3.367607], [-76.529809, 3.367354], [-76.529727, 3.367312], [-76.529204, 3.367048], [-76.528523, 3.366689], [-76.527757, 3.366343], [-76.52705, 3.366025], [-76.526939, 3.365975], [-76.526532, 3.36576], [-76.526117, 3.365522], [-76.526033, 3.365474], [-76.525966, 3.365436], [-76.525811, 3.365325], [-76.525729, 3.365266], [-76.525708, 3.365251], [-76.525701, 3.365246], [-76.525488, 3.365074], [-76.525435, 3.365032], [-76.525327, 3.364912], [-76.525191, 3.364763], [-76.525182, 3.364752], [-76.525173, 3.364741], [-76.525023, 3.364547], [-76.524811, 3.364211], [-76.524809, 3.364208], [-76.524806, 3.364201], [-76.524688, 3.363972], [-76.52463, 3.363859], [-76.524613, 3.3638], [-76.524531, 3.363529], [-76.524467, 3.36323], [-76.524442, 3.363028], [-76.524417, 3.362826], [-76.52433, 3.362449], [-76.524321, 3.362378], [-76.524309, 3.362305], [-76.524296, 3.362142], [-76.524293, 3.362099], [-76.524289, 3.362057], [-76.524284, 3.362004], [-76.524275, 3.361923], [-76.524243, 3.36168], [-76.524221, 3.361483], [-76.524201, 3.36137], [-76.524194, 3.361328], [-76.524186, 3.361161], [-76.524185, 3.361126], [-76.524148, 3.360884], [-76.524094, 3.360394], [-76.524062, 3.360147], [-76.52404, 3.359909], [-76.523976, 3.359437], [-76.523944, 3.359149], [-76.523927, 3.359021], [-76.523917, 3.358952], [-76.523885, 3.35865], [-76.523836, 3.358247], [-76.523813, 3.357991], [-76.523722, 3.357263], [-76.5237, 3.357034], [-76.523686, 3.356856], [-76.523662, 3.356555], [-76.523659, 3.356521], [-76.523627, 3.356215], [-76.5236, 3.355794], [-76.523564, 3.3554], [-76.523537, 3.355052], [-76.523514, 3.354811], [-76.523482, 3.35448], [-76.523437, 3.35389], [-76.523387, 3.35329], [-76.52336, 3.353015], [-76.523388, 3.352635], [-76.52342, 3.352191], [-76.523438, 3.351825], [-76.523489, 3.35107], [-76.523496, 3.351029], [-76.523557, 3.350663], [-76.523681, 3.349944], [-76.523841, 3.349052], [-76.523935, 3.348463], [-76.524029, 3.347874], [-76.52411, 3.347363], [-76.524119, 3.347299], [-76.524139, 3.347077], [-76.524142, 3.347036], [-76.524173, 3.346456], [-76.524213, 3.345568], [-76.524214, 3.344685], [-76.524214, 3.344641], [-76.524219, 3.344248], [-76.524258, 3.343778], [-76.524267, 3.343576], [-76.524274, 3.343429], [-76.524296, 3.34296], [-76.5243, 3.34288], [-76.524326, 3.342143], [-76.524329, 3.34203], [-76.524365, 3.341386], [-76.524375, 3.340996], [-76.52442, 3.340391], [-76.524443, 3.339859], [-76.524465, 3.339544], [-76.524485, 3.339232], [-76.524527, 3.338794], [-76.524552, 3.338501], [-76.524547, 3.338313], [-76.524534, 3.337892], [-76.524505, 3.337737], [-76.524395, 3.33713], [-76.524308, 3.336825], [-76.524238, 3.336577], [-76.524208, 3.336452], [-76.524133, 3.336134], [-76.524071, 3.335875], [-76.524018, 3.335645], [-76.523943, 3.335302], [-76.523943, 3.335302], [-76.523979, 3.335288], [-76.523979, 3.335288], [-76.524308, 3.33516], [-76.524656, 3.335025], [-76.524896, 3.334932], [-76.524897, 3.334932], [-76.524897, 3.334932], [-76.525006, 3.334887], [-76.525009, 3.334886], [-76.525025, 3.334879], [-76.525082, 3.334855], [-76.525229, 3.334795], [-76.525237, 3.334792], [-76.525387, 3.334746], [-76.525445, 3.334736], [-76.525458, 3.334734], [-76.525591, 3.33471], [-76.525653, 3.334699], [-76.525811, 3.334694], [-76.525815, 3.334693], [-76.525837, 3.334693], [-76.526044, 3.334692], [-76.526211, 3.334701], [-76.526221, 3.334702], [-76.526265, 3.334704], [-76.526287, 3.334706], [-76.52635, 3.334718], [-76.526429, 3.334733], [-76.526505, 3.334749], [-76.526537, 3.334756], [-76.526763, 3.334834], [-76.526848, 3.334863], [-76.526919, 3.33489], [-76.527221, 3.335006], [-76.527231, 3.33501], [-76.527422, 3.335072], [-76.527429, 3.335073], [-76.527523, 3.33509], [-76.527584, 3.335099], [-76.527715, 3.335119], [-76.527766, 3.335127], [-76.527882, 3.335144], [-76.527896, 3.335146], [-76.528118, 3.335158], [-76.528186, 3.335162], [-76.528347, 3.335147], [-76.528515, 3.335132], [-76.528576, 3.335119], [-76.528723, 3.335088], [-76.528759, 3.33508], [-76.528772, 3.335076], [-76.528958, 3.33502], [-76.528994, 3.335009], [-76.529041, 3.334989], [-76.52918, 3.334931], [-76.529185, 3.334929], [-76.529375, 3.334833], [-76.529384, 3.334829], [-76.52953, 3.334752], [-76.529562, 3.334735], [-76.529766, 3.334627], [-76.529786, 3.334616], [-76.529795, 3.334612], [-76.5299, 3.334556], [-76.529946, 3.334532], [-76.52999, 3.334509], [-76.530153, 3.334424], [-76.530249, 3.334374], [-76.530365, 3.334313], [-76.530656, 3.334161], [-76.530671, 3.334152], [-76.530848, 3.334056], [-76.530873, 3.334043], [-76.530916, 3.334019], [-76.530966, 3.333993], [-76.531029, 3.333958], [-76.531198, 3.333869], [-76.53126, 3.333837], [-76.531351, 3.333789], [-76.531362, 3.333784], [-76.531532, 3.333697], [-76.53167, 3.333626], [-76.531793, 3.333564], [-76.531938, 3.333492], [-76.532105, 3.333408], [-76.532113, 3.333404], [-76.532121, 3.333401], [-76.53231, 3.333326], [-76.532378, 3.333305], [-76.532382, 3.333304], [-76.532523, 3.333262], [-76.532525, 3.333261], [-76.532604, 3.333233], [-76.532611, 3.333231], [-76.532636, 3.333222], [-76.532641, 3.333221], [-76.532641, 3.333221], [-76.532641, 3.333221], [-76.532753, 3.333208], [-76.532841, 3.333197], [-76.532947, 3.333185], [-76.533014, 3.333178], [-76.533145, 3.333169], [-76.533254, 3.333163], [-76.533357, 3.333156], [-76.533445, 3.333151], [-76.533461, 3.33315], [-76.533606, 3.33314], [-76.533618, 3.333139], [-76.533662, 3.333136], [-76.533751, 3.33313], [-76.53379, 3.333127], [-76.534057, 3.333109], [-76.534139, 3.333102], [-76.534236, 3.333094], [-76.534242, 3.333094], [-76.53462, 3.333062], [-76.53479, 3.333048], [-76.534835, 3.333044], [-76.535023, 3.333033], [-76.535112, 3.333027], [-76.53519, 3.333022], [-76.535261, 3.333018], [-76.535392, 3.33301], [-76.535551, 3.333], [-76.535553, 3.333], [-76.535771, 3.332991], [-76.53593, 3.332984], [-76.536024, 3.332981], [-76.536134, 3.332976], [-76.536134, 3.332976], [-76.536263, 3.332967], [-76.53646, 3.332953], [-76.536473, 3.332953], [-76.536535, 3.332948], [-76.536555, 3.332947], [-76.536763, 3.332933], [-76.536991, 3.332917], [-76.537113, 3.332908], [-76.537392, 3.332889], [-76.537609, 3.332874], [-76.537718, 3.332866], [-76.53783, 3.332858], [-76.537836, 3.332858], [-76.537888, 3.332854], [-76.538048, 3.332844], [-76.538241, 3.332831], [-76.538322, 3.332826], [-76.538417, 3.33282], [-76.538713, 3.332799], [-76.53887, 3.332789], [-76.539206, 3.332765], [-76.539314, 3.332758], [-76.539329, 3.332757], [-76.539374, 3.332753], [-76.539451, 3.332748], [-76.539654, 3.332734], [-76.5398, 3.332724], [-76.539835, 3.332721], [-76.540074, 3.332705], [-76.540213, 3.332695], [-76.540232, 3.332694], [-76.540684, 3.332665], [-76.540729, 3.332662], [-76.540741, 3.332661], [-76.540794, 3.332658], [-76.540875, 3.332651], [-76.541157, 3.332625], [-76.541325, 3.33261], [-76.541688, 3.332578], [-76.541734, 3.332574], [-76.54176, 3.332572], [-76.541937, 3.33256], [-76.54218, 3.332544], [-76.542274, 3.332538], [-76.54232, 3.332535], [-76.542769, 3.332505], [-76.542839, 3.332501], [-76.543052, 3.332487], [-76.543089, 3.332484], [-76.543356, 3.332468], [-76.543425, 3.332464], [-76.543454, 3.332463], [-76.543955, 3.332433], [-76.543999, 3.33243], [-76.54403, 3.332428], [-76.544398, 3.332406], [-76.544541, 3.332398], [-76.544592, 3.332395], [-76.544596, 3.332394], [-76.544642, 3.332392], [-76.545089, 3.332365], [-76.545503, 3.33234], [-76.545731, 3.332327], [-76.545794, 3.332323], [-76.546111, 3.332304], [-76.546475, 3.332282], [-76.546612, 3.332274], [-76.546955, 3.332254], [-76.547066, 3.332238], [-76.547125, 3.33223], [-76.547514, 3.332177], [-76.54758, 3.332168], [-76.547756, 3.332144], [-76.548088, 3.332099], [-76.54824, 3.332078], [-76.54846, 3.332048], [-76.548621, 3.332026], [-76.549042, 3.331968], [-76.549162, 3.331951], [-76.549213, 3.331944], [-76.549218, 3.331944], [-76.549526, 3.331902], [-76.549697, 3.331878], [-76.549778, 3.331867], [-76.54993, 3.331846], [-76.55038, 3.331802], [-76.55038, 3.331802], [-76.55038, 3.331802], [-76.55038, 3.331802], [-76.550406, 3.331867], [-76.550412, 3.331881], [-76.550433, 3.331932], [-76.550467, 3.332], [-76.550502, 3.332069], [-76.550543, 3.332192], [-76.550554, 3.332224], [-76.550609, 3.332382], [-76.550674, 3.3325], [-76.550677, 3.332505], [-76.55075, 3.332605], [-76.550843, 3.332708], [-76.550903, 3.332779], [-76.550906, 3.332782], [-76.550927, 3.332807], [-76.550931, 3.332811], [-76.550931, 3.332812], [-76.550952, 3.332835], [-76.55096, 3.332845], [-76.55097, 3.332858], [-76.55097, 3.332858], [-76.550988, 3.332881], [-76.551026, 3.332931], [-76.551034, 3.332946], [-76.55104, 3.332957], [-76.551048, 3.332967], [-76.551077, 3.333029], [-76.551079, 3.333032], [-76.551131, 3.333137], [-76.551133, 3.333144], [-76.551133, 3.333144], [-76.551167, 3.333269], [-76.551181, 3.333391], [-76.551184, 3.333527], [-76.551184, 3.333559], [-76.551195, 3.33363], [-76.551179, 3.333745], [-76.55117, 3.333818], [-76.551162, 3.333891], [-76.551129, 3.333961], [-76.551031, 3.334066], [-76.550957, 3.334157], [-76.550857, 3.334315], [-76.550814, 3.334411], [-76.550769, 3.334555], [-76.550752, 3.33462], [-76.55074, 3.334665], [-76.550721, 3.334768], [-76.550676, 3.334943], [-76.550621, 3.335041], [-76.550617, 3.335044], [-76.550603, 3.335051], [-76.55051, 3.335103], [-76.550458, 3.335223], [-76.550401, 3.335338], [-76.550263, 3.335516], [-76.550249, 3.335516], [-76.550235, 3.335519], [-76.550212, 3.335524], [-76.550203, 3.335526], [-76.550182, 3.335531], [-76.550173, 3.335533], [-76.550163, 3.335534], [-76.550148, 3.335536], [-76.550139, 3.335537], [-76.550125, 3.335541], [-76.550066, 3.335591], [-76.550064, 3.3356], [-76.55006, 3.335612], [-76.550053, 3.335633], [-76.550048, 3.335647], [-76.550044, 3.33566], [-76.550041, 3.335671], [-76.550036, 3.335682], [-76.550022, 3.335711], [-76.550003, 3.335739], [-76.549996, 3.335747], [-76.54999, 3.335756], [-76.549983, 3.335766], [-76.549975, 3.335777], [-76.549967, 3.33579], [-76.549961, 3.335799], [-76.549955, 3.335809], [-76.549948, 3.335824], [-76.549944, 3.335833], [-76.549941, 3.335843], [-76.549935, 3.335868], [-76.549933, 3.33588], [-76.549932, 3.335902], [-76.549933, 3.335917], [-76.549935, 3.335931], [-76.549936, 3.335943], [-76.549937, 3.335957], [-76.549937, 3.335966], [-76.549937, 3.335977], [-76.549938, 3.335992], [-76.549943, 3.336032], [-76.549945, 3.336041], [-76.549948, 3.336051], [-76.549954, 3.336072], [-76.549957, 3.336085], [-76.54996, 3.336094], [-76.549963, 3.336106], [-76.549966, 3.336117], [-76.549967, 3.336129], [-76.549968, 3.336141], [-76.549968, 3.336153], [-76.549968, 3.336169], [-76.549968, 3.336183], [-76.549966, 3.336229], [-76.549965, 3.336239], [-76.549964, 3.336255], [-76.549963, 3.336264], [-76.549961, 3.336326], [-76.549962, 3.336358], [-76.549962, 3.336376], [-76.549963, 3.336386], [-76.549963, 3.336396], [-76.549962, 3.336407], [-76.549961, 3.336418], [-76.54996, 3.336428], [-76.549958, 3.336448], [-76.549955, 3.336464], [-76.549951, 3.33648], [-76.549938, 3.336527], [-76.549936, 3.336536], [-76.549934, 3.33655], [-76.54993, 3.336562], [-76.549927, 3.336574], [-76.549926, 3.336587], [-76.549924, 3.3366], [-76.549922, 3.336631], [-76.549922, 3.336649], [-76.54992, 3.336699], [-76.54992, 3.336716], [-76.54992, 3.336734], [-76.54992, 3.336743], [-76.54992, 3.336764], [-76.549922, 3.336785], [-76.549923, 3.336797], [-76.549923, 3.336816], [-76.549923, 3.336836], [-76.549924, 3.336846], [-76.549927, 3.336872], [-76.549929, 3.336886], [-76.54993, 3.336903], [-76.549932, 3.336921], [-76.549937, 3.336941], [-76.549944, 3.336967], [-76.549949, 3.336991], [-76.549953, 3.337011], [-76.549955, 3.337022], [-76.549959, 3.337041], [-76.54996, 3.337044], [-76.549962, 3.337052], [-76.549964, 3.337062], [-76.549965, 3.337077], [-76.549966, 3.337092], [-76.549967, 3.337104], [-76.54997, 3.337115], [-76.549972, 3.337126], [-76.549978, 3.337137], [-76.549985, 3.337145], [-76.549999, 3.337156], [-76.550011, 3.337163], [-76.550025, 3.337171], [-76.550031, 3.337275], [-76.550031, 3.337342], [-76.550045, 3.337448], [-76.550083, 3.337568], [-76.550076, 3.337613], [-76.550073, 3.337625], [-76.550071, 3.337642], [-76.550071, 3.337652], [-76.55007, 3.337694], [-76.55007, 3.337706], [-76.550071, 3.337719], [-76.550072, 3.337734], [-76.550072, 3.337748], [-76.550069, 3.337776], [-76.550064, 3.337821], [-76.550062, 3.337851], [-76.550064, 3.33792], [-76.550067, 3.337973], [-76.550068, 3.338011], [-76.55007, 3.338039], [-76.550073, 3.338071], [-76.550076, 3.338108], [-76.550079, 3.338149], [-76.55008, 3.338165], [-76.550081, 3.338191], [-76.550081, 3.338215], [-76.550081, 3.338227], [-76.550081, 3.338244], [-76.550079, 3.338267], [-76.550078, 3.338279], [-76.550079, 3.338293], [-76.550081, 3.338312], [-76.550086, 3.338328], [-76.550093, 3.338346], [-76.550099, 3.338356], [-76.550105, 3.338367], [-76.550116, 3.33839], [-76.550121, 3.3384], [-76.550125, 3.338409], [-76.550127, 3.338419], [-76.550129, 3.338429], [-76.550129, 3.338439], [-76.55013, 3.338452], [-76.550129, 3.338466], [-76.550129, 3.338479], [-76.55013, 3.338501], [-76.550131, 3.338512], [-76.550132, 3.338524], [-76.550135, 3.338538], [-76.550137, 3.338552], [-76.550141, 3.338566], [-76.550144, 3.33858], [-76.550147, 3.338592], [-76.550153, 3.338613], [-76.550161, 3.33865], [-76.550163, 3.338659], [-76.550166, 3.338671], [-76.550169, 3.338683], [-76.550174, 3.338696], [-76.550181, 3.33871], [-76.550186, 3.338721], [-76.550196, 3.338741], [-76.5502, 3.338751], [-76.550208, 3.33877], [-76.550212, 3.338782], [-76.550214, 3.338793], [-76.550216, 3.338822], [-76.550217, 3.338832], [-76.550217, 3.338844], [-76.550222, 3.338895], [-76.550228, 3.338916], [-76.550232, 3.33893], [-76.550239, 3.338947], [-76.550244, 3.338962], [-76.550253, 3.338989], [-76.550265, 3.339017], [-76.550275, 3.339037], [-76.55028, 3.33905], [-76.550285, 3.339063], [-76.550291, 3.339075], [-76.550295, 3.339085], [-76.550298, 3.339096], [-76.550302, 3.339109], [-76.550308, 3.339121], [-76.550315, 3.339135], [-76.550319, 3.339144], [-76.550323, 3.339153], [-76.550328, 3.339162], [-76.550332, 3.339171], [-76.550336, 3.33918], [-76.550339, 3.339188], [-76.550351, 3.339219], [-76.550353, 3.339224], [-76.55036, 3.339244], [-76.550366, 3.339263], [-76.55038, 3.339304], [-76.550386, 3.339321], [-76.550389, 3.339329], [-76.550396, 3.339345], [-76.550408, 3.339371], [-76.550417, 3.339394], [-76.550422, 3.339405], [-76.550426, 3.339414], [-76.550432, 3.339429], [-76.550437, 3.339441], [-76.550437, 3.339443], [-76.550441, 3.339456], [-76.550445, 3.339465], [-76.550453, 3.339487], [-76.550457, 3.339497], [-76.550467, 3.339516], [-76.550472, 3.339524], [-76.55048, 3.339534], [-76.550487, 3.339543], [-76.550495, 3.339552], [-76.550502, 3.339562], [-76.550508, 3.339573], [-76.550513, 3.339583], [-76.550518, 3.339592], [-76.550523, 3.3396], [-76.55053, 3.339612], [-76.550536, 3.339625], [-76.55054, 3.339633], [-76.550545, 3.339645], [-76.550549, 3.339658], [-76.550553, 3.339669], [-76.550559, 3.339679], [-76.550565, 3.339692], [-76.550572, 3.339707], [-76.55058, 3.33972], [-76.550585, 3.339728], [-76.550591, 3.339736], [-76.550597, 3.339745], [-76.550608, 3.339759], [-76.550616, 3.339769], [-76.55063, 3.339786], [-76.550636, 3.339793], [-76.550646, 3.339803], [-76.55066, 3.339818], [-76.550668, 3.339826], [-76.550686, 3.339843], [-76.550697, 3.339853], [-76.550704, 3.339928], [-76.550733, 3.339976], [-76.55079, 3.340043], [-76.550842, 3.34011], [-76.550871, 3.340167], [-76.55089, 3.34022], [-76.55089, 3.340273], [-76.55089, 3.340335], [-76.550895, 3.340402], [-76.550923, 3.340478], [-76.550956, 3.340515], [-76.550971, 3.340531], [-76.551004, 3.340579], [-76.551028, 3.340617], [-76.551028, 3.340651], [-76.551052, 3.340679], [-76.55109, 3.340708], [-76.551095, 3.34077], [-76.551128, 3.340804], [-76.551147, 3.340818], [-76.551218, 3.340856], [-76.551261, 3.34088], [-76.551318, 3.340923], [-76.551361, 3.340957], [-76.551395, 3.340986], [-76.551398, 3.340994], [-76.551399, 3.340996], [-76.551418, 3.341043], [-76.551418, 3.341062], [-76.551433, 3.341067], [-76.551504, 3.34112], [-76.551542, 3.341153], [-76.551561, 3.341244], [-76.551571, 3.341316], [-76.551576, 3.341359], [-76.551609, 3.341416], [-76.55161, 3.341423], [-76.551611, 3.341427], [-76.551611, 3.341427], [-76.551624, 3.341501], [-76.551627, 3.341506], [-76.551644, 3.341535], [-76.551657, 3.341558], [-76.551663, 3.341565], [-76.551669, 3.341577], [-76.551675, 3.341592], [-76.551679, 3.341606], [-76.551682, 3.341621], [-76.551683, 3.341636], [-76.551683, 3.341646], [-76.551683, 3.341665], [-76.551681, 3.341694], [-76.551679, 3.341706], [-76.551677, 3.341722], [-76.551676, 3.341738], [-76.551674, 3.341754], [-76.551673, 3.341768], [-76.55167, 3.34178], [-76.551668, 3.341792], [-76.551666, 3.341804], [-76.551665, 3.341816], [-76.551661, 3.341829], [-76.551656, 3.341843], [-76.551652, 3.341859], [-76.551647, 3.341874], [-76.551644, 3.341888], [-76.55164, 3.341911], [-76.551632, 3.341965], [-76.55163, 3.34199], [-76.551629, 3.342034], [-76.55163, 3.342073], [-76.551631, 3.3421], [-76.551633, 3.342142], [-76.551636, 3.342164], [-76.551642, 3.342197], [-76.551642, 3.342199], [-76.551642, 3.342201], [-76.551611, 3.3422], [-76.551565, 3.342267], [-76.551546, 3.342295], [-76.551546, 3.342295], [-76.551545, 3.342298], [-76.551521, 3.342366], [-76.551488, 3.342462], [-76.551456, 3.342553], [-76.551423, 3.342647], [-76.551393, 3.342733], [-76.551372, 3.342793], [-76.551361, 3.342826], [-76.551328, 3.342921], [-76.551316, 3.342953], [-76.551279, 3.34306], [-76.551254, 3.343133], [-76.551222, 3.343225], [-76.551179, 3.343346], [-76.551169, 3.343376], [-76.551157, 3.343409], [-76.551121, 3.343515], [-76.551104, 3.343562], [-76.55108, 3.34363], [-76.551073, 3.34365], [-76.551013, 3.343824], [-76.550982, 3.343911], [-76.550926, 3.344073], [-76.550923, 3.34408], [-76.550916, 3.344101], [-76.550859, 3.344263], [-76.55083, 3.344347], [-76.550727, 3.344642], [-76.550632, 3.344916], [-76.550534, 3.345195], [-76.550508, 3.345269], [-76.550431, 3.345492], [-76.550421, 3.34552], [-76.550404, 3.345568], [-76.550403, 3.345571], [-76.5504, 3.34558], [-76.550343, 3.345743], [-76.550333, 3.345773], [-76.55025, 3.346009], [-76.550133, 3.346346], [-76.55005, 3.346582], [-76.549938, 3.346905], [-76.549936, 3.346909], [-76.54989, 3.347041], [-76.549864, 3.347117], [-76.549831, 3.347211], [-76.549687, 3.347623], [-76.549672, 3.347667], [-76.549646, 3.347742], [-76.549636, 3.34777], [-76.549467, 3.348256], [-76.54939, 3.348475], [-76.549388, 3.34848], [-76.549379, 3.348508], [-76.549326, 3.348658], [-76.549227, 3.348942], [-76.549141, 3.34919], [-76.549121, 3.349247], [-76.549107, 3.349287], [-76.548967, 3.349687], [-76.548912, 3.349844], [-76.548857, 3.350004], [-76.548844, 3.350041], [-76.548771, 3.350251], [-76.548755, 3.350295], [-76.548742, 3.350314], [-76.548736, 3.350322], [-76.548621, 3.35049], [-76.548521, 3.350633], [-76.548461, 3.350721], [-76.548361, 3.350866], [-76.548319, 3.350927], [-76.548195, 3.351105], [-76.548175, 3.351134], [-76.548047, 3.35132], [-76.547979, 3.351418], [-76.547797, 3.351682], [-76.547706, 3.351813], [-76.54761, 3.351952], [-76.547609, 3.351954], [-76.54741, 3.352241], [-76.547339, 3.352344], [-76.547305, 3.352393], [-76.54719, 3.352559], [-76.547166, 3.352595], [-76.547066, 3.35274], [-76.546866, 3.353028], [-76.546812, 3.353107], [-76.54676, 3.353181], [-76.546748, 3.353199], [-76.546717, 3.353243], [-76.546661, 3.353326], [-76.546631, 3.353368], [-76.546626, 3.353376], [-76.546598, 3.353416], [-76.546598, 3.353416], [-76.546598, 3.353416], [-76.546599, 3.353422], [-76.546602, 3.353435], [-76.546602, 3.353435], [-76.546603, 3.353437], [-76.546624, 3.353529], [-76.546625, 3.353535], [-76.546629, 3.35355], [-76.54664, 3.353598], [-76.546674, 3.35375], [-76.546687, 3.353803], [-76.546688, 3.35381], [-76.546695, 3.353839], [-76.546715, 3.353928], [-76.546739, 3.354031], [-76.546747, 3.354064], [-76.546751, 3.354084], [-76.546761, 3.354125], [-76.546763, 3.354135], [-76.546789, 3.354249], [-76.546798, 3.354286], [-76.546828, 3.35442], [-76.546837, 3.35446], [-76.546866, 3.354583], [-76.546876, 3.354629], [-76.546884, 3.354661], [-76.546898, 3.354721], [-76.546901, 3.354738], [-76.546911, 3.35478], [-76.546914, 3.354794], [-76.546928, 3.354853], [-76.546933, 3.354874], [-76.546933, 3.354875], [-76.546939, 3.354903], [-76.546942, 3.354913], [-76.546942, 3.354917], [-76.546949, 3.354946], [-76.54695, 3.354948], [-76.546952, 3.354957], [-76.546952, 3.354957], [-76.546952, 3.35496], [-76.546951, 3.354961], [-76.54695, 3.354961], [-76.546867, 3.355014], [-76.546573, 3.355201], [-76.546483, 3.355259], [-76.545977, 3.355581], [-76.545651, 3.355788], [-76.545401, 3.355947], [-76.544927, 3.356249], [-76.544926, 3.356249], [-76.54475, 3.356361], [-76.544696, 3.356396], [-76.544535, 3.356498], [-76.544518, 3.356509], [-76.544402, 3.356582], [-76.54425, 3.356679], [-76.544281, 3.356728], [-76.54428, 3.356737], [-76.544278, 3.356746], [-76.544278, 3.356755], [-76.54428, 3.356764], [-76.544281, 3.356773], [-76.54428, 3.356782], [-76.54428, 3.356791], [-76.54428, 3.3568], [-76.54428, 3.356809], [-76.54428, 3.356818], [-76.544281, 3.356827], [-76.544282, 3.356836], [-76.544285, 3.356844], [-76.544289, 3.356853], [-76.544292, 3.356862], [-76.544296, 3.35687], [-76.544308, 3.356882], [-76.544315, 3.356889], [-76.544321, 3.356894], [-76.544328, 3.356901], [-76.544335, 3.356906], [-76.544341, 3.356913], [-76.544347, 3.35692], [-76.544353, 3.356927], [-76.544359, 3.356933], [-76.544363, 3.356941], [-76.544369, 3.356952], [-76.544372, 3.35696], [-76.544373, 3.356969], [-76.544374, 3.356978], [-76.544377, 3.356986], [-76.544382, 3.356994], [-76.544389, 3.357001], [-76.544398, 3.35701], [-76.544404, 3.357017], [-76.54441, 3.357024], [-76.544416, 3.35703], [-76.544423, 3.357036], [-76.544429, 3.357043], [-76.544436, 3.357049], [-76.544443, 3.357054], [-76.54445, 3.357061], [-76.544456, 3.357067], [-76.544462, 3.357073], [-76.544467, 3.357081], [-76.544471, 3.35709], [-76.544475, 3.357098], [-76.544479, 3.357106], [-76.544482, 3.357114], [-76.544487, 3.357122], [-76.544491, 3.357129], [-76.544497, 3.357137], [-76.544502, 3.357144], [-76.544507, 3.357152], [-76.544512, 3.357159], [-76.544515, 3.357167], [-76.54452, 3.357175], [-76.544524, 3.357184], [-76.544527, 3.357192], [-76.544531, 3.3572], [-76.544534, 3.357209], [-76.544537, 3.357217], [-76.54454, 3.357226], [-76.544542, 3.357234], [-76.544543, 3.35724], [-76.544543, 3.357243], [-76.544545, 3.357252], [-76.544546, 3.357261], [-76.544546, 3.35727], [-76.544545, 3.357279], [-76.54453, 3.357303], [-76.544527, 3.357337], [-76.544524, 3.357372], [-76.544518, 3.357443], [-76.544502, 3.357624], [-76.544495, 3.3577], [-76.544366, 3.359202], [-76.542416, 3.361035], [-76.542057, 3.361373], [-76.542055, 3.361375], [-76.542078, 3.361403], [-76.542141, 3.361484], [-76.542345, 3.361742], [-76.542376, 3.361782], [-76.542403, 3.361815], [-76.542634, 3.362109], [-76.54274, 3.362243], [-76.542877, 3.362418], [-76.543013, 3.362589], [-76.543168, 3.362786], [-76.543298, 3.36295], [-76.543434, 3.363123], [-76.543562, 3.363286], [-76.543646, 3.363392], [-76.543738, 3.363509], [-76.543786, 3.363569], [-76.543982, 3.363818], [-76.54409, 3.363955], [-76.544255, 3.364164], [-76.5443, 3.364221], [-76.544394, 3.364341], [-76.544407, 3.364356], [-76.544414, 3.364365], [-76.544438, 3.364396], [-76.544474, 3.364442], [-76.544475, 3.364443], [-76.544529, 3.364511], [-76.545881, 3.366226], [-76.54598, 3.366351], [-76.54605, 3.36644], [-76.546293, 3.366749], [-76.546413, 3.3669], [-76.546605, 3.367144], [-76.546632, 3.367178], [-76.546721, 3.367291], [-76.546781, 3.367367], [-76.546987, 3.367629], [-76.54704, 3.367696], [-76.547241, 3.367951], [-76.547279, 3.367999], [-76.547515, 3.368298], [-76.547526, 3.368312], [-76.547718, 3.368555], [-76.547892, 3.368776], [-76.547946, 3.368844], [-76.548189, 3.369152], [-76.548325, 3.369325], [-76.548378, 3.369393], [-76.548559, 3.369621], [-76.548564, 3.369628], [-76.548783, 3.369905], [-76.548822, 3.369956], [-76.548908, 3.370064], [-76.548939, 3.370103], [-76.549007, 3.370176], [-76.549027, 3.370201], [-76.549028, 3.370202], [-76.549074, 3.370258], [-76.549067, 3.370292], [-76.549064, 3.370316], [-76.549064, 3.370361], [-76.549059, 3.370406], [-76.549051, 3.370467], [-76.54905, 3.370529], [-76.549038, 3.370557], [-76.549029, 3.370593], [-76.54902, 3.370648], [-76.54902, 3.370702], [-76.548993, 3.370765], [-76.548948, 3.37082], [-76.548885, 3.370838], [-76.548804, 3.370856], [-76.548732, 3.370856], [-76.548678, 3.370838], [-76.548642, 3.37081], [-76.548588, 3.370756], [-76.548525, 3.370702], [-76.548472, 3.370648], [-76.548418, 3.370575], [-76.548355, 3.370521], [-76.548301, 3.370476], [-76.548274, 3.370449], [-76.548229, 3.370422], [-76.548202, 3.370394], [-76.548175, 3.370385], [-76.54813, 3.370376], [-76.548103, 3.370349], [-76.548067, 3.370322], [-76.548004, 3.370286], [-76.547941, 3.370241], [-76.547878, 3.370205], [-76.547842, 3.370177], [-76.547788, 3.37015], [-76.547725, 3.370132], [-76.547671, 3.370132], [-76.547617, 3.370141], [-76.547581, 3.37015], [-76.547554, 3.370168], [-76.547518, 3.370205], [-76.5475, 3.370241], [-76.547482, 3.370295], [-76.547482, 3.37034], [-76.547491, 3.370376], [-76.547527, 3.370449], [-76.547608, 3.370539], [-76.547671, 3.370584], [-76.547716, 3.37063], [-76.547752, 3.370684], [-76.547806, 3.37072], [-76.54786, 3.370756], [-76.547941, 3.370829], [-76.548004, 3.370892], [-76.548049, 3.370955], [-76.548076, 3.371], [-76.548076, 3.371037], [-76.548076, 3.371064], [-76.548067, 3.371109], [-76.548049, 3.371136], [-76.548022, 3.371136], [-76.547977, 3.371118], [-76.547941, 3.371109], [-76.547905, 3.3711], [-76.547851, 3.371109], [-76.547806, 3.371136], [-76.547734, 3.371163], [-76.54768, 3.37119], [-76.547617, 3.371217], [-76.547563, 3.371217], [-76.547518, 3.371217], [-76.547482, 3.371208], [-76.547455, 3.371172], [-76.547419, 3.371127], [-76.547383, 3.371064], [-76.547365, 3.371009], [-76.547329, 3.370946], [-76.547293, 3.370901], [-76.54723, 3.370838], [-76.547167, 3.370801], [-76.547113, 3.370774], [-76.547059, 3.370738], [-76.546996, 3.370702], [-76.546933, 3.370666], [-76.546852, 3.370639], [-76.546789, 3.370611], [-76.546717, 3.370593], [-76.546636, 3.370566], [-76.546591, 3.370539], [-76.546519, 3.370539], [-76.54642, 3.370548], [-76.546312, 3.370566], [-76.546168, 3.37062], [-76.546033, 3.370675], [-76.545907, 3.37072], [-76.545754, 3.370783], [-76.545646, 3.370837], [-76.545574, 3.370883], [-76.545475, 3.370955], [-76.545358, 3.371], [-76.545259, 3.371018], [-76.545169, 3.371027], [-76.545115, 3.371036], [-76.54507, 3.371036], [-76.545016, 3.371054], [-76.544908, 3.371082], [-76.544764, 3.371145], [-76.544611, 3.371199], [-76.544494, 3.371253], [-76.544431, 3.371281], [-76.544377, 3.371299], [-76.544305, 3.371335], [-76.544215, 3.371362], [-76.544152, 3.371398], [-76.544107, 3.371434], [-76.54408, 3.371479], [-76.54408, 3.371525], [-76.544125, 3.371579], [-76.544206, 3.371615], [-76.544287, 3.371669], [-76.54435, 3.371697], [-76.544422, 3.371715], [-76.544458, 3.371733], [-76.544494, 3.371778], [-76.544566, 3.371805], [-76.544629, 3.371832], [-76.544683, 3.371859], [-76.544719, 3.371877], [-76.544782, 3.371905], [-76.544845, 3.371932], [-76.544908, 3.371986], [-76.544962, 3.372058], [-76.544998, 3.372122], [-76.545034, 3.372212], [-76.545079, 3.372321], [-76.545106, 3.372393], [-76.545124, 3.372456], [-76.54516, 3.372529], [-76.545187, 3.372601], [-76.545205, 3.372691], [-76.545205, 3.372746], [-76.545205, 3.372836], [-76.545196, 3.372899], [-76.545187, 3.372981], [-76.545169, 3.373053], [-76.545115, 3.373198], [-76.545097, 3.373243], [-76.545097, 3.373315], [-76.545106, 3.37337], [-76.545133, 3.373424], [-76.545151, 3.373487], [-76.545142, 3.373578], [-76.545124, 3.373659], [-76.545079, 3.373704], [-76.545025, 3.373749], [-76.54498, 3.373768], [-76.544935, 3.373777], [-76.544881, 3.373777], [-76.544827, 3.373767], [-76.544746, 3.373749], [-76.544683, 3.373722], [-76.544629, 3.373695], [-76.544593, 3.373686], [-76.544548, 3.373686], [-76.544494, 3.373713], [-76.544449, 3.37374], [-76.544386, 3.373786], [-76.54435, 3.373813], [-76.544332, 3.373858], [-76.544341, 3.373903], [-76.54435, 3.373957], [-76.544377, 3.373994], [-76.544422, 3.37403], [-76.54444, 3.374066], [-76.544449, 3.374102], [-76.544467, 3.374156], [-76.544467, 3.374193], [-76.544476, 3.374238], [-76.544476, 3.374274], [-76.544467, 3.37431], [-76.544422, 3.374337], [-76.544395, 3.374364], [-76.54435, 3.374401], [-76.544341, 3.374437], [-76.544314, 3.374482], [-76.544269, 3.374572], [-76.544209, 3.374641], [-76.544206, 3.374645], [-76.544116, 3.374735], [-76.544044, 3.374789], [-76.54399, 3.374835], [-76.543954, 3.374871], [-76.543918, 3.374907], [-76.543792, 3.374907], [-76.543666, 3.37488], [-76.543531, 3.374862], [-76.543414, 3.374844], [-76.543315, 3.374807], [-76.543198, 3.374771], [-76.54309, 3.374744], [-76.543027, 3.374699], [-76.542982, 3.374681], [-76.542928, 3.374699], [-76.542874, 3.374762], [-76.542829, 3.374825], [-76.542775, 3.374925], [-76.54273, 3.375015], [-76.542694, 3.375097], [-76.542658, 3.375178], [-76.542631, 3.375261], [-76.542571, 3.375313], [-76.542481, 3.375378], [-76.54243, 3.375426], [-76.542394, 3.375472], [-76.542388, 3.375476], [-76.542387, 3.375476], [-76.542288, 3.375068]]]]}, "geometry_name": "the_geom", "properties": {"gid": 22, "id_comuna": 22, "nombre": "Comuna 22", "no_arboles": 11236, "area_m2": 519666.61, "cobarb_ha": 51.967, "arb_habita": 1.007, "arb_eep": 4, "m2_eep": 356.178, "ha_eep": 0.036, "arb_eep_ro": 3274, "m2_eep_ron": 149313.247, "ha_eep_ron": 14.931, "arb_eec_ep": 84, "m2_eec_ep": 5987.381, "ha_eec_ep": 0.599, "arb_eec_eq": 3159, "m2_eec_eq": 155666.788, "ha_eec_eq": 15.567, "arb_muerto": 0, "arb_regula": 8319, "arbol_sano": 2819, "arbol_seco": 98}}], "totalFeatures": 22, "numberMatched": 22, "numberReturned": 22, "timeStamp": "2026-10-06T01:08:53.579Z", "crs": {"type": "name", "properties": {"name": "urn:ogc:def:crs:EPSG::4326"}}, "fuente": "F04", "url": "https://ws-idesc.cali.gov.co/geoserver/wfs?service=WFS&version=1.0.0&request=GetFeature&typeName=expediente_municipal%3Aemc_amb_sos_car_censo_arboreo_comuna&outputFormat=application%2Fjson&srsName=EPSG%3A4326", "capa": "expediente_municipal:emc_amb_sos_car_censo_arboreo_comuna", "vigencia": "capa vigente IDESC", "probado": "2026-10-05"}